date,btc_open,btc_high,btc_low,btc_close,eur_open,eur_high,eur_low,eur_close,gold_open,gold_high,gold_low,gold_close,gold_data_open,gold_data_high,gold_data_low,gold_data_close,irr_open,irr_high,irr_low,irr_close,irr_usd_data_open,irr_usd_data_high,irr_usd_data_low,irr_usd_data_close,japan_open,japan_high,japan_low,japan_close,japan_volume,japan_data_open,japan_data_high,japan_data_low,japan_data_close,japan_data_volume,lmt_open,lmt_high,lmt_low,lmt_close,lmt_volume,noc_open,noc_high,noc_low,noc_close,noc_volume,noc_data_open,noc_data_high,noc_data_low,noc_data_close,noc_data_volume,oil_close,oil_open,oil_high,oil_low,oil_volume,oil_change_percent,pltr_open,pltr_high,pltr_low,pltr_close,pltr_volume,qqq_open,qqq_high,qqq_low,qqq_close,qqq_volume,rtx_open,rtx_high,rtx_low,rtx_close,rtx_volume,rtx_data_open,rtx_data_high,rtx_data_low,rtx_data_close,rtx_data_volume,spy_open,spy_high,spy_low,spy_close,spy_volume,spy_data_open,spy_data_high,spy_data_low,spy_data_close,spy_data_volume,uk_open,uk_high,uk_low,uk_close,uk_volume,united states 10-year bond yield historical data_close,united states 10-year bond yield historical data_open,united states 10-year bond yield historical data_high,united states 10-year bond yield historical data_low,usbond_close,usbond_open,usbond_high,usbond_low
2021-04-15,63075.19531,63821.67188,62208.96484,63314.01172,1.19824,1.19931,1.19579,1.19861,1737.099976,1769.91003,1734.10498,1763.20837,1737.099976,1769.91003,1734.10498,1763.20837,2.38095e-05,2.38095e-05,2.38095e-05,2.38095e-05,2.38095e-05,2.38095e-05,2.38095e-05,2.38095e-05,69.87,69.96,69.78,69.88,6310800,69.87,69.96,69.78,69.88,6310800,388.67001,392.0,387.70001,390.63,1289400,341.85001,345.63,340.59,344.59,850500,341.85001,345.63,340.59,344.59,850500,63.51,62.97,63.62,62.61,243640.0,0.46,24.01,24.059999,22.69,23.15,58849300,339.47,342.01001,336.22,341.60999,36342800,78.16,78.28,76.98,77.97,5106500,78.16,78.28,76.98,77.97,5106500,413.73999,416.16,413.69,415.87,60229800,413.73999,416.16,413.69,415.87,60229800,32.5,32.6,32.46,32.6,3904400,1.574,1.641,1.646,1.528,1.574,1.641,1.646,1.528
2021-04-16,63258.50391,63594.72266,60222.53125,61572.78906,1.19707,1.19947,1.19509,1.19717,1763.84497,1784.074951,1759.78503,1776.3064,1763.84497,1784.074951,1759.78503,1776.3064,2.38095e-05,2.38095e-05,2.38095e-05,2.38095e-05,2.38095e-05,2.38095e-05,2.38095e-05,2.38095e-05,69.93,69.96,69.79,69.96,3184400,69.93,69.96,69.79,69.96,3184400,392.82001,394.34,389.79999,391.81,1499500,346.57999,347.82001,343.67001,346.42999,1867300,346.57999,347.82001,343.67001,346.42999,1867300,63.19,63.35,63.94,62.88,265800.0,-0.5,22.86,23.26,22.3,22.47,46627700,342.14999,342.23001,340.079987,342.01001,40860100,78.59,78.59,77.050003,78.22,7629700,78.59,78.59,77.050003,78.22,7629700,417.25,417.91,415.73001,417.26001,82037300,417.25,417.91,415.73001,417.26001,82037300,32.72,32.86,32.63,32.81,3433500,1.59,1.565,1.599,1.552,1.59,1.565,1.599,1.552
2021-04-19,56191.58594,57520.05469,54368.59375,55724.26562,1.19683,1.20482,1.19434,1.19695,1779.5,1790.53503,1765.97998,1769.31006,1779.5,1790.53503,1765.97998,1769.31006,2.38095e-05,2.38095e-05,2.38095e-05,2.38095e-05,2.38095e-05,2.38095e-05,2.38095e-05,2.38095e-05,69.76,69.81,69.050003,69.29,11056300,69.76,69.81,69.050003,69.29,11056300,392.0,392.39001,386.62,391.73001,1317600,347.0,347.25,342.79999,344.64001,817500,347.0,347.25,342.79999,344.64001,817500,63.43,63.01,63.69,62.67,279370.0,0.38,22.15,22.33,21.53,21.94,45753900,340.39001,341.57999,336.89999,338.88,34533100,78.12,78.73,77.74,78.59,6265600,78.12,78.73,77.74,78.59,6265600,416.26001,416.73999,413.79001,415.20999,78498500,416.26001,416.73999,413.79001,415.20999,78498500,33.02,33.099998,32.94,33.029999,3286600,1.61,1.578,1.617,1.552,1.61,1.578,1.617,1.552
2021-04-20,55681.79297,57062.14844,53448.04688,56473.03125,1.20438,1.20817,1.20288,1.20453,1770.30005,1780.76501,1763.18005,1777.2533,1770.30005,1780.76501,1763.18005,1777.2533,2.38095e-05,2.38095e-05,2.38095e-05,2.38095e-05,2.38095e-05,2.38095e-05,2.38095e-05,2.38095e-05,68.050003,68.15,67.55,67.79,9035400,68.050003,68.15,67.55,67.79,9035400,388.0,391.5,384.62,387.32999,1370100,344.79999,346.60999,343.16,345.14001,800300,344.79999,346.60999,343.16,345.14001,800300,62.67,63.53,64.38,61.49,476050.0,-1.2,21.96,22.55,21.24,21.78,47123100,338.20001,339.51999,334.38,336.41,38081800,77.8,77.91,76.07,77.089996,8692700,77.8,77.91,76.07,77.089996,8692700,413.91,415.089996,410.59,412.17001,81851800,413.91,415.089996,410.59,412.17001,81851800,32.66,32.66,32.27,32.4,5668900,1.566,1.598,1.633,1.557,1.566,1.598,1.633,1.557
2021-04-21,56471.12891,56757.97266,53695.46875,53906.08984,1.20325,1.20453,1.2,1.20324,1778.6449,1797.97998,1775.95496,1793.46167,1778.6449,1797.97998,1775.95496,1793.46167,2.38095e-05,2.38095e-05,2.38095e-05,2.38095e-05,2.38095e-05,2.38095e-05,2.38095e-05,2.38095e-05,67.6,68.41,67.57,68.37,7032100,67.6,68.41,67.57,68.37,7032100,387.51999,390.89001,384.95001,387.23999,1358500,345.12,346.54999,343.54001,345.51999,748700,345.12,346.54999,343.54001,345.51999,748700,61.27,62.33,62.47,60.79,123250.0,-2.23,21.65,22.64,21.43,22.63,42641400,335.089996,339.48001,333.97,339.29001,36598100,76.81,78.94,76.4,78.87,5186900,76.81,78.94,76.4,78.87,5186900,411.51001,416.29001,411.35999,416.070007,66793000,411.51001,416.29001,411.35999,416.070007,66793000,32.25,32.66,32.24,32.65,2538000,1.559,1.564,1.586,1.554,1.559,1.564,1.586,1.554
2021-04-22,53857.10547,55410.23047,50583.8125,51762.27344,1.20382,1.207,1.20039,1.20378,1794.15002,1798.28503,1776.82996,1783.93994,1794.15002,1798.28503,1776.82996,1783.93994,2.38095e-05,2.38095e-05,2.38095e-05,2.38095e-05,2.38095e-05,2.38095e-05,2.38095e-05,2.38095e-05,68.93,68.98,68.36,68.49,7019600,68.93,68.98,68.36,68.49,7019600,386.76999,386.76999,378.39999,380.089996,1670500,344.13,345.19,341.78,343.42999,728000,344.13,345.19,341.78,343.42999,728000,61.34,61.05,61.79,60.55,99270.0,0.11,22.94,23.51,22.51,22.86,51346400,338.89001,339.89999,334.01001,335.20001,45936100,78.99,79.91,78.55,78.74,6706800,78.99,79.91,78.55,78.74,6706800,415.89001,416.78,411.13,412.26999,97582800,415.89001,416.78,411.13,412.26999,97582800,32.42,32.49,32.2,32.26,3071700,1.542,1.554,1.587,1.531,1.542,1.554,1.587,1.531
2021-04-23,51739.80859,52120.79297,47714.66406,51093.65234,1.20179,1.2078,1.20139,1.20148,1784.32996,1796.060059,1770.054565,1777.18005,1784.32996,1796.060059,1770.054565,1777.18005,2.38095e-05,2.38095e-05,2.38095e-05,2.38095e-05,2.38095e-05,2.38095e-05,2.38095e-05,2.38095e-05,68.73,69.31,68.69,69.099998,8746300,68.73,69.31,68.69,69.099998,8746300,378.59,378.59,373.32001,377.29001,1298000,342.95999,343.79999,340.10999,342.040009,1012900,342.95999,343.79999,340.10999,342.040009,1012900,62.02,61.56,62.3,61.14,104730.0,1.11,22.89,23.55,22.74,23.41,32052800,335.85001,340.76999,335.85001,339.42001,36381900,78.81,80.76,78.81,80.54,7139200,78.81,80.76,78.81,80.54,7139200,412.87,418.25,412.79001,416.73999,73209200,412.87,418.25,412.79001,416.73999,73209200,32.3,32.57,32.28,32.46,2595400,1.559,1.547,1.582,1.531,1.559,1.547,1.582,1.531
2021-04-26,49077.79297,54288.00391,48852.79688,54021.75391,1.20896,1.21183,1.20637,1.20899,1776.34497,1783.69104,1768.70496,1780.18994,1776.34497,1783.69104,1768.70496,1780.18994,2.38095e-05,2.38095e-05,2.38095e-05,2.38095e-05,2.38095e-05,2.38095e-05,2.38095e-05,2.38095e-05,68.93,69.040001,68.69,68.84,6010900,68.93,69.040001,68.69,68.84,6010900,374.28,375.31,370.72,371.98001,1518100,342.049988,342.98999,336.56,337.79999,892500,342.049988,342.98999,336.56,337.79999,892500,61.8,62.03,62.18,60.56,103530.0,-0.35,23.69,24.26,23.46,24.11,33667600,339.67001,341.92001,338.89999,341.63,30812000,81.0,82.07,80.8,81.0,12145600,81.0,82.07,80.8,81.0,12145600,417.44,418.22,416.81,417.60999,52182400,417.44,418.22,416.81,417.60999,52182400,32.62,32.7,32.6,32.64,5486000,1.568,1.563,1.599,1.556,1.568,1.563,1.599,1.556
2021-04-27,54030.30469,55416.96484,53319.1875,55033.11719,1.20792,1.20919,1.20579,1.20817,1780.42004,1785.90002,1773.51501,1776.68994,1780.42004,1785.90002,1773.51501,1776.68994,2.38095e-05,2.38095e-05,2.38095e-05,2.38095e-05,2.38095e-05,2.38095e-05,2.38095e-05,2.38095e-05,67.99,68.14,67.88,68.0,3852800,67.99,68.14,67.88,68.0,3852800,371.5,374.23999,370.14001,373.22,1564900,337.39001,340.87,336.029999,339.87,738200,337.39001,340.87,336.029999,339.87,738200,62.8,61.8,63.15,61.8,111620.0,1.62,24.17,24.26,23.57,23.88,27678300,341.92999,342.14999,339.17001,340.14999,33187200,82.76,83.69,80.88,82.81,11082400,82.76,83.69,80.88,82.81,11082400,417.92999,418.14001,416.29999,417.51999,51303100,417.92999,418.14001,416.29999,417.51999,51303100,32.57,32.66,32.53,32.63,1245000,1.625,1.57,1.63,1.57,1.625,1.57,1.63,1.57
2021-04-28,55036.63672,56227.20703,53887.91797,54824.70312,1.20885,1.21021,1.20576,1.20903,1776.79504,1782.84998,1762.56494,1781.32373,1776.79504,1782.84998,1762.56494,1781.32373,2.38095e-05,2.38095e-05,2.38095e-05,2.38095e-05,2.38095e-05,2.38095e-05,2.38095e-05,2.38095e-05,67.95,68.19,67.84,67.98,4592300,67.95,68.19,67.84,67.98,4592300,373.45999,373.88,370.95001,372.94,1110400,340.26999,340.26999,336.57001,338.37,763600,340.26999,340.26999,336.57001,338.37,763600,63.75,62.92,64.37,62.54,127270.0,1.51,23.67,24.17,23.42,23.85,22068100,339.81,340.85001,338.32999,339.0,33615700,81.48,83.12,81.48,83.080002,7164200,81.48,83.12,81.48,83.080002,7164200,417.81,419.01001,416.89999,417.39999,51238900,417.81,419.01001,416.89999,417.39999,51238900,32.62,32.82,32.61,32.8,1976100,1.611,1.62,1.661,1.608,1.611,1.62,1.661,1.608
2021-04-29,54858.08984,55115.84375,52418.02734,53555.10938,1.21358,1.21521,1.21042,1.21359,1780.90002,1790.42505,1756.19495,1771.24329,1780.90002,1790.42505,1756.19495,1771.24329,2.38095e-05,2.38095e-05,2.38095e-05,2.38095e-05,2.38095e-05,2.38095e-05,2.38095e-05,2.38095e-05,68.13,68.2,67.64,68.040001,5639800,68.13,68.2,67.64,68.040001,5639800,375.0,381.98001,374.84,380.35001,1385600,342.0,354.17001,341.60999,352.22,1320900,342.0,354.17001,341.60999,352.22,1320900,64.88,63.59,65.32,63.53,119350.0,1.77,23.87,24.14,22.81,23.37,36770100,342.37,342.79999,336.89999,340.22,37708900,83.56,83.8,82.51,82.87,6237000,83.56,83.8,82.51,82.87,6237000,420.32001,420.72,416.44,420.059998,78544300,420.32001,420.72,416.44,420.059998,78544300,33.02,33.02,32.69,32.86,3137200,1.641,1.615,1.69,1.615,1.641,1.615,1.69,1.615
2021-04-30,53568.66406,57900.71875,53129.60156,57750.17578,1.21249,1.21286,1.20247,1.21271,1772.89502,1773.97998,1763.72998,1768.58997,1772.89502,1773.97998,1763.72998,1768.58997,2.38095e-05,2.38095e-05,2.38095e-05,2.38095e-05,2.38095e-05,2.38095e-05,2.38095e-05,2.38095e-05,67.69,67.8,67.19,67.42,6545900,67.69,67.8,67.19,67.42,6545900,378.85999,382.0,377.60001,380.56,1103700,353.82999,356.88,352.23001,354.44,1275200,353.82999,356.88,352.23001,354.44,1275200,63.48,64.76,64.83,63.0,159450.0,-2.16,23.18,23.55,22.84,23.040001,24717300,337.70001,340.26001,337.049988,337.98999,38263400,82.55,83.41,82.35,83.24,5616000,82.55,83.41,82.35,83.24,5616000,417.63,418.54001,416.34,417.29999,85527000,417.63,418.54001,416.34,417.29999,85527000,32.77,32.88,32.41,32.53,3953800,1.626,1.645,1.659,1.62,1.626,1.645,1.659,1.62
2021-05-03,56620.27344,58973.30859,56590.87109,57200.29297,1.20265,1.2078,1.20149,1.20278,1768.495,1798.22498,1765.91003,1792.36145,1768.495,1798.22498,1765.91003,1792.36145,2.38095e-05,2.38095e-05,2.38095e-05,2.38095e-05,2.38095e-05,2.38095e-05,2.38095e-05,2.38095e-05,67.91,68.25,67.79,68.22,5433700,67.91,68.25,67.79,68.22,5433700,379.76999,386.39001,379.059998,385.31,1347400,352.040009,362.82999,352.040009,361.0,1041700,352.040009,362.82999,352.040009,361.0,1041700,64.41,63.48,64.58,62.82,86700.0,1.47,23.01,23.08,22.21,22.3,33934400,339.23001,340.0,335.73001,336.19,29729700,83.8,84.45,83.28,84.14,5828800,83.8,84.45,83.28,84.14,5828800,419.42999,419.84,417.67001,418.20001,68128300,419.42999,419.84,417.67001,418.20001,68128300,32.85,33.029999,32.78,33.0,4460900,1.599,1.631,1.655,1.578,1.599,1.631,1.655,1.578
2021-05-04,57214.17969,57214.17969,53191.42578,53333.53906,1.20598,1.2063,1.2,1.20613,1792.29004,1799.375,1770.84497,1778.48315,1792.29004,1799.375,1770.84497,1778.48315,2.38095e-05,2.38095e-05,2.38095e-05,2.38095e-05,2.38095e-05,2.38095e-05,2.38095e-05,2.38095e-05,67.66,67.82,67.010002,67.36,8011900,67.66,67.82,67.010002,67.36,8011900,387.25,390.14999,384.54001,387.48001,1509600,362.64001,368.51001,361.5,368.12,1128600,362.64001,368.51001,361.5,368.12,1128600,65.61,64.43,66.12,64.21,148650.0,1.86,21.94,22.2,20.87,21.64,63429600,333.56,333.89001,326.20999,330.14001,65147000,84.12,84.59,83.15,83.94,9306900,84.12,84.59,83.15,83.94,9306900,416.070007,416.60001,411.67001,415.62,101591200,416.070007,416.60001,411.67001,415.62,101591200,32.67,32.8,32.44,32.66,3424700,1.591,1.605,1.624,1.557,1.591,1.605,1.624,1.557
2021-05-05,53252.16406,57911.36328,52969.05469,57424.00781,1.20163,1.20294,1.19872,1.2015,1778.91003,1788.34863,1769.95496,1786.44397,1778.91003,1788.34863,1769.95496,1786.44397,2.38095e-05,2.38095e-05,2.38095e-05,2.38095e-05,2.38095e-05,2.38095e-05,2.38095e-05,2.38095e-05,67.87,68.4,67.81,68.17,10408400,67.87,68.4,67.81,68.17,10408400,386.34,387.48001,381.70999,386.37,1079300,368.45999,373.23999,366.47,372.98999,1455900,368.45999,373.23999,366.47,372.98999,1455900,65.59,66.2,66.67,64.89,187510.0,-0.03,21.81,21.94,20.97,21.15,39134700,332.25,333.14001,328.23001,329.029999,46219300,83.63,84.67,83.54,84.13,4658200,83.63,84.67,83.54,84.13,4658200,417.38,417.63,415.14999,415.75,60162200,417.38,417.63,415.14999,415.75,60162200,32.95,33.19,32.91,33.17,2200300,1.571,1.592,1.626,1.568,1.571,1.592,1.626,1.568
2021-05-06,57441.30859,58363.31641,55382.50781,56396.51562,1.20091,1.207,1.1994,1.2008,1787.094971,1818.21497,1781.66504,1815.17834,1787.094971,1818.21497,1781.66504,1815.17834,2.38095e-05,2.38095e-05,2.38095e-05,2.38095e-05,2.38095e-05,2.38095e-05,2.38095e-05,2.38095e-05,68.17,68.73,68.07,68.72,12271100,68.17,68.73,68.07,68.72,12271100,387.98999,389.29999,386.0,387.34,1079500,374.01001,375.92999,368.29999,370.049988,1072700,374.01001,375.92999,368.29999,370.049988,1072700,64.67,65.26,65.93,64.47,117490.0,-1.4,21.02,21.02,19.41,20.09,92201100,328.76001,331.67001,326.45001,331.51001,46814300,84.81,84.9,83.53,84.68,4903900,84.81,84.9,83.53,84.68,4903900,415.82999,419.20999,413.67999,419.070007,74321400,415.82999,419.20999,413.67999,419.070007,74321400,33.2,33.43,33.040001,33.43,2176800,1.57,1.58,1.591,1.557,1.57,1.58,1.591,1.557
2021-05-07,56413.95312,58606.63281,55321.84766,57356.40234,1.20659,1.21654,1.20534,1.20685,1815.47998,1843.45496,1812.9032,1830.47705,1815.47998,1843.45496,1812.9032,1830.47705,2.38095e-05,2.38095e-05,2.38095e-05,2.38095e-05,2.38095e-05,2.38095e-05,2.38095e-05,2.38095e-05,68.67,69.13,68.55,69.059998,7396500,68.67,69.13,68.55,69.059998,7396500,387.0,392.60001,385.89001,390.34,1203700,369.17999,372.70999,366.25,370.63,959600,369.17999,372.70999,366.25,370.63,959600,64.88,64.86,65.2,63.89,168370.0,0.32,20.3,20.75,19.58,19.75,63725500,334.37,336.64999,331.69,334.20001,53324500,84.81,85.93,84.14,85.71,6056000,84.81,85.93,84.14,85.71,6056000,419.89001,422.82001,419.16,422.12,67733800,419.89001,422.82001,419.16,422.12,67733800,33.51,33.91,33.44,33.89,2840400,1.579,1.566,1.584,1.469,1.579,1.566,1.584,1.469
2021-05-10,58250.87109,59519.35547,54071.45703,55859.79688,1.21675,1.21773,1.21374,1.21711,1833.245,1845.53003,1830.089966,1835.43994,1833.245,1845.53003,1830.089966,1835.43994,2.38095e-05,2.38095e-05,2.38095e-05,2.38095e-05,2.38095e-05,2.38095e-05,2.38095e-05,2.38095e-05,69.53,69.58,68.88,68.92,8289300,69.53,69.58,68.88,68.92,8289300,391.35999,396.98999,391.29001,393.14001,1578600,373.29999,378.60999,373.29999,373.79999,714800,373.29999,378.60999,373.29999,373.79999,714800,64.93,65.25,66.0,63.96,193200.0,0.08,19.28,19.3,18.18,18.47,104670500,332.78,332.95999,325.54999,325.76001,60700500,86.86,87.040001,84.93,85.040001,9042600,86.86,87.040001,84.93,85.040001,9042600,422.5,422.73999,417.81,417.94,81852400,422.5,422.73999,417.81,417.94,81852400,34.13,34.2,33.9,33.92,4249000,1.604,1.586,1.609,1.559,1.604,1.586,1.609,1.559
2021-05-11,55847.24219,56872.54297,54608.65234,56704.57422,1.21421,1.21797,1.21255,1.21409,1834.58496,1842.32495,1817.68005,1836.93994,1834.58496,1842.32495,1817.68005,1836.93994,2.38095e-05,2.38095e-05,2.38095e-05,2.38095e-05,2.38095e-05,2.38095e-05,2.38095e-05,2.38095e-05,67.32,67.86,67.13,67.75,9958500,67.32,67.86,67.13,67.75,9958500,391.029999,391.67999,384.41,387.82001,1353200,372.029999,374.079987,365.98001,368.29999,954500,372.029999,374.079987,365.98001,368.29999,954500,65.3,64.94,65.51,63.71,195320.0,0.57,17.2,20.3,17.055,20.21,203230500,319.70001,326.13,319.019989,325.31,71963600,84.24,85.2,83.35,84.33,6708100,84.24,85.2,83.35,84.33,6708100,413.10001,415.26999,410.059998,414.20999,116888000,413.10001,415.26999,410.059998,414.20999,116888000,33.26,33.53,33.21,33.41,3418700,1.622,1.602,1.631,1.586,1.622,1.602,1.631,1.586
2021-05-12,56714.53125,57939.36328,49150.53516,49150.53516,1.21455,1.21507,1.20681,1.21445,1837.39502,1843.68994,1813.0,1815.43994,1837.39502,1843.68994,1813.0,1815.43994,2.38095e-05,2.38095e-05,2.38095e-05,2.38095e-05,2.38095e-05,2.38095e-05,2.38095e-05,2.38095e-05,66.51,66.74,65.23,65.43,13944500,66.51,66.74,65.23,65.43,13944500,387.97,390.35001,380.20001,380.62,1633700,368.62,371.57999,363.12,363.14999,999600,368.62,371.57999,363.12,363.14999,999600,66.1,65.44,66.63,64.98,256700.0,1.23,20.0,20.0,18.51,18.89,128281500,320.23001,322.62,316.0,316.89001,91164900,84.23,84.86,82.22,82.28,6086800,84.23,84.86,82.22,82.28,6086800,411.23001,412.59,404.0,405.41,134811000,411.23001,412.59,404.0,405.41,134811000,33.53,33.72,33.22,33.31,2787100,1.693,1.629,1.701,1.609,1.693,1.629,1.701,1.609
2021-05-13,49735.43359,51330.84375,46980.01953,49716.19141,1.20769,1.21065,1.20531,1.20785,1815.89502,1828.81006,1808.77502,1826.56995,1815.89502,1828.81006,1808.77502,1826.56995,2.38095e-05,2.38095e-05,2.38095e-05,2.38095e-05,2.38095e-05,2.38095e-05,2.38095e-05,2.38095e-05,65.38,66.080002,65.38,65.97,9473200,65.38,66.080002,65.38,65.97,9473200,381.78,390.38,380.95001,387.76999,1105800,362.82999,372.76001,362.54001,370.059998,757000,362.82999,372.76001,362.54001,370.059998,757000,63.84,65.78,65.83,63.12,247680.0,-3.42,19.14,19.47,17.82,18.37,87811600,319.92001,322.39999,316.89999,319.34,69877800,82.3,84.28,82.14,83.78,4701200,82.3,84.28,82.14,83.78,4701200,407.070007,412.35001,407.019989,410.28,106394000,407.070007,412.35001,407.019989,410.28,106394000,33.02,33.4,32.98,33.35,3767000,1.659,1.702,1.707,1.651,1.659,1.702,1.707,1.651
2021-05-14,49682.98047,51438.11719,48868.57812,49880.53516,1.20802,1.21477,1.20715,1.20773,1826.495,1845.54504,1819.78503,1842.18994,1826.495,1845.54504,1819.78503,1842.18994,2.38095e-05,2.38095e-05,2.38095e-05,2.38095e-05,2.38095e-05,2.38095e-05,2.38095e-05,2.38095e-05,66.69,67.029999,66.65,67.010002,6792500,66.69,67.029999,66.65,67.010002,6792500,390.17001,392.10001,388.59,390.78,799800,371.0,372.89999,370.16,371.60999,757100,371.0,372.89999,370.16,371.60999,757100,65.36,63.84,65.6,63.35,246220.0,2.38,18.82,20.2,18.53,20.08,79409500,322.60001,327.32999,322.079987,326.39001,44370000,84.45,86.07,84.36,85.88,4989200,84.45,86.07,84.36,85.88,4989200,413.20999,417.48999,413.17999,416.57999,82201600,413.20999,417.48999,413.17999,416.57999,82201600,33.63,33.91,33.63,33.84,3126300,1.635,1.663,1.668,1.625,1.635,1.663,1.668,1.625
2021-05-17,46415.89844,46623.55859,42207.28906,43537.51172,1.21476,1.217,1.21275,1.21504,1843.84497,1868.80005,1841.245,1866.13245,1843.84497,1868.80005,1841.245,1866.13245,2.38095e-05,2.38095e-05,2.38095e-05,2.38095e-05,2.38095e-05,2.38095e-05,2.38095e-05,2.38095e-05,66.42,66.53,66.22,66.45,4992100,66.42,66.53,66.22,66.45,4992100,389.63,392.029999,388.72,391.12,979100,372.5,374.67999,371.35999,372.87,648900,372.5,374.67999,371.35999,372.87,648900,66.28,65.44,66.42,64.83,229560.0,1.41,19.73,20.49,19.63,20.46,50039600,324.63,326.37,321.45001,324.41,39395000,85.059998,86.57,85.059998,86.57,5059800,85.059998,86.57,85.059998,86.57,5059800,415.39001,416.39001,413.35999,415.51999,65129200,415.39001,416.39001,413.35999,415.51999,65129200,33.7,34.0,33.67,33.97,1986800,1.652,1.635,1.652,1.605,1.652,1.635,1.652,1.605
2021-05-18,43488.05859,45812.45703,42367.83203,42909.40234,1.21552,1.22324,1.21541,1.21569,1866.59497,1875.40002,1862.94495,1868.21997,1866.59497,1875.40002,1862.94495,1868.21997,2.38095e-05,2.38095e-05,2.38095e-05,2.38095e-05,2.38095e-05,2.38095e-05,2.38095e-05,2.38095e-05,67.58,67.72,67.24,67.29,6200900,67.58,67.72,67.24,67.29,6200900,391.26999,394.17001,387.079987,387.22,1171800,371.87,373.70999,368.51999,368.62,735900,371.87,373.70999,368.51999,368.62,735900,65.5,66.31,67.02,64.14,484420.0,-1.18,20.52,21.62,20.26,21.24,59672400,325.39001,326.64999,321.94,322.22,36528500,86.2,86.96,85.35,85.38,7438300,86.2,86.96,85.35,85.38,7438300,415.79999,416.059998,411.76999,411.94,59810200,415.79999,416.059998,411.76999,411.94,59810200,34.080002,34.099998,33.8,33.82,2509800,1.64,1.647,1.657,1.628,1.64,1.647,1.657,1.628
2021-05-19,42944.97656,43546.11719,30681.49609,37002.44141,1.22264,1.2248,1.21919,1.2224,1869.59497,1890.14502,1851.93506,1869.56995,1869.59497,1890.14502,1851.93506,1869.56995,2.38095e-05,2.38095e-05,2.38095e-05,2.38095e-05,2.38095e-05,2.38095e-05,2.38095e-05,2.38095e-05,66.76,67.22,66.6,66.95,7092600,66.76,67.22,66.6,66.95,7092600,385.0,385.73001,381.35001,385.54001,995000,368.28,371.0,363.51999,370.89999,685300,368.28,371.0,363.51999,370.89999,685300,63.35,65.3,65.35,61.95,615260.0,-3.28,20.1,21.035,19.94,20.67,45314000,316.66,322.89999,316.29999,322.59,66319100,84.84,85.27,83.58,85.21,9296500,84.84,85.27,83.58,85.21,9296500,406.92001,411.049988,405.32999,410.85999,106467100,406.92001,411.049988,405.32999,410.85999,106467100,33.41,33.65,33.19,33.51,4253600,1.676,1.642,1.692,1.62,1.676,1.642,1.692,1.62
2021-05-20,36753.66797,42462.98438,35050.61719,40782.73828,1.21729,1.2229,1.21709,1.21729,1869.745,1884.12,1863.53003,1876.68994,1869.745,1884.12,1863.53003,1876.68994,2.38095e-05,2.38095e-05,2.38095e-05,2.38095e-05,2.38095e-05,2.38095e-05,2.38095e-05,2.38095e-05,67.28,67.78,67.24,67.56,6274300,67.28,67.78,67.24,67.56,6274300,386.79001,389.54001,386.070007,388.32001,1094700,371.17001,374.29999,371.10999,371.95999,786800,371.17001,374.29999,371.10999,371.95999,786800,61.94,63.35,63.95,61.67,524170.0,-2.23,20.75,20.81,20.28,20.61,46302400,324.12,329.70999,323.89001,328.82999,46466100,84.74,85.56,84.089996,85.23,10059900,84.74,85.56,84.089996,85.23,10059900,411.79999,416.63,411.67001,415.28,78022200,411.79999,416.63,411.67001,415.28,78022200,33.64,33.94,33.56,33.93,3389700,1.628,1.673,1.68,1.625,1.628,1.673,1.68,1.625
2021-05-21,40596.94922,42172.17188,33616.45312,37304.69141,1.22279,1.2242,1.21737,1.22254,1876.83997,1889.84998,1870.01001,1880.30005,1876.83997,1889.84998,1870.01001,1880.30005,2.38095e-05,2.38095e-05,2.38095e-05,2.38095e-05,2.38095e-05,2.38095e-05,2.38095e-05,2.38095e-05,67.94,68.07,67.57,67.93,7088800,67.94,68.07,67.57,67.93,7088800,389.29999,392.19,385.56,387.22,892500,372.54001,377.019989,369.23999,370.45999,682500,372.54001,377.019989,369.23999,370.45999,682500,63.36,61.73,63.82,61.36,187390.0,2.29,20.84,21.16,20.47,20.75,35372900,330.42999,330.85999,326.64001,327.01001,50330400,85.85,87.099998,85.55,85.81,5803800,85.85,87.099998,85.55,85.81,5803800,416.87,418.20001,414.45001,414.94,76578700,416.87,418.20001,414.45001,414.94,76578700,33.91,33.94,33.69,33.8,2692400,1.623,1.635,1.64,1.613,1.623,1.635,1.64,1.613
2021-05-24,34700.36328,39835.14062,34551.08203,38705.98047,1.21812,1.22294,1.21758,1.21832,1882.34497,1887.43506,1875.18994,1881.069946,1882.34497,1887.43506,1875.18994,1881.069946,2.38095e-05,2.38095e-05,2.38095e-05,2.38095e-05,2.38095e-05,2.38095e-05,2.38095e-05,2.38095e-05,68.11,68.31,68.040001,68.23,4044400,68.11,68.31,68.040001,68.23,4044400,389.5,389.75,385.95999,387.70999,931400,372.70001,373.97,368.56,372.17999,570600,372.70001,373.97,368.56,372.17999,570600,65.78,63.61,65.87,63.45,155500.0,3.82,21.059999,21.52,20.675,21.22,46596800,329.37,333.67001,326.89999,332.51001,32475800,86.49,86.95,86.0,86.48,5113300,86.49,86.95,86.0,86.48,5113300,417.34,420.32001,417.079987,419.17001,51376700,417.34,420.32001,417.079987,419.17001,51376700,33.81,34.02,33.75,33.94,2182100,1.603,1.62,1.627,1.596,1.603,1.62,1.627,1.596
2021-05-25,38795.78125,39776.35156,36581.42969,38402.22266,1.22145,1.2267,1.22124,1.22146,1880.69495,1900.62659,1872.72998,1899.26404,1880.69495,1900.62659,1872.72998,1899.26404,2.38095e-05,2.38095e-05,2.38095e-05,2.38095e-05,2.38095e-05,2.38095e-05,2.38095e-05,2.38095e-05,68.3,68.33,67.89,68.07,3394300,68.3,68.33,67.89,68.07,3394300,387.89999,389.5,385.17999,385.85001,978500,372.53,374.38,369.32999,369.98999,680300,372.53,374.38,369.32999,369.98999,680300,65.79,65.76,66.18,65.14,229420.0,0.02,21.42,22.11,21.28,21.48,49890800,334.070007,334.81,331.76001,332.97,31280300,86.63,87.28,85.99,86.26,7606300,86.63,87.28,85.99,86.26,7606300,420.32999,420.70999,417.62,418.23999,57451400,420.32999,420.70999,417.62,418.23999,57451400,33.86,33.87,33.65,33.71,2159800,1.56,1.608,1.61,1.554,1.56,1.608,1.61,1.554
2021-05-26,38392.625,40782.07813,37905.83594,39294.19922,1.22489,1.2265,1.22,1.22491,1899.495,1913.15002,1890.33997,1896.43994,1899.495,1913.15002,1890.33997,1896.43994,2.38095e-05,2.38095e-05,2.38095e-05,2.38095e-05,2.38095e-05,2.38095e-05,2.38095e-05,2.38095e-05,68.2,68.35,68.14,68.22,3115000,68.2,68.35,68.14,68.22,3115000,385.57001,386.070007,382.20999,384.13,999500,369.32999,370.35001,365.39999,366.72,697100,369.32999,370.35001,365.39999,366.72,697100,65.96,65.75,66.15,65.02,122470.0,0.26,21.58,22.24,21.49,22.12,42958300,333.66,334.60999,332.95001,334.13,25444900,86.33,86.73,86.0,86.5,4826200,86.33,86.73,86.0,86.5,4826200,418.87,419.60999,417.76001,419.070007,43088600,418.87,419.60999,417.76001,419.070007,43088600,33.68,33.8,33.61,33.69,2553000,1.581,1.564,1.582,1.552,1.581,1.564,1.582,1.552
2021-05-27,39316.89062,40379.61719,37247.90234,38436.96875,1.21904,1.2217,1.21757,1.21926,1896.495,1903.87,1888.22498,1896.079956,1896.495,1903.87,1888.22498,1896.079956,2.38095e-05,2.38095e-05,2.38095e-05,2.38095e-05,2.38095e-05,2.38095e-05,2.38095e-05,2.38095e-05,68.28,68.42,68.07,68.27,5490900,68.28,68.42,68.07,68.27,5490900,387.39999,387.95001,384.28,387.39001,3979300,370.29001,371.23999,366.019989,370.45999,997200,370.29001,371.23999,366.019989,370.45999,997200,66.6,65.93,66.66,65.23,113060.0,0.97,22.01,22.7,21.65,22.7,76230500,333.67001,334.54001,332.67001,332.88,27931700,88.5,88.81,87.71,88.61,10492200,88.5,88.81,87.71,88.61,10492200,420.17001,420.72,418.98999,419.29001,56707700,420.17001,420.72,418.98999,419.29001,56707700,33.83,33.92,33.71,33.88,5141300,1.606,1.581,1.625,1.571,1.606,1.581,1.625,1.571
2021-05-28,38507.08203,38856.96875,34779.03906,35697.60547,1.21927,1.22011,1.21334,1.21932,1897.045044,1905.89502,1881.84497,1902.64001,1897.045044,1905.89502,1881.84497,1902.64001,2.38095e-05,2.38095e-05,2.38095e-05,2.38095e-05,2.38095e-05,2.38095e-05,2.38095e-05,2.38095e-05,68.7,68.87,68.55,68.58,4776600,68.7,68.87,68.55,68.58,4776600,384.70001,386.0,381.51999,382.20001,935500,369.26999,370.45999,365.48001,365.87,575700,369.26999,370.45999,365.48001,365.87,575700,66.1,66.68,67.28,65.95,186240.0,-0.75,23.0,24.75,22.76,22.95,111846000,334.12,335.57001,333.60001,333.92999,29927400,88.4,88.83,88.040001,88.71,4850300,88.4,88.83,88.040001,88.71,4850300,420.97,421.25,419.79001,420.040009,58520200,420.97,421.25,419.79001,420.040009,58520200,33.88,33.95,33.79,33.79,3552000,1.581,1.615,1.623,1.577,1.581,1.615,1.623,1.577
2021-06-01,37293.79297,37896.73438,35787.08594,36684.92578,1.22341,1.22542,1.22146,1.22329,1907.52551,1916.84497,1892.28003,1900.18994,1907.52551,1916.84497,1892.28003,1900.18994,2.38095e-05,2.38095e-05,2.38095e-05,2.38095e-05,2.38095e-05,2.38095e-05,2.38095e-05,2.38095e-05,68.56,68.61,68.11,68.15,5514000,68.56,68.61,68.11,68.15,5514000,384.23001,384.42999,381.13,381.92001,962200,369.22,370.049988,365.23001,365.62,764200,369.22,370.049988,365.23001,365.62,764200,67.52,66.45,68.64,66.19,148830.0,0.84,23.19,23.35,22.36,23.059999,52695500,335.29999,335.79001,331.42999,332.82001,31145400,89.81,89.93,88.84,88.99,4302200,89.81,89.93,88.84,88.99,4302200,422.57001,422.72,419.20001,419.67001,54216600,422.57001,422.72,419.20001,419.67001,54216600,34.19,34.24,34.0,34.040001,2014600,1.606,1.608,1.639,1.605,1.606,1.608,1.639,1.605
2021-06-02,36699.92188,38231.33984,35966.30859,37575.17969,1.22181,1.22294,1.21657,1.22178,1900.045044,1909.33521,1894.045044,1907.94397,1900.045044,1909.33521,1894.045044,1907.94397,2.38095e-05,2.38095e-05,2.38095e-05,2.38095e-05,2.38095e-05,2.38095e-05,2.38095e-05,2.38095e-05,68.76,68.94,68.68,68.78,5753300,68.76,68.94,68.68,68.78,5753300,382.01001,385.5,380.63,385.089996,1007600,365.62,369.69,364.73999,367.20999,495800,365.62,369.69,364.73999,367.20999,495800,68.63,67.8,68.77,67.59,110810.0,1.64,23.02,24.84,22.82,24.45,86473200,333.25,334.34,331.70001,333.47,22047900,89.25,89.25,88.45,88.63,4429100,89.25,89.25,88.45,88.63,4429100,420.37,421.23001,419.29001,420.32999,49097100,420.37,421.23001,419.29001,420.32999,49097100,34.12,34.26,34.029999,34.2,1799000,1.589,1.613,1.622,1.587,1.589,1.613,1.622,1.587
2021-06-03,37599.41016,39478.95312,37243.97266,39208.76562,1.22115,1.2216,1.21209,1.22099,1908.094971,1909.88501,1865.10999,1870.56995,1908.094971,1909.88501,1865.10999,1870.56995,2.38095e-05,2.38095e-05,2.38095e-05,2.38095e-05,2.38095e-05,2.38095e-05,2.38095e-05,2.38095e-05,68.77,68.94,68.57,68.8,4862500,68.77,68.94,68.57,68.8,4862500,383.76001,387.54001,383.10001,387.35001,1649700,367.01001,367.38,364.48999,366.51001,779400,367.01001,367.38,364.48999,366.51001,779400,68.6,68.59,69.18,67.98,108640.0,-0.04,24.14,24.26,23.34,23.63,48164200,330.54999,331.85999,328.28,330.0,37057800,88.11,88.97,87.89,88.68,4083200,88.11,88.97,87.89,88.68,4083200,417.85001,419.98999,416.28,418.76999,58138800,417.85001,419.98999,416.28,418.76999,58138800,33.93,33.94,33.83,33.91,1656300,1.625,1.586,1.63,1.584,1.625,1.586,1.63,1.584
2021-06-04,39242.48438,39242.48438,35717.72266,36894.40625,1.21303,1.21877,1.21055,1.2133,1871.31995,1896.60498,1856.094971,1889.96997,1871.31995,1896.60498,1856.094971,1889.96997,2.38095e-05,2.38095e-05,2.38095e-05,2.38095e-05,2.38095e-05,2.38095e-05,2.38095e-05,2.38095e-05,69.4,69.72,69.3,69.55,7333600,69.4,69.72,69.3,69.55,7333600,388.0,395.51999,387.60999,394.10001,1836100,373.82999,379.029999,372.95001,377.51001,1319300,373.82999,379.029999,372.95001,377.51001,1319300,69.39,68.71,69.51,68.12,138050.0,1.15,23.71,24.49,23.5,24.030001,42537600,331.85001,336.059998,331.78,335.60001,38736500,88.65,89.24,88.55,89.019997,4082800,88.65,89.24,88.55,89.019997,4082800,420.75,422.92001,418.84,422.60001,55938800,420.75,422.92001,418.84,422.60001,55938800,34.12,34.13,34.02,34.11,1324000,1.557,1.628,1.635,1.555,1.557,1.628,1.635,1.555
2021-06-07,35835.26562,36790.57031,33480.64062,33560.70703,1.21657,1.2202,1.21451,1.21684,1888.48999,1900.40503,1880.88,1898.99622,1888.48999,1900.40503,1880.88,1898.99622,2.38095e-05,2.38095e-05,2.38095e-05,2.38095e-05,2.38095e-05,2.38095e-05,2.38095e-05,2.38095e-05,69.77,69.82,69.49,69.82,5774400,69.77,69.82,69.49,69.82,5774400,395.040009,395.72,389.60999,391.51001,1087900,376.39999,378.0,370.26999,371.84,1125200,376.39999,378.0,370.26999,371.84,1125200,69.04,69.25,69.76,68.71,156700.0,-0.5,24.0,24.76,23.79,24.46,49641000,335.049988,336.66,334.34,336.60001,32611900,88.97,89.15,88.48,88.97,5693900,88.97,89.15,88.48,88.97,5693900,422.59,422.78,421.19,422.19,51555000,422.59,422.78,421.19,422.19,51555000,34.21,34.22,34.099998,34.12,1139300,1.569,1.567,1.582,1.564,1.569,1.567,1.582,1.564
2021-06-08,33589.51953,34017.38672,31114.44336,33472.63281,1.21896,1.21966,1.21666,1.21936,1898.995,1903.95496,1883.38,1892.81995,1898.995,1903.95496,1883.38,1892.81995,2.38095e-05,2.38095e-05,2.38095e-05,2.38095e-05,2.38095e-05,2.38095e-05,2.38095e-05,2.38095e-05,69.7,69.79,69.43,69.48,6594200,69.7,69.79,69.43,69.48,6594200,391.51001,392.66,387.070007,388.53,1065000,372.040009,372.87,368.13,371.10999,613200,372.040009,372.87,368.13,371.10999,613200,69.87,69.08,70.08,68.29,166360.0,1.2,24.85,25.23,23.93,24.38,53488600,338.39999,339.29001,335.029999,336.76001,27282800,89.2,89.78,88.76,89.45,4777000,89.2,89.78,88.76,89.45,4777000,423.10999,423.20999,420.32001,422.28,47134300,423.10999,423.20999,420.32001,422.28,47134300,34.19,34.24,34.060001,34.18,1463900,1.538,1.57,1.574,1.513,1.538,1.57,1.574,1.513
2021-06-09,33416.97656,37537.37109,32475.86523,37345.12109,1.21718,1.2219,1.21718,1.21729,1893.48999,1899.39502,1886.57996,1888.29834,1893.48999,1899.39502,1886.57996,1888.29834,2.38095e-05,2.38095e-05,2.38095e-05,2.38095e-05,2.38095e-05,2.38095e-05,2.38095e-05,2.38095e-05,69.28,69.31,68.95,68.99,4593000,69.28,69.31,68.95,68.99,4593000,389.26999,389.26999,385.12,386.79999,1046100,371.10999,372.97,368.64001,372.60001,689600,371.10999,372.97,368.64001,372.60001,689600,69.79,69.81,70.43,69.29,168120.0,-0.11,24.45,24.74,24.17,24.17,36006200,338.17001,338.97,336.64999,336.84,21485300,89.36,89.57,88.82,88.85,4594500,89.36,89.57,88.82,88.85,4594500,423.17999,423.26001,421.41,421.64999,48436300,423.17999,423.26001,421.41,421.64999,48436300,34.040001,34.049999,33.94,33.95,2355500,1.492,1.536,1.536,1.472,1.492,1.536,1.536,1.472
2021-06-10,37389.51562,38334.32422,35847.59375,36702.59766,1.21773,1.21921,1.21454,1.2182,1888.57007,1900.092041,1869.84497,1898.13745,1888.57007,1900.092041,1869.84497,1898.13745,2.38095e-05,2.38095e-05,2.38095e-05,2.38095e-05,2.38095e-05,2.38095e-05,2.38095e-05,2.38095e-05,68.81,68.97,68.67,68.78,9687600,68.81,68.97,68.67,68.78,9687600,389.14001,389.73999,386.089996,387.72,913700,375.0,375.66,370.89999,372.51001,741400,375.0,375.66,370.89999,372.51001,741400,70.09,69.61,70.46,68.51,205080.0,0.43,24.0,24.39,23.44,24.14,35482900,337.19,340.45999,336.73001,340.35001,33702100,89.8,89.98,88.16,88.25,4826300,89.8,89.98,88.16,88.25,4826300,422.95999,424.63,421.54999,423.60999,51020100,422.95999,424.63,421.54999,423.60999,51020100,33.57,33.64,33.47,33.52,5729100,1.437,1.491,1.535,1.435,1.437,1.491,1.535,1.435
2021-06-11,36697.03125,37608.69531,36044.44922,37334.39844,1.21732,1.2195,1.2095,1.21726,1898.41504,1903.30005,1874.074951,1876.64001,1898.41504,1903.30005,1874.074951,1876.64001,2.38095e-05,2.38095e-05,2.38095e-05,2.38095e-05,2.38095e-05,2.38095e-05,2.38095e-05,2.38095e-05,68.79,68.91,68.64,68.88,3547600,68.79,68.91,68.64,68.88,3547600,388.78,389.14999,385.17001,387.72,751000,373.88,375.54999,370.20001,375.059998,636200,373.88,375.54999,370.20001,375.059998,636200,70.6,69.91,70.86,69.47,396290.0,0.73,24.12,24.71,24.030001,24.67,33113100,340.35999,341.25,339.69,341.23999,21222800,88.7,88.97,88.17,88.81,4082700,88.7,88.97,88.17,88.81,4082700,424.20001,424.42999,422.82001,424.31,45570800,424.20001,424.42999,422.82001,424.31,45570800,33.71,33.74,33.6,33.74,4208400,1.454,1.442,1.472,1.428,1.454,1.442,1.472,1.428
2021-06-14,39016.96875,40978.36328,38757.28516,40218.47656,1.21108,1.21315,1.20953,1.21102,1874.58997,1878.21265,1844.57495,1865.995,1874.58997,1878.21265,1844.57495,1865.995,2.38095e-05,2.38095e-05,2.38095e-05,2.38095e-05,2.38095e-05,2.38095e-05,2.38095e-05,2.38095e-05,68.77,68.87,68.6,68.86,2963500,68.77,68.87,68.6,68.86,2963500,387.60999,389.45999,385.88,389.10999,868400,372.45001,373.089996,369.41,372.23001,865500,372.45001,373.089996,369.41,372.23001,865500,70.63,70.36,71.4,70.36,163550.0,0.04,24.73,25.15,24.47,25.0,51801500,341.67999,344.51999,340.45999,344.51001,27827700,88.72,89.19,88.25,88.72,5924900,88.72,89.19,88.25,88.72,5924900,424.42999,425.37,423.10001,425.26001,42358500,424.42999,425.37,423.10001,425.26001,42358500,33.69,33.84,33.67,33.77,1355100,1.497,1.462,1.502,1.455,1.497,1.462,1.502,1.455
2021-06-15,40427.16797,41295.26953,39609.46875,40406.26953,1.21242,1.21492,1.21029,1.21222,1866.255,1869.66504,1851.27502,1858.69495,1866.255,1869.66504,1851.27502,1858.69495,2.38095e-05,2.38095e-05,2.38095e-05,2.38095e-05,2.38095e-05,2.38095e-05,2.38095e-05,2.38095e-05,69.12,69.21,68.97,69.19,5175600,69.12,69.21,68.97,69.19,5175600,390.0,392.049988,389.059998,389.79999,943900,375.39999,377.37,373.76999,375.0,687000,375.39999,377.37,373.76999,375.0,687000,71.86,70.91,72.2,70.54,195700.0,1.74,25.030001,25.55,24.39,24.41,46693200,344.14999,344.47,341.51999,342.26001,35963800,88.95,89.8,88.8,89.4,5336700,88.95,89.8,88.8,89.4,5336700,425.42001,425.45999,423.54001,424.48001,51508500,425.42001,425.45999,423.54001,424.48001,51508500,33.76,33.86,33.74,33.83,4371900,1.489,1.494,1.513,1.48,1.489,1.494,1.513,1.48
2021-06-16,40168.69141,40516.77734,38176.03516,38347.0625,1.21255,1.2135,1.21104,1.21271,1858.96497,1862.42505,1804.19495,1811.95251,1858.96497,1862.42505,1804.19495,1811.95251,2.38095e-05,2.38095e-05,2.38095e-05,2.38095e-05,2.38095e-05,2.38095e-05,2.38095e-05,2.38095e-05,69.26,69.36,68.74,69.080002,5742900,69.26,69.36,68.74,69.080002,5742900,390.81,391.0,383.20001,383.60001,1524200,378.17999,378.17999,371.64999,372.20999,883400,378.17999,378.17999,371.64999,372.20999,883400,71.95,72.13,72.74,71.42,281180.0,0.13,24.09,24.94,23.86,24.8,58452600,342.73999,343.84,337.45001,341.01001,55399500,89.23,89.43,87.95,88.43,8033800,89.23,89.43,87.95,88.43,8033800,424.63,424.87,419.92001,422.10999,80386100,424.63,424.87,419.92001,422.10999,80386100,33.93,33.96,33.48,33.61,3150300,1.581,1.496,1.594,1.482,1.581,1.496,1.594,1.482
2021-06-17,38341.42188,39513.67188,37439.67578,38053.50391,1.19918,1.20077,1.1907,1.19956,1812.18005,1825.58496,1766.875,1773.31494,1812.18005,1825.58496,1766.875,1773.31494,2.38095e-05,2.38095e-05,2.38095e-05,2.38095e-05,2.38095e-05,2.38095e-05,2.38095e-05,2.38095e-05,68.77,68.91,68.55,68.82,5887400,68.77,68.91,68.55,68.82,5887400,384.28,385.51999,379.57001,382.89999,1246400,373.23999,373.89001,366.20001,368.70001,737000,373.23999,373.89001,366.20001,368.70001,737000,70.78,71.48,72.1,69.54,343670.0,-1.63,24.68,25.46,24.55,25.45,64408400,339.97,346.38,339.92001,345.34,59722700,88.48,88.73,86.32,87.13,7480500,88.48,88.73,86.32,87.13,7480500,421.67001,423.019989,419.32001,421.97,90949700,421.67001,423.019989,419.32001,421.97,90949700,33.41,33.48,33.13,33.32,2543200,1.511,1.587,1.594,1.472,1.511,1.587,1.594,1.472
2021-06-18,38099.47656,38187.26172,35255.85547,35787.24609,1.19133,1.19275,1.18511,1.19134,1772.72998,1797.245,1761.035034,1763.33997,1772.72998,1797.245,1761.035034,1763.33997,2.38095e-05,2.38095e-05,2.38095e-05,2.38095e-05,2.38095e-05,2.38095e-05,2.38095e-05,2.38095e-05,67.4,67.52,67.17,67.25,6717900,67.4,67.52,67.17,67.25,6717900,380.17001,382.10001,379.0,379.19,2416200,365.92001,370.23999,365.23999,367.19,2387100,365.92001,370.23999,365.23999,367.19,2387100,71.29,70.8,71.82,69.87,420110.0,0.72,25.59,25.94,25.02,25.37,65852600,343.63,344.81,341.85999,342.63,55414900,85.9,86.73,85.62,85.92,10387200,85.9,86.73,85.62,85.92,10387200,417.089996,417.82999,414.70001,414.92001,118676300,417.089996,417.82999,414.70001,414.92001,118676300,32.58,32.68,32.32,32.39,3897600,1.443,1.516,1.524,1.438,1.443,1.516,1.524,1.438
2021-06-21,35641.14453,35721.64062,31295.93555,31676.69336,1.1869,1.19205,1.18488,1.18737,1764.44495,1786.75,1764.44495,1782.94824,1764.44495,1786.75,1764.44495,1782.94824,2.38095e-05,2.38095e-05,2.38095e-05,2.38095e-05,2.38095e-05,2.38095e-05,2.38095e-05,2.38095e-05,67.32,68.019997,67.19,67.96,5464800,67.32,68.019997,67.19,67.96,5464800,381.23001,385.44,380.60999,382.5,1186900,369.79999,374.57999,368.39999,373.29001,893800,369.79999,374.57999,368.39999,373.29001,893800,73.12,71.15,73.28,70.78,591310.0,2.57,25.1,25.55,24.51,25.42,54805000,342.42999,344.69,340.14999,344.35999,32992600,86.75,88.14,86.52,88.0,5097400,86.75,88.14,86.52,88.0,5097400,416.79999,421.059998,415.92999,420.85999,72822000,416.79999,421.059998,415.92999,420.85999,72822000,32.61,33.049999,32.58,32.99,3664400,1.497,1.44,1.497,1.354,1.497,1.44,1.497,1.354
2021-06-22,31622.37695,33292.45312,28893.62109,32505.66016,1.19116,1.19175,1.18824,1.19126,1783.22998,1790.41504,1771.98999,1778.51245,1783.22998,1790.41504,1771.98999,1778.51245,2.38095e-05,2.38095e-05,2.38095e-05,2.38095e-05,2.38095e-05,2.38095e-05,2.38095e-05,2.38095e-05,68.0,68.24,67.83,68.040001,5616000,68.0,68.24,67.83,68.040001,5616000,381.54001,383.88,379.64999,382.48001,636200,374.38,374.38,371.070007,372.57001,491600,374.38,374.38,371.070007,372.57001,491600,72.85,73.04,73.47,72.47,498560.0,-0.37,25.39,25.52,24.96,25.4,46171100,344.14999,348.029999,343.84,347.57001,28941600,87.68,88.059998,86.86,87.38,4150100,87.68,88.059998,86.86,87.38,4150100,420.85001,424.0,420.079987,423.10999,57700300,420.85001,424.0,420.079987,423.10999,57700300,32.95,33.11,32.84,33.0099983,2413300,1.467,1.494,1.509,1.462,1.467,1.494,1.509,1.462
2021-06-23,32515.71484,34753.41016,31772.63281,33723.02734,1.19374,1.197,1.19158,1.19367,1778.80457,1795.18005,1773.125,1778.73047,1778.80457,1795.18005,1773.125,1778.73047,2.38095e-05,2.38095e-05,2.38095e-05,2.38095e-05,2.38095e-05,2.38095e-05,2.38095e-05,2.38095e-05,67.56,67.68,67.35,67.52,4900400,67.56,67.68,67.35,67.52,4900400,382.20999,382.51001,377.26001,377.32999,1024000,372.59,372.59,368.10999,370.28,709800,372.59,372.59,368.10999,370.28,709800,72.36,72.1,73.33,72.01,170190.0,-0.67,25.46,26.35,25.34,26.27,53362200,347.51001,348.92001,346.88,347.73999,27188500,87.42,87.61,86.57,86.6,3524500,87.42,87.61,86.57,86.6,3524500,423.19,424.049988,422.51001,422.60001,49445400,423.19,424.049988,422.51001,422.60001,49445400,33.32,33.34,32.97,33.0099983,2060100,1.485,1.468,1.499,1.458,1.485,1.468,1.499,1.458
2021-06-24,33682.80078,35228.85156,32385.21484,34662.4375,1.19316,1.19567,1.19199,1.19332,1779.01001,1788.55505,1772.67004,1775.18274,1779.01001,1788.55505,1772.67004,1775.18274,2.38095e-05,2.38095e-05,2.38095e-05,2.38095e-05,2.38095e-05,2.38095e-05,2.38095e-05,2.38095e-05,67.93,68.14,67.88,68.11,3344700,67.93,68.14,67.88,68.11,3344700,379.51999,379.98999,376.85001,377.73001,1032700,372.059998,372.059998,367.54001,369.67999,644900,372.059998,372.059998,367.54001,369.67999,644900,72.63,72.56,72.86,71.64,131480.0,0.37,26.49,26.71,26.17,26.53,48419400,349.73001,351.45999,349.17001,349.89001,32581600,87.18,87.18,86.26,86.85,5335200,87.18,87.18,86.26,86.85,5335200,424.89001,425.54999,424.62,425.10001,45110300,424.89001,425.54999,424.62,425.10001,45110300,33.099998,33.2,33.029999,33.16,2035200,1.499,1.485,1.505,1.477,1.499,1.485,1.505,1.477
2021-06-25,34659.10547,35487.24609,31350.88477,31637.7793,1.19279,1.19745,1.19279,1.19303,1775.46057,1790.59998,1773.26501,1780.33997,1775.46057,1790.59998,1773.26501,1780.33997,2.38095e-05,2.38095e-05,2.38095e-05,2.38095e-05,2.38095e-05,2.38095e-05,2.38095e-05,2.38095e-05,68.42,68.46,68.22,68.42,3532700,68.42,68.46,68.22,68.42,3532700,376.89001,383.42001,376.89001,382.01001,1708100,369.0,375.41,368.059998,373.31,2930400,369.0,375.41,368.059998,373.31,2930400,73.33,72.65,73.4,72.11,144560.0,0.96,26.58,27.01,26.245,26.78,140832700,350.47,350.72,348.84,349.45999,28682800,87.029999,87.4,86.68,86.72,6611000,87.029999,87.4,86.68,86.72,6611000,425.89999,427.089996,425.54999,426.60999,58129500,425.89999,427.089996,425.54999,426.60999,58129500,33.2,33.24,33.14,33.24,1682800,1.524,1.494,1.544,1.478,1.524,1.494,1.544,1.478
2021-06-28,34679.12109,35219.89062,33902.07422,34434.33594,1.19422,1.1946,1.19046,1.19422,1781.245,1785.90002,1770.68506,1778.17505,1781.245,1785.90002,1770.68506,1778.17505,2.38095e-05,2.38095e-05,2.38095e-05,2.38095e-05,2.38095e-05,2.38095e-05,2.38095e-05,2.38095e-05,68.26,68.26,68.050003,68.14,5012300,68.26,68.26,68.050003,68.14,5012300,381.67001,382.73001,378.82001,380.070007,778200,373.39001,373.39001,368.35001,370.20999,565000,373.39001,373.39001,368.35001,370.20999,565000,72.2,73.27,73.7,71.92,104660.0,-1.54,26.98,27.5,26.86,27.38,42184600,350.78,353.85001,350.72,353.70999,39130300,86.39,86.4,84.76,85.11,5738300,86.39,86.4,84.76,85.11,5738300,427.17001,427.64999,425.89001,427.47,53159600,427.17001,427.64999,425.89001,427.47,53159600,33.099998,33.099998,32.84,32.85,5032500,1.482,1.528,1.534,1.471,1.482,1.528,1.534,1.471
2021-06-29,34475.55859,36542.10938,34252.48438,35867.77734,1.19303,1.19303,1.18804,1.19289,1778.43994,1779.245,1750.10999,1761.089966,1778.43994,1779.245,1750.10999,1761.089966,2.38095e-05,2.38095e-05,2.38095e-05,2.38095e-05,2.38095e-05,2.38095e-05,2.38095e-05,2.38095e-05,68.36,68.39,68.099998,68.19,4268100,68.36,68.39,68.099998,68.19,4268100,379.88,380.39999,373.25,373.42001,1223900,369.81,371.23999,360.0,360.31,1151300,369.81,371.23999,360.0,360.31,1151300,72.31,72.04,73.07,71.28,113120.0,0.15,27.38,27.44,26.44,26.63,38478900,353.53,355.019989,352.67001,354.98999,29426000,85.38,85.87,84.34,84.44,6496800,85.38,85.87,84.34,84.44,6496800,427.88,428.56,427.13,427.70001,35970500,427.88,428.56,427.13,427.70001,35970500,32.91,32.94,32.74,32.8,1712700,1.475,1.483,1.51,1.471,1.475,1.483,1.51,1.471
2021-06-30,35908.38672,36074.75781,34086.15234,35040.83594,1.18999,1.19104,1.18458,1.19019,1761.34998,1774.71997,1752.78003,1769.80249,1761.34998,1774.71997,1752.78003,1769.80249,2.38095e-05,2.38095e-05,2.38095e-05,2.38095e-05,2.38095e-05,2.38095e-05,2.38095e-05,2.38095e-05,67.47,67.69,67.24,67.54,5065700,67.47,67.69,67.24,67.54,5065700,374.5,379.44,373.62,378.35001,1077600,361.29999,364.91,361.29999,363.42999,613900,361.29999,364.91,361.29999,363.42999,613900,72.77,72.77,73.45,72.1,146950.0,0.64,26.48,26.92,26.21,26.36,28957100,354.82999,355.23001,353.82999,354.42999,32724000,84.34,85.67,84.14,85.31,4744500,84.34,85.67,84.14,85.31,4744500,427.20999,428.78,427.17999,428.059998,64827900,427.20999,428.78,427.17999,428.059998,64827900,32.58,32.76,32.51,32.7,2286200,1.468,1.477,1.485,1.438,1.468,1.477,1.485,1.438
2021-07-01,35035.98438,35035.98438,32883.78125,33572.11719,1.18554,1.1884,1.18381,1.18568,1770.060059,1783.074951,1765.47498,1776.59998,1770.060059,1783.074951,1765.47498,1776.59998,2.38095e-05,2.38095e-05,2.38095e-05,2.38095e-05,2.38095e-05,2.38095e-05,2.38095e-05,2.38095e-05,67.22,67.52,67.16,67.49,5091500,67.22,67.52,67.16,67.49,5091500,377.31,381.12,377.22,380.22,752800,364.53,367.95999,363.39001,367.62,449400,364.53,367.95999,363.39001,367.62,449400,74.33,72.78,75.23,72.66,289380.0,2.14,26.1,26.13,24.59,24.72,55429800,354.070007,355.089996,352.67999,354.57001,29290000,85.42,86.25,85.27,86.22,3903900,85.42,86.25,85.27,86.22,3903900,428.87,430.60001,428.79999,430.42999,53441000,428.87,430.60001,428.79999,430.42999,53441000,32.81,32.93,32.74,32.91,2516700,1.459,1.47,1.485,1.454,1.459,1.47,1.485,1.454
2021-07-02,33549.60156,33939.58984,32770.67969,33897.04688,1.18471,1.1861,1.18194,1.18462,1776.83496,1795.40002,1773.72998,1786.79016,1776.83496,1795.40002,1773.72998,1786.79016,2.38095e-05,2.38095e-05,2.38095e-05,2.38095e-05,2.38095e-05,2.38095e-05,2.38095e-05,2.38095e-05,67.78,67.92,67.6,67.91,5253700,67.78,67.92,67.6,67.91,5253700,381.75,383.19,378.95001,381.48999,778700,367.92001,371.059998,365.31,369.20001,338000,367.92001,371.059998,365.31,369.20001,338000,74.36,74.07,74.67,73.57,163670.0,0.04,25.0,25.34,24.33,24.44,29389500,356.51999,358.97,356.28,358.64001,32727200,86.5,87.0,85.83,86.7,4185400,86.5,87.0,85.83,86.7,4185400,431.67001,434.10001,430.51999,433.72,57697700,431.67001,434.10001,430.51999,433.72,57697700,32.91,33.040001,32.77,33.040001,1380300,1.431,1.468,1.471,1.426,1.431,1.468,1.471,1.426
2021-07-06,33723.50781,35038.53516,33599.91797,34235.19531,1.18615,1.18963,1.1815,1.18638,1791.88049,1815.33997,1789.90503,1796.68726,1791.88049,1815.33997,1789.90503,1796.68726,2.38095e-05,2.38095e-05,2.38095e-05,2.38095e-05,2.38095e-05,2.38095e-05,2.38095e-05,2.38095e-05,67.96,67.98,67.32,67.66,4459100,67.96,67.98,67.32,67.66,4459100,380.0,380.34,373.67999,378.67001,1142700,368.029999,368.44,362.75,367.64999,603300,368.029999,368.44,362.75,367.64999,603300,72.58,74.43,76.07,72.16,254310.0,-4.81,24.6,25.2,24.47,24.68,28764500,359.26001,360.48001,356.48999,360.19,38842400,86.15,86.49,84.93,85.75,4140000,86.15,86.49,84.93,85.75,4140000,433.78,434.01001,430.01001,432.92999,68710400,433.78,434.01001,430.01001,432.92999,68710400,33.12,33.12,32.68,32.83,3055900,1.352,1.439,1.449,1.348,1.352,1.439,1.449,1.348
2021-07-07,34225.67969,34997.66406,33839.28906,33855.32812,1.18203,1.18413,1.17824,1.18245,1796.95996,1810.13,1793.63501,1803.40503,1796.95996,1810.13,1793.63501,1803.40503,2.38095e-05,2.38095e-05,2.38095e-05,2.38095e-05,2.38095e-05,2.38095e-05,2.38095e-05,2.38095e-05,67.68,67.83,67.4,67.69,5445100,67.68,67.83,67.4,67.69,5445100,378.41,384.60001,377.41,383.48001,952900,367.34,372.059998,365.79999,371.26001,545500,367.34,372.059998,365.79999,371.26001,545500,71.5,73.0,74.06,70.44,223710.0,-1.49,24.23,24.26,22.72,22.89,66937300,362.45001,362.76001,358.94,360.95001,35265200,85.17,86.040001,84.82,85.83,4127200,85.17,86.040001,84.82,85.83,4127200,433.66,434.76001,431.51001,434.45999,63549500,433.66,434.76001,431.51001,434.45999,63549500,32.95,33.07,32.83,33.049999,2742000,1.323,1.357,1.368,1.296,1.323,1.357,1.368,1.296
2021-07-08,33889.60547,33907.90625,32133.18359,32877.37109,1.17936,1.18663,1.17843,1.17934,1803.66504,1818.69995,1794.27502,1802.55505,1803.66504,1818.69995,1794.27502,1802.55505,2.38095e-05,2.38095e-05,2.38095e-05,2.38095e-05,2.38095e-05,2.38095e-05,2.38095e-05,2.38095e-05,66.53,66.86,66.38,66.64,6309100,66.53,66.86,66.38,66.64,6309100,379.53,381.69,377.92999,379.92001,894500,368.89999,371.98999,367.94,369.94,402700,368.89999,371.98999,367.94,369.94,402700,72.22,71.55,72.51,70.1,247360.0,1.01,22.43,23.21,22.25,23.08,34612600,355.73999,359.64999,354.42001,358.76999,50890000,84.6,85.78,84.019997,85.44,4665500,84.6,85.78,84.019997,85.44,4665500,428.78,431.73001,427.51999,430.92001,97595200,428.78,431.73001,427.51999,430.92001,97595200,32.36,32.56,32.22,32.52,2883200,1.294,1.32,1.321,1.25,1.294,1.32,1.321,1.25
2021-07-09,32861.67188,34042.29297,32318.88086,33798.01172,1.18469,1.18747,1.18252,1.1848,1802.89001,1812.70996,1796.094971,1807.97998,1802.89001,1812.70996,1796.094971,1807.97998,2.38095e-05,2.38095e-05,2.38095e-05,2.38095e-05,2.38095e-05,2.38095e-05,2.38095e-05,2.38095e-05,67.99,68.44,67.94,68.43,6541600,67.99,68.44,67.94,68.43,6541600,382.70001,384.39001,380.76999,383.10999,542900,372.48001,373.51001,369.38,371.82001,357400,372.48001,373.51001,369.38,371.82001,357400,73.81,72.51,73.98,71.97,185310.0,2.2,22.96,23.39,22.76,23.29,22492400,358.17001,361.5,357.57001,361.01001,35184500,86.5,86.75,86.019997,86.38,4556200,86.5,86.75,86.019997,86.38,4556200,432.53,435.84,430.70999,435.51999,76238600,432.53,435.84,430.70999,435.51999,76238600,32.8,33.17,32.74,33.17,3547300,1.361,1.306,1.363,1.306,1.361,1.306,1.363,1.306
2021-07-12,34254.01563,34592.15625,32697.30859,33155.84766,1.18737,1.18821,1.18367,1.1873,1807.94495,1811.035034,1791.20996,1805.87744,1807.94495,1811.035034,1791.20996,1805.87744,2.38095e-05,2.38095e-05,2.38095e-05,2.38095e-05,2.38095e-05,2.38095e-05,2.38095e-05,2.38095e-05,68.32,68.65,68.28,68.63,5932000,68.32,68.65,68.28,68.63,5932000,381.89999,383.32001,376.23001,379.070007,1008200,370.16,372.45001,368.29001,370.32999,450300,370.16,372.45001,368.29001,370.32999,450300,73.44,73.92,74.15,72.45,221740.0,-0.5,23.26,23.495,22.88,22.95,23457200,362.45001,362.89001,360.82999,362.42001,25717700,85.56,86.4,85.019997,86.22,5464400,85.56,86.4,85.019997,86.22,5464400,435.42999,437.35001,434.97,437.079987,52889600,435.42999,437.35001,434.97,437.079987,52889600,33.029999,33.3,32.98,33.2,3023700,1.368,1.361,1.376,1.326,1.368,1.361,1.376,1.326
2021-07-13,33125.46875,33327.10156,32261.41992,32702.02539,1.18649,1.18779,1.17934,1.18652,1806.16504,1817.505,1798.54004,1807.43506,1806.16504,1817.505,1798.54004,1807.43506,2.38095e-05,2.38095e-05,2.38095e-05,2.38095e-05,2.38095e-05,2.38095e-05,2.38095e-05,2.38095e-05,68.63,68.71,68.18,68.41,3737000,68.63,68.71,68.18,68.41,3737000,379.0,380.69,377.54001,377.84,709500,370.60001,373.98001,367.29001,367.39001,707400,370.60001,373.98001,367.29001,367.39001,707400,74.69,73.51,74.9,73.07,286330.0,1.7,22.98,22.99,22.42,22.45,24748800,362.029999,365.47,361.54001,362.42001,39723000,86.17,86.24,85.26,85.33,4595000,86.17,86.24,85.26,85.33,4595000,436.23999,437.84,435.31,435.59,52911300,436.23999,437.84,435.31,435.59,52911300,33.12,33.16,33.0099983,33.07,1190200,1.418,1.366,1.422,1.343,1.418,1.366,1.422,1.343
2021-07-14,32723.8457,33061.39844,31639.125,32822.34766,1.17744,1.1828,1.17726,1.17754,1807.72009,1830.32495,1804.20996,1827.061646,1807.72009,1830.32495,1804.20996,1827.061646,2.38095e-05,2.38095e-05,2.38095e-05,2.38095e-05,2.38095e-05,2.38095e-05,2.38095e-05,2.38095e-05,68.8,68.93,68.63,68.75,3230700,68.8,68.93,68.63,68.75,3230700,377.84,378.39001,375.20999,376.82001,698900,367.35999,368.45001,363.62,363.94,1044400,367.35999,368.45001,363.62,363.94,1044400,72.64,74.58,74.89,71.7,375430.0,-2.74,22.49,22.62,21.51,21.56,33796200,364.82999,365.48999,362.22,363.070007,35336400,85.18,85.89,84.46,84.91,3665400,85.18,85.89,84.46,84.91,3665400,437.39999,437.92001,434.91,436.23999,64130400,437.39999,437.92001,434.91,436.23999,64130400,33.11,33.14,32.93,32.98,1234400,1.349,1.415,1.423,1.347,1.349,1.415,1.423,1.347
2021-07-15,32827.875,33159.64062,31175.70898,31780.73047,1.18333,1.18511,1.1806,1.18333,1827.3501,1833.995,1820.074951,1829.18665,1827.3501,1833.995,1820.074951,1829.18665,2.38095e-05,2.38095e-05,2.38095e-05,2.38095e-05,2.38095e-05,2.38095e-05,2.38095e-05,2.38095e-05,67.85,68.07,67.73,67.91,4064400,67.85,68.07,67.73,67.91,4064400,375.12,378.64999,375.0,378.25,713400,362.34,365.72,361.70999,364.12,491000,362.34,365.72,361.70999,364.12,491000,71.38,72.43,72.48,71.02,329010.0,-1.73,21.72,22.055,21.01,21.47,31871000,362.98001,363.19,358.45999,360.51999,53391600,84.089996,85.53,83.94,84.98,3460800,84.089996,85.53,83.94,84.98,3460800,434.81,435.53,432.72,434.75,55126400,434.81,435.53,432.72,434.75,55126400,32.65,32.77,32.47,32.6,1695300,1.301,1.346,1.349,1.292,1.301,1.346,1.349,1.292
2021-07-16,31841.55078,32218.40625,31100.67383,31421.53906,1.18131,1.1823,1.1794,1.18118,1829.44995,1832.19775,1808.65002,1810.89001,1829.44995,1832.19775,1808.65002,1810.89001,2.38095e-05,2.38095e-05,2.38095e-05,2.38095e-05,2.38095e-05,2.38095e-05,2.38095e-05,2.38095e-05,67.7,67.71,67.089996,67.22,4813800,67.7,67.71,67.089996,67.22,4813800,378.62,379.72,375.28,377.14001,890800,365.42001,365.98001,361.34,362.81,778800,365.42001,365.98001,361.34,362.81,778800,71.56,71.21,72.04,70.16,359210.0,0.25,21.6,21.71,21.24,21.37,19503100,361.39999,362.41,357.23999,357.60001,47262000,85.62,85.75,83.3,83.53,4023800,85.62,85.75,83.3,83.53,4023800,436.01001,436.059998,430.92001,431.34,75874700,436.01001,436.059998,430.92001,431.34,75874700,32.57,32.58,32.23,32.31,1683200,1.3,1.302,1.336,1.292,1.3,1.302,1.336,1.292
2021-07-19,31800.01172,31885.85938,30563.73438,30817.83203,1.18115,1.18233,1.17643,1.1814,1811.64502,1817.56335,1794.66003,1812.34253,1811.64502,1817.56335,1794.66003,1812.34253,2.38095e-05,2.38095e-05,2.38095e-05,2.38095e-05,2.38095e-05,2.38095e-05,2.38095e-05,2.38095e-05,66.68,66.81,65.8,66.26,10654000,66.68,66.81,65.8,66.26,10654000,375.14999,376.82001,367.56,372.019989,1357600,361.37,362.32001,350.64001,355.0,866700,361.37,362.32001,350.64001,355.0,866700,66.35,71.09,71.4,65.56,731960.0,-7.28,20.97,21.69,20.55,21.54,30314400,354.049988,355.17999,352.040009,354.67001,64404600,81.8,81.96,79.72,81.050003,9221300,81.8,81.96,79.72,81.050003,9221300,426.19,431.41,421.97,424.97,147987000,426.19,431.41,421.97,424.97,147987000,31.56,31.6,31.23,31.44,3435600,1.199,1.27,1.29,1.174,1.199,1.27,1.29,1.174
2021-07-20,30838.28516,31006.1875,29360.95508,29807.34766,1.17925,1.1804,1.17571,1.17938,1812.60999,1825.27002,1805.064941,1810.030396,1812.60999,1825.27002,1805.064941,1810.030396,2.38095e-05,2.38095e-05,2.38095e-05,2.38095e-05,2.38095e-05,2.38095e-05,2.38095e-05,2.38095e-05,66.53,67.2,66.44,67.050003,6998600,66.53,67.2,66.44,67.050003,6998600,373.01001,380.64001,373.0,379.98001,1268000,355.64001,362.73999,355.64001,359.97,911300,355.64001,362.73999,355.64001,359.97,911300,67.2,66.61,67.61,65.01,561630.0,1.28,21.63,22.35,21.22,22.18,22954000,355.63,360.28,353.79999,358.79001,42183700,81.3,85.13,81.019997,84.8,7935000,81.3,85.13,81.019997,84.8,7935000,425.67999,432.42001,424.82999,431.059998,99608200,425.67999,432.42001,424.82999,431.059998,99608200,31.19,31.64,31.12,31.61,3052800,1.222,1.209,1.225,1.128,1.222,1.209,1.225,1.128
2021-07-21,29796.28516,32752.32617,29526.18359,32110.69336,1.17855,1.18028,1.17536,1.17841,1810.31555,1814.02002,1794.17505,1803.31445,1810.31555,1814.02002,1794.17505,1803.31445,2.38095e-05,2.38095e-05,2.38095e-05,2.38095e-05,2.38095e-05,2.38095e-05,2.38095e-05,2.38095e-05,66.96,67.58,66.92,67.53,3787600,66.96,67.58,66.92,67.53,3787600,379.98001,384.70001,379.39999,380.89001,922800,361.089996,363.32001,359.89001,361.45999,632500,361.089996,363.32001,359.89001,361.45999,632500,69.57,65.86,69.75,65.86,151830.0,3.53,22.27,22.68,22.12,22.52,20437300,358.35001,361.56,358.12,361.56,30259900,85.27,86.96,85.050003,86.58,5398300,85.27,86.96,85.050003,86.58,5398300,432.34,434.70001,431.01001,434.54999,64724400,432.34,434.70001,431.01001,434.54999,64724400,32.0099983,32.31,32.0099983,32.24,3165500,1.292,1.227,1.303,1.194,1.292,1.227,1.303,1.194
2021-07-22,32138.87305,32576.40039,31745.29883,32313.10547,1.17952,1.18298,1.17666,1.17927,1803.57947,1808.34497,1792.10999,1806.68994,1803.57947,1808.34497,1792.10999,1806.68994,2.38095e-05,2.38095e-05,2.38095e-05,2.38095e-05,2.38095e-05,2.38095e-05,2.38095e-05,2.38095e-05,67.66,67.69,67.4,67.49,3906900,67.66,67.69,67.4,67.49,3906900,380.75,381.54999,377.82999,379.92999,688400,360.79999,361.049988,358.29001,359.26001,549500,360.79999,361.049988,358.29001,359.26001,549500,71.14,69.5,71.26,69.11,134220.0,2.26,22.55,22.67,21.88,22.07,17468900,361.76999,363.95999,361.76999,363.95001,30252200,86.27,86.5,85.19,85.82,4124300,86.27,86.5,85.19,85.82,4124300,434.73999,435.72,433.69,435.45999,47878500,434.73999,435.72,433.69,435.45999,47878500,32.3,32.31,32.060001,32.16,1831000,1.277,1.288,1.317,1.233,1.277,1.288,1.317,1.233
2021-07-23,32305.95898,33581.55078,32057.89258,33581.55078,1.17736,1.17855,1.1756,1.17727,1806.94995,1810.56006,1790.45496,1801.33997,1806.94995,1810.56006,1790.45496,1801.33997,2.38095e-05,2.38095e-05,2.38095e-05,2.38095e-05,2.38095e-05,2.38095e-05,2.38095e-05,2.38095e-05,67.78,67.92,67.6,67.87,4876700,67.78,67.92,67.6,67.87,4876700,381.97,382.5,380.19,380.76999,795900,360.60999,361.70001,358.76001,361.31,478400,360.60999,361.70001,358.76001,361.31,478400,71.38,70.97,71.48,70.69,73540.0,0.34,22.01,22.08,21.51,21.81,17653300,365.31,368.48999,363.92001,368.20001,31960800,86.73,86.73,85.61,85.81,2607600,86.73,86.73,85.61,85.81,2607600,437.51999,440.29999,436.79001,439.94,63766600,437.51999,440.29999,436.79001,439.94,63766600,32.41,32.5,32.3,32.44,2113300,1.281,1.268,1.311,1.268,1.281,1.268,1.311,1.268
2021-07-26,35384.03125,40499.67578,35287.3125,37337.53516,1.1773,1.18175,1.17646,1.17734,1802.64502,1811.96997,1795.67505,1797.26501,1802.64502,1811.96997,1795.67505,1797.26501,2.38095e-05,2.38095e-05,2.38095e-05,2.38095e-05,2.38095e-05,2.38095e-05,2.38095e-05,2.38095e-05,67.33,67.64,67.27,67.63,4731900,67.33,67.64,67.27,67.63,4731900,373.0,374.35999,366.39999,368.049988,2720700,357.92001,359.44,355.29999,358.26001,715800,357.92001,359.44,355.29999,358.26001,715800,71.34,71.46,71.71,69.9,105910.0,-0.06,21.8,22.3,21.48,22.13,16267900,367.48999,368.89001,366.60001,368.48999,28438100,85.73,86.2,85.42,85.95,3759800,85.73,86.2,85.42,85.95,3759800,439.31,441.029999,439.26001,441.019989,43719200,439.31,441.029999,439.26001,441.019989,43719200,32.46,32.62,32.46,32.62,1951400,1.295,1.283,1.296,1.221,1.295,1.283,1.296,1.221
2021-07-27,37276.03516,39406.94141,36441.72656,39406.94141,1.18064,1.18371,1.17718,1.18078,1797.52502,1805.59998,1792.82996,1798.73206,1797.52502,1805.59998,1792.82996,1798.73206,2.38095e-05,2.38095e-05,2.38095e-05,2.38095e-05,2.38095e-05,2.38095e-05,2.38095e-05,2.38095e-05,67.31,67.42,66.85,67.26,5217500,67.31,67.42,66.85,67.26,5217500,368.25,375.54999,368.25,374.73001,1460600,358.51999,365.059998,358.47,362.20001,573100,358.51999,365.059998,358.47,362.20001,573100,71.14,71.61,71.76,70.62,114130.0,-0.28,21.96,22.11,21.09,21.68,23078700,368.22,368.22,360.16,364.42999,57933100,87.6,89.46,87.41,88.22,8429700,87.6,89.46,87.41,88.22,8429700,439.91,439.94,435.98999,439.01001,67397100,439.91,439.94,435.98999,439.01001,67397100,32.47,32.66,32.33,32.66,2478600,1.239,1.29,1.29,1.229,1.239,1.29,1.29,1.229
2021-07-28,39503.1875,40816.07031,38862.4375,39995.90625,1.18224,1.18301,1.17858,1.18231,1799.0,1809.90002,1792.59998,1806.88086,1799.0,1809.90002,1792.59998,1806.88086,2.38095e-05,2.38095e-05,2.38095e-05,2.38095e-05,2.38095e-05,2.38095e-05,2.38095e-05,2.38095e-05,67.44,67.78,67.3,67.62,4851200,67.44,67.78,67.3,67.62,4851200,376.0,376.23999,370.59,372.81,775200,363.47,364.98999,359.85001,360.10999,564400,363.47,364.98999,359.85001,360.10999,564400,71.79,71.36,72.0,71.16,96970.0,0.91,21.75,22.615,21.69,22.56,25073600,365.60001,367.45001,363.23999,365.82999,42066200,89.12,89.12,86.95,87.2,5517100,89.12,89.12,86.95,87.2,5517100,439.67999,440.29999,437.31,438.82999,52472400,439.67999,440.29999,437.31,438.82999,52472400,32.59,32.76,32.51,32.68,2066100,1.238,1.243,1.278,1.226,1.238,1.243,1.278,1.226
2021-07-29,39995.45312,40593.07031,39352.05859,40008.42188,1.18468,1.1892,1.18417,1.1846,1807.15002,1833.047363,1806.28503,1827.95496,1807.15002,1833.047363,1806.28503,1827.95496,2.38095e-05,2.38095e-05,2.38095e-05,2.38095e-05,2.38095e-05,2.38095e-05,2.38095e-05,2.38095e-05,67.91,68.040001,67.79,67.85,4415600,67.91,68.040001,67.79,67.85,4415600,374.85001,375.85999,371.35001,372.60001,754800,362.81,369.84,362.81,365.66,1015700,362.81,369.84,362.81,365.66,1015700,72.98,71.8,73.02,71.66,110600.0,1.66,22.78,22.85,22.14,22.18,19219100,365.25,367.67999,365.25,366.48001,25672500,88.63,88.65,87.49,87.65,4135400,88.63,88.65,87.49,87.65,4135400,439.82001,441.79999,439.81,440.64999,47435300,439.82001,441.79999,439.81,440.64999,47435300,33.18,33.26,33.060001,33.07,1294900,1.266,1.239,1.284,1.231,1.266,1.239,1.284,1.231
2021-07-30,40027.48438,42235.54688,38397.35547,42235.54688,1.1892,1.1911,1.18555,1.1893,1828.20996,1831.625,1809.47998,1813.58154,1828.20996,1831.625,1809.47998,1813.58154,2.38095e-05,2.38095e-05,2.38095e-05,2.38095e-05,2.38095e-05,2.38095e-05,2.38095e-05,2.38095e-05,67.15,67.45,67.029999,67.11,4993200,67.15,67.45,67.029999,67.11,4993200,372.070007,373.64001,370.10999,371.67001,798600,364.63,366.38,362.20999,363.019989,645200,364.63,366.38,362.20999,363.019989,645200,73.23,72.75,73.52,72.3,97780.0,0.34,21.85,22.406,21.71,21.71,15889200,362.44,365.17001,362.41,364.57001,36484600,87.37,87.76,86.66,86.95,4443600,87.37,87.76,86.66,86.95,4443600,437.91,440.059998,437.76999,438.51001,68951200,437.91,440.059998,437.76999,438.51001,68951200,32.93,33.049999,32.73,32.79,1626500,1.226,1.263,1.264,1.224,1.226,1.263,1.264,1.224
2021-08-02,39907.26172,40419.17969,38746.34766,39201.94531,1.18654,1.1899,1.18596,1.1867,1814.34497,1819.93506,1805.12,1813.38501,1814.34497,1819.93506,1805.12,1813.38501,2.38095e-05,2.38095e-05,2.38095e-05,2.38095e-05,2.38095e-05,2.38095e-05,2.38095e-05,2.38095e-05,68.11,68.23,67.64,67.76,5067800,68.11,68.23,67.64,67.76,5067800,372.29999,375.040009,368.079987,368.29999,1176500,363.82001,367.35999,361.70999,361.84,396700,363.82001,367.35999,361.70999,361.84,396700,70.61,73.11,73.19,69.96,138720.0,-3.58,21.91,22.37,21.48,22.1,21372900,366.28,366.88,363.87,364.60001,27334100,87.14,88.74,86.51,86.61,4049200,87.14,88.74,86.51,86.61,4049200,440.34,440.92999,437.20999,437.59,58783300,440.34,440.92999,437.20999,437.59,58783300,33.0099983,33.14,32.86,32.9,2960300,1.179,1.237,1.245,1.151,1.179,1.237,1.245,1.151
2021-08-03,39178.40234,39750.03125,37782.05078,38152.98047,1.18749,1.1896,1.18556,1.18747,1813.63501,1815.18005,1806.72998,1809.93994,1813.63501,1815.18005,1806.72998,1809.93994,2.38095e-05,2.38095e-05,2.38095e-05,2.38095e-05,2.38095e-05,2.38095e-05,2.38095e-05,2.38095e-05,67.99,68.28,67.66,68.26,3739500,67.99,68.28,67.66,68.26,3739500,369.38,369.91,366.0,369.45001,872900,361.35001,365.62,358.66,364.44,666200,361.35001,365.62,358.66,364.44,666200,70.03,70.86,71.29,68.65,174910.0,-0.82,22.030001,22.27,21.71,22.24,17040100,365.28,366.92999,362.0,366.81,35558500,86.69,88.0,85.33,87.97,4629200,86.69,88.0,85.33,87.97,4629200,438.44,441.28,436.10001,441.14999,58053900,438.44,441.28,436.10001,441.14999,58053900,33.2,33.32,33.0,33.29,1750500,1.174,1.181,1.2,1.154,1.174,1.181,1.2,1.154
2021-08-04,38213.33203,39952.29688,37589.16406,39747.50391,1.18692,1.1902,1.18343,1.18694,1810.60498,1832.10498,1806.53503,1811.40503,1810.60498,1832.10498,1806.53503,1811.40503,2.38095e-05,2.38095e-05,2.38095e-05,2.38095e-05,2.38095e-05,2.38095e-05,2.38095e-05,2.38095e-05,67.83,67.9,67.48,67.56,3162700,67.83,67.9,67.48,67.56,3162700,364.48999,365.35999,359.60999,361.64001,1608100,362.85001,364.0,356.51001,357.25,641800,362.85001,364.0,356.51001,357.25,641800,67.79,69.88,70.31,67.52,243600.0,-3.2,22.2,22.54,22.07,22.3,15537400,366.76999,368.32001,365.63,367.34,29602200,86.87,87.39,85.65,85.82,5286000,86.87,87.39,85.65,85.82,5286000,439.78,441.12,438.73001,438.98001,46732200,439.78,441.12,438.73001,438.98001,46732200,33.36,33.41,33.17,33.2,1474800,1.18,1.177,1.215,1.127,1.18,1.177,1.215,1.127
2021-08-05,39744.51562,41341.93359,37458.00391,40869.55469,1.18399,1.1859,1.18298,1.18374,1811.68506,1815.44995,1797.73999,1804.013062,1811.68506,1815.44995,1797.73999,1804.013062,2.38095e-05,2.38095e-05,2.38095e-05,2.38095e-05,2.38095e-05,2.38095e-05,2.38095e-05,2.38095e-05,67.94,68.029999,67.86,67.96,2611300,67.94,68.029999,67.86,67.96,2611300,362.44,363.019989,359.88,360.78,912600,358.64999,359.41,357.0,358.72,351300,358.64999,359.41,357.0,358.72,351300,68.74,67.64,68.97,67.22,146620.0,1.4,22.22,22.77,22.02,22.52,18575200,368.17999,369.91,367.45001,369.67001,21443900,86.41,87.43,86.19,86.88,3604600,86.41,87.43,86.19,86.88,3604600,440.22,441.85001,439.88,441.76001,38969700,440.22,441.85001,439.88,441.76001,38969700,33.31,33.38,33.22,33.33,1144800,1.225,1.19,1.229,1.169,1.225,1.19,1.229,1.169
2021-08-06,40865.86719,43271.66016,39932.17969,42816.5,1.18332,1.18357,1.17564,1.18357,1804.28003,1804.92981,1758.32996,1762.68994,1804.28003,1804.92981,1758.32996,1762.68994,2.38095e-05,2.38095e-05,2.38095e-05,2.38095e-05,2.38095e-05,2.38095e-05,2.38095e-05,2.38095e-05,67.84,67.92,67.68,67.82,2704700,67.84,67.92,67.68,67.82,2704700,362.29999,363.45999,360.56,362.049988,704500,359.85999,362.97,359.85999,362.10999,361100,359.85999,362.97,359.85999,362.10999,361100,68.1,68.77,69.87,67.62,273910.0,-0.93,22.64,22.69,21.79,21.82,24200700,368.37,369.37,366.91,368.049988,33332100,87.45,87.98,87.17,87.58,3020200,87.45,87.98,87.17,87.58,3020200,442.10001,442.94,441.79999,442.48999,46930000,442.10001,442.94,441.79999,442.48999,46930000,33.28,33.34,33.17,33.24,1336300,1.305,1.227,1.305,1.225,1.305,1.227,1.305,1.225
2021-08-09,43791.92578,46456.83203,42848.6875,46365.40234,1.17509,1.17716,1.17418,1.17495,1763.34497,1764.64819,1684.77002,1729.45752,1763.34497,1764.64819,1684.77002,1729.45752,2.38095e-05,2.38095e-05,2.38095e-05,2.38095e-05,2.38095e-05,2.38095e-05,2.38095e-05,2.38095e-05,67.68,67.89,67.57,67.78,3586000,67.68,67.89,67.57,67.78,3586000,360.70001,362.42001,359.78,361.040009,945100,361.72,361.72,359.70001,360.98999,356500,361.72,361.72,359.70001,360.98999,356500,66.3,67.62,67.67,65.0,247220.0,-2.64,21.85,23.28,21.8,22.93,35611100,368.51999,369.26999,367.39001,368.73001,25960200,87.059998,87.43,86.53,87.080002,3265600,87.059998,87.43,86.53,87.080002,3265600,442.45999,442.79999,441.31,442.13,41222600,442.45999,442.79999,441.31,442.13,41222600,33.22,33.25,33.14,33.21,945800,1.325,1.297,1.331,1.268,1.325,1.297,1.331,1.268
2021-08-10,46280.84766,46637.98828,44705.55469,45585.03125,1.1739,1.1744,1.17107,1.17385,1729.73999,1738.495,1717.16504,1728.71045,1729.73999,1738.495,1717.16504,1728.71045,2.38095e-05,2.38095e-05,2.38095e-05,2.38095e-05,2.38095e-05,2.38095e-05,2.38095e-05,2.38095e-05,67.6,67.82,67.57,67.82,2298700,67.6,67.82,67.57,67.82,2298700,360.19,363.059998,360.10001,362.23999,842100,360.22,363.029999,358.87,362.67999,642600,360.22,363.029999,358.87,362.67999,642600,68.06,66.62,68.66,66.29,188990.0,2.65,23.01,23.52,22.78,22.92,25947900,369.26001,369.56,365.62,366.84,35130800,87.19,88.059998,87.0,87.65,2909100,87.19,88.059998,87.0,87.65,2909100,442.60999,443.44,441.88,442.67999,43339300,442.60999,443.44,441.88,442.67999,43339300,33.17,33.38,33.14,33.38,7975600,1.354,1.322,1.357,1.307,1.354,1.322,1.357,1.307
2021-08-11,45599.70312,46735.63281,45351.71094,45593.63672,1.17198,1.17469,1.17064,1.17233,1729.005005,1754.63,1723.54004,1751.56274,1729.005005,1754.63,1723.54004,1751.56274,2.38095e-05,2.38095e-05,2.38095e-05,2.38095e-05,2.38095e-05,2.38095e-05,2.38095e-05,2.38095e-05,68.61,68.69,68.44,68.66,3690600,68.61,68.69,68.44,68.66,3690600,362.45001,364.35001,361.0,363.29999,900100,363.79999,367.31,362.25,366.10001,331200,363.79999,367.31,362.25,366.10001,331200,69.02,68.28,69.19,66.47,223820.0,1.41,23.07,23.19,22.09,22.35,34679000,368.14001,368.64999,364.84,366.20999,34249800,87.81,88.66,87.43,88.62,3724800,87.81,88.66,87.43,88.62,3724800,443.82001,443.88,442.62,443.78,44034300,443.82001,443.88,442.62,443.78,44034300,33.54,33.7,33.51,33.69,2042500,1.335,1.357,1.378,1.302,1.335,1.357,1.378,1.302
2021-08-12,45576.87891,46228.91016,43861.44531,44428.28906,1.17421,1.1751,1.17251,1.17419,1751.65503,1758.62,1741.29004,1752.4375,1751.65503,1758.62,1741.29004,1752.4375,2.38095e-05,2.38095e-05,2.38095e-05,2.38095e-05,2.38095e-05,2.38095e-05,2.38095e-05,2.38095e-05,68.26,68.43,68.019997,68.43,3580400,68.26,68.43,68.019997,68.43,3580400,362.32999,364.29999,358.79999,359.75,1005400,367.35001,367.35001,361.0,363.85999,570400,367.35001,367.35001,361.0,363.85999,570400,68.9,69.15,69.39,68.24,182540.0,-0.17,24.45,25.76,23.585,24.89,189287200,365.69,367.89999,364.29999,367.53,25969200,88.4,88.66,87.38,87.98,2816500,88.4,88.66,87.38,87.98,2816500,443.62,445.26001,442.66,445.10999,38909400,443.62,445.26001,442.66,445.10999,38909400,33.62,33.62,33.48,33.54,2163900,1.361,1.345,1.379,1.334,1.361,1.345,1.379,1.334
2021-08-13,44439.69141,47831.97656,44282.41797,47793.32031,1.17361,1.1803,1.1731,1.17363,1752.72498,1780.52502,1751.26501,1779.15149,1752.72498,1780.52502,1751.26501,1779.15149,2.38095e-05,2.38095e-05,2.38095e-05,2.38095e-05,2.38095e-05,2.38095e-05,2.38095e-05,2.38095e-05,68.51,68.67,68.44,68.64,2954200,68.51,68.67,68.44,68.64,2954200,360.25,361.070007,357.51001,357.98001,1222200,363.88,365.31,362.73001,363.10999,372100,363.88,365.31,362.73001,363.10999,372100,68.21,68.75,68.99,67.55,145270.0,-1.0,25.0,25.1,24.31,24.9,52395100,367.89001,369.16,367.38,368.82001,19336200,88.099998,88.14,87.14,87.25,3051300,88.099998,88.14,87.14,87.25,3051300,445.59,445.94,445.070007,445.92001,39470300,445.59,445.94,445.070007,445.92001,39470300,33.66,33.74,33.62,33.72,1141200,1.283,1.357,1.364,1.28,1.283,1.357,1.364,1.28
2021-08-16,47019.96094,47998.09766,45700.32031,46004.48438,1.17963,1.18036,1.1768,1.17947,1778.44495,1789.505,1770.375,1787.23828,1778.44495,1789.505,1770.375,1787.23828,2.38095e-05,2.38095e-05,2.38095e-05,2.38095e-05,2.38095e-05,2.38095e-05,2.38095e-05,2.38095e-05,67.95,68.17,67.72,68.17,3193200,67.95,68.17,67.72,68.17,3193200,357.98001,360.51001,355.56,360.25,1625700,362.45999,368.82001,359.54999,368.62,679900,362.45999,368.82001,359.54999,368.62,679900,67.05,67.63,68.03,65.51,205580.0,-1.7,24.9,24.9,23.77,24.5,45907300,367.67001,369.019989,363.70001,368.98001,34856900,86.72,87.26,85.57,87.14,3895900,86.72,87.26,85.57,87.14,3895900,444.53,447.10999,442.87,446.97,73740000,444.53,447.10999,442.87,446.97,73740000,33.37,33.47,33.19,33.44,1284500,1.268,1.285,1.285,1.223,1.268,1.285,1.285,1.223
2021-08-17,45936.45703,47139.57031,44512.41797,44695.35938,1.17799,1.17841,1.17106,1.17799,1787.50549,1795.77002,1780.27502,1785.95557,1787.50549,1795.77002,1780.27502,1785.95557,2.38095e-05,2.38095e-05,2.38095e-05,2.38095e-05,2.38095e-05,2.38095e-05,2.38095e-05,2.38095e-05,67.35,67.63,67.27,67.6,4005200,67.35,67.63,67.27,67.6,4005200,359.049988,362.53,358.67001,361.60001,1571000,369.029999,371.76001,365.91,368.63,924700,369.029999,371.76001,365.91,368.63,924700,66.34,67.17,67.46,66.09,232410.0,-1.06,23.9,24.59,23.74,23.97,35348300,366.14999,367.14999,363.23001,365.73001,44793900,86.4,87.17,85.65,86.61,3999200,86.4,87.17,85.65,86.61,3999200,444.23999,444.95999,440.85001,444.040009,92673900,444.23999,444.95999,440.85001,444.040009,92673900,33.24,33.35,33.060001,33.24,1669500,1.267,1.263,1.273,1.217,1.267,1.263,1.273,1.217
2021-08-18,44686.75,45952.0625,44364.02734,44801.1875,1.17096,1.1731,1.16969,1.17097,1786.21497,1794.31494,1777.30505,1787.58997,1786.21497,1794.31494,1777.30505,1787.58997,2.38095e-05,2.38095e-05,2.38095e-05,2.38095e-05,2.38095e-05,2.38095e-05,2.38095e-05,2.38095e-05,67.5,67.68,67.23,67.25,3620200,67.5,67.68,67.23,67.25,3620200,359.5,360.5,356.56,356.60001,961000,366.51999,367.53,363.029999,363.16,411700,366.51999,367.53,363.029999,363.16,411700,65.21,66.34,67.23,64.17,386360.0,-1.7,24.07,25.94,23.68,25.28,92065600,365.17999,366.62,361.87,362.20999,38541900,86.050003,86.92,85.41,85.48,4256200,86.050003,86.92,85.41,85.48,4256200,442.95999,444.63,438.92001,439.17999,89351900,442.95999,444.63,438.92001,439.17999,89351900,33.16,33.31,33.029999,33.060001,1856700,1.26,1.26,1.3,1.255,1.26,1.26,1.3,1.255
2021-08-19,44741.88281,46970.76172,43998.31641,46717.57812,1.17038,1.17069,1.16687,1.17033,1788.045044,1792.56494,1774.20496,1780.17896,1788.045044,1792.56494,1774.20496,1780.17896,2.38095e-05,2.38095e-05,2.38095e-05,2.38095e-05,2.38095e-05,2.38095e-05,2.38095e-05,2.38095e-05,66.42,66.77,66.37,66.61,6036300,66.42,66.77,66.37,66.61,6036300,355.23001,359.89999,353.57001,354.029999,1345700,362.14999,365.0,359.88,361.089996,468100,362.14999,365.0,359.88,361.089996,468100,63.5,64.45,64.57,62.41,494970.0,-2.62,25.01,25.64,24.14,24.16,67605600,360.22,365.67999,359.95999,363.95999,48499400,84.33,84.84,82.97,83.35,5707000,84.33,84.84,82.97,83.35,5707000,436.26999,441.14001,436.12,439.85999,92812200,436.26999,441.14001,436.12,439.85999,92812200,32.55,32.69,32.44,32.55,2653900,1.243,1.263,1.267,1.22,1.243,1.263,1.267,1.22
2021-08-20,46723.12109,49342.15234,46650.70703,49339.17578,1.16768,1.1691,1.16649,1.16766,1780.44043,1788.84998,1777.96497,1780.86682,1780.44043,1788.84998,1777.96497,1780.86682,2.37954e-05,2.38095e-05,2.37954e-05,2.38095e-05,2.37954e-05,2.38095e-05,2.37954e-05,2.38095e-05,66.24,66.71,66.16,66.66,4945000,66.24,66.71,66.16,66.66,4945000,354.73999,358.81,353.57001,357.17001,904300,360.20999,364.67001,359.26001,363.0,496000,360.20999,364.67001,359.26001,363.0,496000,62.14,63.65,64.04,61.82,365010.0,-2.14,24.22,24.48,23.66,24.01,52062300,365.059998,368.14001,364.73999,367.73001,39486000,83.29,84.48,83.0,84.050003,4502400,83.29,84.48,83.0,84.050003,4502400,440.23001,443.70999,439.70999,443.35999,72008700,440.23001,443.70999,439.70999,443.35999,72008700,32.46,32.73,32.43,32.7,1650200,1.255,1.243,1.267,1.227,1.255,1.243,1.267,1.227
2021-08-23,49291.67578,50482.07813,49074.60547,49546.14844,1.16997,1.17433,1.16956,1.16975,1780.54504,1806.91504,1776.025024,1805.19751,1780.54504,1806.91504,1776.025024,1805.19751,2.37954e-05,2.38095e-05,2.37954e-05,2.38095e-05,2.37954e-05,2.38095e-05,2.37954e-05,2.38095e-05,67.37,67.67,67.33,67.54,4030800,67.37,67.67,67.33,67.54,4030800,357.94,359.070007,356.41,357.35001,827800,365.0,365.17001,362.66,362.92001,474400,365.0,365.17001,362.66,362.92001,474400,65.34,61.75,65.66,61.5,106600.0,5.15,24.02,24.93,23.9,24.82,35705300,368.79999,373.94,368.79001,373.23001,34034700,84.58,85.58,84.51,84.96,3367700,84.58,85.58,84.51,84.96,3367700,445.16,448.23001,443.44,447.26001,54973000,445.16,448.23001,443.44,447.26001,54973000,32.82,32.98,32.81,32.92,1759200,1.253,1.26,1.283,1.252,1.253,1.26,1.283,1.252
2021-08-24,49562.34766,49878.76953,47687.11719,47706.11719,1.17467,1.17648,1.17281,1.17445,1805.61499,1810.030029,1799.72998,1802.60547,1805.61499,1810.030029,1799.72998,1802.60547,2.37954e-05,2.38095e-05,2.37954e-05,2.38095e-05,2.37954e-05,2.38095e-05,2.37954e-05,2.38095e-05,67.97,68.33,67.94,68.14,6024300,67.97,68.33,67.94,68.14,6024300,358.97,360.48999,357.92001,359.0,822600,364.45001,364.45001,362.26999,362.76999,318800,364.45001,364.45001,362.26999,362.76999,318800,67.25,65.24,67.49,65.15,91590.0,2.92,25.0,25.35,24.76,25.1,37227400,373.84,374.98999,373.35999,374.37,21732900,85.11,86.080002,85.0,85.43,4751800,85.11,86.080002,85.0,85.43,4751800,447.97,448.54001,447.42001,447.97,38744700,447.97,448.54001,447.42001,447.97,38744700,32.76,33.0099983,32.73,32.96,4724700,1.297,1.257,1.299,1.257,1.297,1.257,1.299,1.257
2021-08-25,47727.25781,49202.87891,47163.61328,48960.78906,1.1755,1.17606,1.17286,1.17531,1802.86499,1803.57471,1782.45496,1790.68005,1802.86499,1803.57471,1782.45496,1790.68005,2.37954e-05,2.38095e-05,2.37954e-05,2.38095e-05,2.37954e-05,2.38095e-05,2.37954e-05,2.38095e-05,67.84,68.059998,67.77,68.010002,4446200,67.84,68.059998,67.77,68.010002,4446200,359.69,360.64999,357.98999,358.75,953500,362.95001,364.42001,361.66,362.66,416600,362.95001,364.42001,361.66,362.66,416600,68.06,67.33,68.23,66.63,107200.0,1.2,25.12,25.19,24.07,24.35,54678500,374.63,375.39001,373.85999,374.79999,20441900,85.62,86.44,85.0,85.73,3195200,85.62,86.44,85.0,85.73,3195200,448.17001,449.45999,447.76999,448.91,40529700,448.17001,449.45999,447.76999,448.91,40529700,33.029999,33.16,32.97,33.11,1553300,1.349,1.295,1.352,1.283,1.349,1.295,1.352,1.283
2021-08-26,49002.64062,49347.58203,46405.78125,46942.21875,1.1773,1.17813,1.17478,1.17744,1791.094971,1798.61499,1779.47998,1792.15503,1791.094971,1798.61499,1779.47998,1792.15503,2.37954e-05,2.38095e-05,2.37954e-05,2.38095e-05,2.37954e-05,2.38095e-05,2.37954e-05,2.38095e-05,67.78,67.86,67.56,67.66,3698700,67.78,67.86,67.56,67.66,3698700,359.10001,361.98001,357.23999,361.62,1172400,362.13,367.040009,360.78,366.76001,739600,362.13,367.040009,360.78,366.76001,739600,67.1,67.78,67.97,66.71,102000.0,-1.41,24.4,25.41,24.36,24.87,46179400,373.92001,374.62,371.97,372.42001,29133300,85.66,85.8,84.52,84.76,2596000,85.66,85.8,84.52,84.76,2596000,448.60999,448.85999,446.16,446.26001,57829600,448.60999,448.85999,446.16,446.26001,57829600,33.02,33.080002,32.86,32.91,1713400,1.354,1.344,1.375,1.332,1.354,1.344,1.375,1.332
2021-08-27,46894.55469,49112.78516,46394.28125,49058.66797,1.1753,1.18036,1.1736,1.17564,1792.59998,1819.38245,1787.66003,1816.66895,1792.59998,1819.38245,1787.66003,1816.66895,2.37954e-05,2.38095e-05,2.37954e-05,2.38095e-05,2.37954e-05,2.38095e-05,2.37954e-05,2.38095e-05,67.52,68.14,67.48,68.13,4057800,67.52,68.14,67.48,68.13,4057800,363.29001,364.32999,361.17999,361.98999,1203900,367.089996,368.45999,363.54999,364.84,553700,367.089996,368.45999,363.54999,364.84,553700,68.48,67.47,68.69,67.18,107410.0,2.06,25.049999,26.09,24.91,25.71,52268500,373.070007,376.56,372.57001,376.040009,27104700,85.18,86.14,85.15,85.4,3590400,85.18,86.14,85.15,85.4,3590400,447.12,450.64999,447.059998,450.25,77235100,447.12,450.64999,447.059998,450.25,77235100,32.97,33.26,32.95,33.2,1821800,1.31,1.347,1.359,1.3,1.31,1.347,1.359,1.3
2021-08-30,48834.85156,48925.60547,46950.27344,47054.98438,1.18,1.1812,1.17845,1.1799,1817.54504,1823.37952,1807.27502,1810.16528,1817.54504,1823.37952,1807.27502,1810.16528,2.37954e-05,2.38095e-05,2.37954e-05,2.38095e-05,2.37954e-05,2.38095e-05,2.37954e-05,2.38095e-05,68.12,68.13,67.96,68.040001,4218800,68.12,68.13,67.96,68.040001,4218800,362.25,363.95999,361.75,362.049988,986000,364.75,369.29999,363.91,367.62,541100,364.75,369.29999,363.91,367.62,541100,68.93,68.94,69.36,67.53,129090.0,0.66,25.74,26.6,25.62,25.76,44139300,376.85001,380.76001,376.82999,380.26001,27295700,85.49,85.52,84.7,84.8,2936800,85.49,85.52,84.7,84.8,2936800,450.97,453.070007,450.70999,452.23001,48357400,450.97,453.070007,450.70999,452.23001,48357400,33.24,33.34,33.16,33.18,2264600,1.28,1.307,1.316,1.278,1.28,1.307,1.316,1.278
2021-08-31,47024.33984,48189.55078,46750.09375,47166.6875,1.17994,1.18455,1.17965,1.17969,1810.26453,1819.43005,1801.47498,1813.4281,1810.26453,1819.43005,1801.47498,1813.4281,2.37954e-05,2.38095e-05,2.37954e-05,2.38095e-05,2.37954e-05,2.38095e-05,2.37954e-05,2.38095e-05,68.6,68.69,68.39,68.4,5026700,68.6,68.69,68.39,68.4,5026700,359.39999,360.85001,358.10001,359.79999,1083900,367.37,367.91,364.14001,367.70001,782300,367.37,367.91,364.14001,367.70001,782300,68.26,68.89,69.07,67.92,90700.0,-0.97,25.79,26.36,25.66,26.34,93168600,380.51001,380.57999,378.35999,379.95001,29628200,84.65,85.42,84.34,84.76,3969600,84.65,85.42,84.34,84.76,3969600,452.13,452.48999,450.92001,451.56,59300200,452.13,452.48999,450.92001,451.56,59300200,33.080002,33.12,33.0,33.0099983,3977400,1.307,1.28,1.316,1.27,1.307,1.28,1.316,1.27
2021-09-01,47099.77344,49111.08984,46562.4375,48847.02734,1.1812,1.186,1.17951,1.18103,1813.57495,1820.21497,1808.17505,1813.65503,1813.57495,1820.21497,1808.17505,1813.65503,2.37954e-05,2.38095e-05,2.37954e-05,2.38095e-05,2.37954e-05,2.38095e-05,2.37954e-05,2.38095e-05,69.38,69.7,69.32,69.51,8814900,69.38,69.7,69.32,69.51,8814900,358.29999,359.51001,356.54001,356.66,1116000,367.89001,367.89001,364.60001,364.98001,508300,367.89001,367.89001,364.60001,364.98001,508300,68.32,68.31,68.98,66.92,124270.0,0.09,26.46,26.51,26.030001,26.2,34417200,381.040009,382.70999,380.37,380.57999,28138300,85.14,85.14,83.92,84.099998,4109000,85.14,85.14,83.92,84.099998,4109000,452.56,453.10999,451.54999,451.79999,48721400,452.56,453.10999,451.54999,451.79999,48721400,33.26,33.32,33.21,33.21,3088200,1.299,1.317,1.334,1.283,1.299,1.317,1.334,1.283
2021-09-02,48807.84766,50343.42188,48652.32031,49327.72266,1.18423,1.18723,1.18348,1.18409,1813.91504,1817.52502,1804.47998,1809.40051,1813.91504,1817.52502,1804.47998,1809.40051,2.37954e-05,2.38095e-05,2.37954e-05,2.38095e-05,2.37954e-05,2.38095e-05,2.37954e-05,2.38095e-05,69.82,70.059998,69.68,69.83,9157900,69.82,70.059998,69.68,69.83,9157900,356.81,358.73999,355.51999,358.049988,2071500,365.0,368.39999,365.0,368.29999,665600,365.0,368.39999,365.0,368.29999,665600,69.73,67.99,70.31,67.58,137710.0,2.06,26.21,26.87,26.09,26.51,38460100,381.97,382.31,379.14999,380.39999,25453400,84.2,84.95,84.13,84.54,3471600,84.2,84.95,84.13,84.54,3471600,453.32001,454.049988,451.91,453.19,42501000,453.32001,454.049988,451.91,453.19,42501000,33.31,33.51,33.31,33.44,1651200,1.285,1.304,1.305,1.283,1.285,1.304,1.305,1.283
2021-09-03,49288.25,50982.27344,48386.08594,50025.375,1.18742,1.19076,1.18682,1.18765,1809.98499,1834.55005,1808.53345,1826.18994,1809.98499,1834.55005,1808.53345,1826.18994,2.37954e-05,2.38095e-05,2.37954e-05,2.38095e-05,2.37954e-05,2.38095e-05,2.37954e-05,2.38095e-05,71.040001,71.92,71.040001,71.81,14312000,71.040001,71.92,71.040001,71.81,14312000,358.049988,358.26999,355.63,356.0,893200,367.76001,368.26999,365.42999,365.92999,379400,367.76001,368.26999,365.42999,365.92999,379400,69.07,69.51,70.27,68.87,101340.0,-0.95,26.49,26.75,26.22,26.64,26609500,379.22,381.98001,379.20001,381.57001,24605400,84.38,84.63,83.5,83.65,3300100,84.38,84.63,83.5,83.65,3300100,451.98001,453.63,451.54999,453.079987,47170500,451.98001,453.63,451.54999,453.079987,47170500,33.4,33.52,33.34,33.47,2105200,1.326,1.292,1.336,1.267,1.326,1.292,1.336,1.267
2021-09-07,52660.48047,52853.76562,43285.20703,46811.12891,1.18739,1.18878,1.18383,1.18751,1823.27002,1827.38501,1792.32996,1794.1333,1823.27002,1827.38501,1792.32996,1794.1333,2.37954e-05,2.38095e-05,2.37954e-05,2.38095e-05,2.37954e-05,2.38095e-05,2.37954e-05,2.38095e-05,71.99,72.68,71.89,72.56,9022800,71.99,72.68,71.89,72.56,9022800,354.72,354.72,349.070007,349.20001,2033500,363.54001,365.51999,358.57001,358.88,869100,363.54001,365.51999,358.57001,358.88,869100,68.13,68.9,69.24,67.44,139430.0,-0.97,26.79,26.88,26.27,26.7,35835100,381.67999,382.78,380.48999,382.10999,23970200,83.36,83.65,82.36,83.0,5701400,83.36,83.65,82.36,83.0,5701400,452.70999,452.81,450.73999,451.45999,51671500,452.70999,452.81,450.73999,451.45999,51671500,33.38,33.42,33.14,33.15,3340800,1.377,1.336,1.385,1.336,1.377,1.336,1.385,1.336
2021-09-08,46827.76172,47334.05469,44561.39453,46091.39062,1.18455,1.1854,1.18032,1.18436,1794.41003,1802.60498,1781.97998,1788.92505,1794.41003,1802.60498,1781.97998,1788.92505,2.37954e-05,2.38095e-05,2.37954e-05,2.38095e-05,2.37954e-05,2.38095e-05,2.37954e-05,2.38095e-05,72.72,72.8,72.22,72.25,4429600,72.72,72.8,72.22,72.25,4429600,350.39001,353.57999,349.45999,351.45999,1215300,358.76999,362.48999,358.39001,360.39999,560100,358.76999,362.48999,358.39001,360.39999,560100,69.05,68.13,69.49,68.08,186530.0,1.35,26.6,26.61,24.96,25.58,54394400,381.92999,381.92999,378.45001,380.78,32949200,82.83,83.48,82.2,82.87,3911400,82.83,83.48,82.2,82.87,3911400,450.89001,451.67001,448.85999,450.91,56181900,450.89001,451.67001,448.85999,450.91,56181900,33.07,33.13,32.88,32.96,1810600,1.336,1.368,1.377,1.327,1.336,1.368,1.377,1.327
2021-09-09,45774.74219,47261.94922,45669.73828,46391.42188,1.18203,1.18413,1.18061,1.18191,1789.18506,1801.18994,1783.83496,1794.69495,1789.18506,1801.18994,1783.83496,1794.69495,2.37954e-05,2.38095e-05,2.37954e-05,2.38095e-05,2.37954e-05,2.38095e-05,2.37954e-05,2.38095e-05,72.69,73.040001,72.61,72.89,8012600,72.69,73.040001,72.61,72.89,8012600,350.51001,351.70001,347.85999,348.92999,1098900,360.32999,361.79001,356.70001,356.78,1259200,360.32999,361.79001,356.70001,356.78,1259200,67.92,69.11,69.61,67.35,238500.0,-1.64,25.39,26.24,25.29,26.13,34190800,381.01001,382.14999,379.22,379.47,29399000,82.93,84.35,82.73,83.66,4521200,82.93,84.35,82.73,83.66,4521200,450.70001,452.57001,448.72,448.98001,57970400,450.70001,452.57001,448.72,448.98001,57970400,32.81,32.96,32.68,32.72,3034700,1.297,1.338,1.346,1.287,1.297,1.338,1.346,1.287
2021-09-10,46396.66406,47031.74219,44344.48438,44883.91016,1.18235,1.1853,1.18194,1.18259,1794.61011,1804.15002,1786.53455,1787.33826,1794.61011,1804.15002,1786.53455,1787.33826,2.37954e-05,2.38095e-05,2.37954e-05,2.38095e-05,2.37954e-05,2.38095e-05,2.37954e-05,2.38095e-05,73.59,73.65,72.75,72.81,8440800,73.59,73.65,72.75,72.81,8440800,349.44,350.079987,345.82001,345.88,1222600,357.85001,358.10999,352.85999,354.10001,669300,357.85001,358.10999,352.85999,354.10001,669300,69.47,67.73,69.71,67.48,199520.0,2.28,26.18,26.73,26.17,26.28,37307800,381.23001,381.97,376.25,376.59,40249400,84.18,84.46,82.8,83.0,3893400,84.18,84.46,82.8,83.0,3893400,451.040009,451.48999,445.31,445.44,89948200,451.040009,451.48999,445.31,445.44,89948200,33.02,33.029999,32.74,32.74,2996600,1.343,1.304,1.355,1.3,1.343,1.304,1.355,1.3
2021-09-13,46057.21484,46598.67969,43591.32031,44963.07422,1.18125,1.18175,1.17706,1.1812,1788.54504,1798.65503,1783.73499,1793.48914,1788.54504,1798.65503,1783.73499,1793.48914,2.37954e-05,2.38095e-05,2.37954e-05,2.38095e-05,2.37954e-05,2.38095e-05,2.37954e-05,2.38095e-05,73.73,73.86,73.47,73.81,6507600,73.73,73.86,73.47,73.81,6507600,347.91,349.28,342.75,346.31,1489200,355.73999,357.54999,349.76001,353.70001,647800,355.73999,357.54999,349.76001,353.70001,647800,70.19,69.35,70.68,69.26,194030.0,1.04,26.15,26.239,25.030001,25.83,42372300,378.98999,379.42999,374.22,376.32999,48741800,83.78,84.23,82.76,83.64,4768000,83.78,84.23,82.76,83.64,4768000,448.64001,448.92001,444.10999,446.57999,83738600,448.64001,448.92001,444.10999,446.57999,83738600,33.11,33.14,32.93,33.02,2652000,1.326,1.343,1.35,1.316,1.326,1.343,1.35,1.316
2021-09-14,44960.05078,47218.125,44752.33203,47092.49219,1.18107,1.1847,1.1802,1.1812,1793.77002,1808.995,1781.89001,1804.2655,1793.77002,1808.995,1781.89001,1804.2655,2.37954e-05,2.38095e-05,2.37954e-05,2.38095e-05,2.37954e-05,2.38095e-05,2.37954e-05,2.38095e-05,73.86,73.86,73.36,73.4,7144100,73.86,73.86,73.36,73.4,7144100,348.0,348.29999,342.48001,344.34,1325600,355.059998,355.82001,349.10999,351.73001,848300,355.059998,355.82001,349.10999,351.73001,848300,70.23,70.38,70.97,69.75,242420.0,0.06,25.97,26.7,25.9,26.26,34569000,377.85999,378.60999,374.28,375.26001,41826600,83.8,83.84,82.26,82.74,5253300,83.8,83.84,82.26,82.74,5253300,448.12,448.34,443.22,444.17001,78197100,448.12,448.34,443.22,444.17001,78197100,33.2,33.2,32.74,32.74,1879100,1.284,1.326,1.35,1.263,1.284,1.326,1.35,1.263
2021-09-15,47098.0,48450.46875,46773.32812,48176.34766,1.18036,1.1833,1.1801,1.1805,1804.52539,1807.30005,1790.27502,1792.58997,1804.52539,1807.30005,1790.27502,1792.58997,2.37954e-05,2.38095e-05,2.37954e-05,2.38095e-05,2.37954e-05,2.38095e-05,2.37954e-05,2.38095e-05,73.62,74.12,73.57,74.12,5571100,73.62,74.12,73.57,74.12,5571100,344.79999,346.92999,343.91,345.070007,1149700,352.01001,357.20001,351.42999,355.73999,611500,352.01001,357.20001,351.42999,355.73999,611500,72.33,70.47,72.87,70.43,268430.0,2.99,26.3,27.15,26.030001,27.08,49555500,375.73001,378.41,373.37,378.049988,34097900,83.18,85.059998,82.83,84.87,5673400,83.18,85.059998,82.83,84.87,5673400,444.62,448.41,443.44,447.88,78792200,444.62,448.41,443.44,447.88,78792200,32.86,32.99,32.79,32.98,1872600,1.304,1.287,1.321,1.26,1.304,1.287,1.321,1.26
2021-09-16,48158.90625,48486.82812,47079.55859,47783.35938,1.18194,1.18231,1.17517,1.182,1794.34497,1796.71497,1745.040039,1753.39331,1794.34497,1796.71497,1745.040039,1753.39331,2.37954e-05,2.38095e-05,2.37954e-05,2.38095e-05,2.37954e-05,2.38095e-05,2.37954e-05,2.38095e-05,73.58,74.010002,73.51,73.95,7030400,73.58,74.010002,73.51,73.95,7030400,345.48001,345.94,340.75,341.5,1451400,356.76001,357.10999,349.26001,349.66,584300,356.76001,357.10999,349.26001,349.66,584300,72.37,72.42,72.72,71.29,232720.0,0.06,27.2,28.79,27.02,28.63,109992000,376.67999,378.89999,374.70001,378.31,35193100,84.94,85.13,83.88,84.019997,5907500,84.94,85.13,83.88,84.019997,5907500,447.32001,448.35999,444.019989,447.17001,77786700,447.32001,448.35999,444.019989,447.17001,77786700,32.87,32.94,32.65,32.9,6025300,1.336,1.304,1.351,1.294,1.336,1.304,1.351,1.294
2021-09-17,47771.00391,48160.92188,46832.52344,47267.51953,1.17648,1.17897,1.17297,1.17675,1753.67004,1768.22498,1747.074951,1754.15649,1753.67004,1768.22498,1747.074951,1754.15649,2.37954e-05,2.38095e-05,2.37954e-05,2.38095e-05,2.37954e-05,2.38095e-05,2.37954e-05,2.38095e-05,73.46,73.56,73.16,73.43,8420100,73.46,73.56,73.16,73.43,8420100,339.95001,342.81,339.14999,340.98001,2108000,350.88,355.75,347.019989,350.23999,1901700,350.88,355.75,347.019989,350.23999,1901700,71.82,72.33,72.5,71.03,288460.0,-0.76,28.66,29.29,28.07,28.71,182052600,377.82001,377.87,372.76001,373.82999,60912300,83.59,84.010002,82.37,83.39,23128700,83.59,84.010002,82.37,83.39,23128700,444.92001,445.37,441.019989,441.39999,118425000,444.92001,445.37,441.019989,441.39999,118425000,32.72,32.77,32.19,32.36,3804900,1.363,1.339,1.385,1.326,1.363,1.339,1.385,1.326
2021-09-20,47261.40625,47328.19922,42598.91406,42843.80078,1.17288,1.17371,1.17006,1.17299,1754.29504,1767.31006,1742.245,1763.87549,1754.29504,1767.31006,1742.245,1763.87549,2.37954e-05,2.38095e-05,2.37954e-05,2.38095e-05,2.37954e-05,2.38095e-05,2.37954e-05,2.38095e-05,72.25,72.52,71.88,72.37,12322600,72.25,72.52,71.88,72.37,12322600,338.70001,340.64999,335.89001,338.45999,1709800,346.97,351.64999,345.16,348.81,634800,346.97,351.64999,345.16,348.81,634800,70.14,71.81,71.93,69.71,377950.0,-2.34,27.57,28.1,26.059999,26.55,89413500,367.45999,369.25,360.92999,365.70001,76203200,81.9,83.6,81.52,83.45,8217100,81.9,83.6,81.52,83.45,8217100,434.88,436.56,428.85999,434.040009,166445500,434.88,436.56,428.85999,434.040009,166445500,31.71,31.95,31.54,31.85,2965400,1.312,1.362,1.372,1.297,1.312,1.362,1.372,1.297
2021-09-21,43012.23438,43607.60938,39787.60938,40693.67578,1.17257,1.17489,1.17159,1.17302,1764.18506,1782.069946,1757.60999,1774.24622,1764.18506,1782.069946,1757.60999,1774.24622,2.37954e-05,2.38095e-05,2.37954e-05,2.38095e-05,2.37954e-05,2.38095e-05,2.37954e-05,2.38095e-05,73.31,73.31,72.89,73.019997,8959100,73.31,73.31,72.89,73.019997,8959100,338.73999,340.070007,335.10001,336.049988,1317000,348.82999,350.35001,344.89001,345.14001,535200,348.82999,350.35001,344.89001,345.14001,535200,70.49,70.43,71.48,69.39,393400.0,0.5,26.89,27.149,26.08,26.62,50933600,367.57999,368.81,364.98999,366.14999,41927500,83.68,84.15,82.67,83.11,5900300,83.68,84.15,82.67,83.11,5900300,436.53,437.91,433.070007,433.63,92526100,436.53,437.91,433.070007,433.63,92526100,32.24,32.35,32.080002,32.11,2776500,1.328,1.311,1.346,1.304,1.328,1.311,1.346,1.304
2021-09-22,40677.95312,43978.62109,40625.63281,43574.50781,1.17261,1.17445,1.17171,1.17229,1774.51453,1787.505,1764.84497,1767.91345,1774.51453,1787.505,1764.84497,1767.91345,2.37954e-05,2.38095e-05,2.37954e-05,2.38095e-05,2.37954e-05,2.38095e-05,2.37954e-05,2.38095e-05,72.39,72.87,72.29,72.49,7810400,72.39,72.87,72.29,72.49,7810400,338.14001,343.20001,338.019989,341.73001,1335900,347.029999,350.47,345.82001,348.51999,585700,347.029999,350.47,345.82001,348.51999,585700,71.89,70.48,71.96,70.27,146900.0,1.99,26.61,27.77,26.582,27.43,44308100,367.089996,371.070007,365.95999,369.57001,46972900,83.97,85.96,83.61,85.27,6233700,83.97,85.96,83.61,85.27,6233700,436.049988,440.029999,433.75,437.85999,102350100,436.049988,440.029999,433.75,437.85999,102350100,32.53,32.84,32.48,32.48,2846200,1.304,1.316,1.345,1.296,1.304,1.316,1.345,1.296
2021-09-23,43560.29688,44942.17578,43109.33984,44895.09766,1.16889,1.1751,1.16842,1.16877,1768.40002,1776.60498,1737.84497,1742.57251,1768.40002,1776.60498,1737.84497,1742.57251,2.37954e-05,2.38095e-05,2.37954e-05,2.38095e-05,2.37954e-05,2.38095e-05,2.37954e-05,2.38095e-05,72.65,73.040001,72.65,72.91,5483600,72.65,73.040001,72.65,72.91,5483600,340.29001,344.78,340.10999,344.20001,1366200,351.089996,352.79999,348.25,350.91,845100,351.089996,352.79999,348.25,350.91,845100,72.95,71.6,73.1,71.29,185630.0,1.47,27.71,29.19,27.67,28.77,60028600,370.76001,374.040009,370.10001,372.98001,44652000,85.58,87.0,85.51,86.75,5906800,85.58,87.0,85.51,86.75,5906800,439.85001,444.89001,439.60001,443.17999,76396000,439.85001,444.89001,439.60001,443.17999,76396000,32.76,32.92,32.76,32.86,1177400,1.435,1.309,1.437,1.309,1.435,1.309,1.437,1.309
2021-09-24,44894.30078,45080.49219,40936.55859,42839.75,1.17418,1.17481,1.17017,1.17403,1742.82495,1758.079956,1739.59998,1749.86304,1742.82495,1758.079956,1739.59998,1749.86304,2.37954e-05,2.38095e-05,2.37954e-05,2.38095e-05,2.37954e-05,2.38095e-05,2.37954e-05,2.38095e-05,72.52,72.77,72.51,72.66,4931900,72.52,72.77,72.51,72.66,4931900,348.97,352.94,347.51001,349.51999,1693000,352.16,357.14001,351.62,355.70001,608700,352.16,357.14001,351.62,355.70001,608700,73.61,72.91,73.86,72.47,152840.0,0.9,28.27,28.76,27.901,28.56,40309700,370.64999,373.76001,370.26999,373.32999,36056800,86.57,87.67,86.36,87.16,4665900,86.57,87.67,86.36,87.16,4665900,441.44,444.67001,441.20999,443.91,62094800,441.44,444.67001,441.20999,443.91,62094800,32.57,32.72,32.53,32.57,2087200,1.453,1.428,1.466,1.405,1.453,1.428,1.466,1.405
2021-09-27,43234.18359,44313.24609,42190.63281,42235.73047,1.17221,1.1728,1.16866,1.17231,1751.245,1761.28503,1744.18994,1749.85498,1751.245,1761.28503,1744.18994,1749.85498,2.37954e-05,2.38095e-05,2.37954e-05,2.38095e-05,2.37954e-05,2.38095e-05,2.37954e-05,2.38095e-05,72.44,72.68,72.38,72.6,6289300,72.44,72.68,72.38,72.6,6289300,352.14001,357.23999,351.32001,353.35999,1866000,356.64001,361.32999,356.64001,357.20999,613100,356.64001,361.32999,356.64001,357.20999,613100,75.08,73.83,75.35,73.79,207110.0,2.0,28.23,28.38,27.23,27.47,44102800,370.20001,371.25,367.73001,370.35001,43338100,87.73,88.47,87.23,87.34,4162100,87.73,88.47,87.23,87.34,4162100,442.81,444.049988,441.89999,442.64001,61371100,442.81,444.049988,441.89999,442.64001,61371100,32.63,32.8,32.63,32.74,2067000,1.491,1.465,1.516,1.442,1.491,1.465,1.516,1.442
2021-09-28,42200.89844,42775.14453,40931.66406,41034.54297,1.1696,1.1706,1.167,1.16968,1750.45496,1754.80005,1727.17505,1733.68225,1750.45496,1754.80005,1727.17505,1733.68225,2.37954e-05,2.38095e-05,2.37954e-05,2.38095e-05,2.37954e-05,2.38095e-05,2.37954e-05,2.38095e-05,71.57,71.64,70.9,71.029999,14174600,71.57,71.64,70.9,71.029999,14174600,353.35999,355.31,349.92001,352.14999,1140100,356.70999,361.0,356.39999,358.29999,767200,356.70999,361.0,356.39999,358.29999,767200,74.9,75.05,76.26,73.86,177680.0,-0.24,27.02,27.13,25.21,25.34,64206200,365.67001,370.29999,359.35001,359.87,97701600,87.099998,87.73,86.47,86.84,5781200,87.099998,87.73,86.47,86.84,5781200,439.69,440.040009,432.94,433.72,130436300,439.69,440.040009,432.94,433.72,130436300,32.38,32.4,32.049999,32.14,2752300,1.546,1.484,1.567,1.475,1.546,1.484,1.567,1.475
2021-09-29,41064.98438,42545.25781,40829.66797,41564.36328,1.16869,1.1692,1.16101,1.16863,1733.97498,1746.11499,1721.074951,1726.10754,1733.97498,1746.11499,1721.074951,1726.10754,2.37954e-05,2.38095e-05,2.37954e-05,2.38095e-05,2.37954e-05,2.38095e-05,2.37954e-05,2.38095e-05,71.11,71.3,70.88,70.99,6640600,71.11,71.3,70.88,70.99,6640600,348.13,352.57999,344.97,350.29001,1547700,358.78,366.0,355.81,362.98001,762300,358.78,366.0,355.81,362.98001,762300,74.5,73.95,75.39,73.37,169910.0,-0.53,25.61,25.7,24.42,24.52,46164500,361.17001,363.37,358.64001,359.28,58076600,87.17,87.82,86.69,86.99,3612600,87.17,87.82,86.69,86.99,3612600,435.19,437.040009,433.85001,434.45001,82329200,435.19,437.040009,433.85001,434.45001,82329200,32.23,32.38,32.099998,32.2,1932200,1.524,1.55,1.56,1.494,1.524,1.55,1.56,1.494
2021-09-30,41551.26953,44092.60156,41444.58203,43790.89453,1.16023,1.16117,1.15701,1.16016,1726.40002,1764.52502,1721.66504,1756.66064,1726.40002,1764.52502,1721.66504,1756.66064,2.37954e-05,2.38095e-05,2.37954e-05,2.38095e-05,2.37954e-05,2.38095e-05,2.37954e-05,2.38095e-05,70.57,70.67,70.11,70.25,13469200,70.57,70.67,70.11,70.25,13469200,351.53,352.29999,344.89999,345.10001,1054300,363.59,364.64001,359.89001,360.14999,981600,363.59,364.64001,359.89001,360.14999,981600,74.7,74.47,75.72,72.82,239150.0,0.27,24.69,25.049999,23.88,24.040001,59505600,360.97,362.67999,357.10001,357.95999,61384600,87.49,87.5,85.86,85.96,5642900,87.49,87.5,85.86,85.96,5642900,436.019989,436.76999,428.78,429.14001,140506000,436.019989,436.76999,428.78,429.14001,140506000,32.45,32.51,32.22,32.25,3238300,1.492,1.51,1.557,1.484,1.492,1.51,1.557,1.484
2021-10-01,43816.74219,48436.01172,43320.02344,48116.94141,1.15742,1.1609,1.15639,1.15745,1756.90503,1764.39502,1749.36499,1760.36023,1756.90503,1764.39502,1749.36499,1760.36023,2.37954e-05,2.38095e-05,2.37954e-05,2.38095e-05,2.37954e-05,2.38095e-05,2.37954e-05,2.38095e-05,69.77,70.11,69.2,69.93,13462800,69.77,70.11,69.2,69.93,13462800,347.31,349.67999,342.76999,347.79999,960400,361.73001,362.89001,356.48001,360.92001,587800,361.73001,362.89001,356.48001,360.92001,587800,75.58,74.74,75.68,73.92,169250.0,1.18,24.21,24.36,23.72,24.33,32778000,358.60001,361.25,354.38,360.17999,56375500,86.8,87.93,86.14,87.48,5499500,86.8,87.93,86.14,87.48,5499500,430.98001,436.029999,427.23001,434.23999,129240100,430.98001,436.029999,427.23001,434.23999,129240100,32.34,32.51,32.15,32.39,4438000,1.465,1.501,1.51,1.462,1.465,1.501,1.51,1.462
2021-10-04,48208.90625,49456.77734,47045.00391,49112.90234,1.16073,1.16401,1.15886,1.16073,1762.14502,1771.055054,1747.22998,1769.505,1762.14502,1771.055054,1747.22998,1769.505,2.37954e-05,2.38095e-05,2.37954e-05,2.38095e-05,2.37954e-05,2.38095e-05,2.37954e-05,2.38095e-05,68.8,68.89,67.52,67.99,13541300,68.8,68.89,67.52,67.99,13541300,347.69,350.26999,343.70001,345.98999,1127400,361.64999,367.29001,361.48999,365.67001,893800,361.64999,367.29001,361.48999,365.67001,893800,77.33,75.63,78.07,75.03,216820.0,2.32,24.01,24.049999,23.02,23.17,46789700,358.51999,358.85999,350.32001,352.62,76766000,87.0,88.0,86.43,87.69,5490600,87.0,88.0,86.43,87.69,5490600,433.0,433.95999,426.35999,428.64001,128570000,433.0,433.95999,426.35999,428.64001,128570000,32.47,32.68,32.3,32.45,2856400,1.481,1.46,1.508,1.453,1.481,1.46,1.508,1.453
2021-10-05,49174.96094,51839.98438,49072.83984,51514.8125,1.16166,1.16225,1.15831,1.16184,1769.75,1771.030029,1748.56494,1759.96252,1769.75,1771.030029,1748.56494,1759.96252,2.37954e-05,2.38095e-05,2.37954e-05,2.38095e-05,2.37954e-05,2.38095e-05,2.37954e-05,2.38095e-05,68.080002,68.64,68.010002,68.37,10923800,68.080002,68.64,68.010002,68.37,10923800,346.0,350.45001,344.82001,347.75,889400,365.38,371.26999,363.79999,369.88,569700,365.38,371.26999,363.79999,369.88,569700,78.57,77.29,79.09,77.17,238920.0,1.6,23.21,23.88,23.07,23.21,56574800,353.70999,359.69,353.48001,357.38,47232900,88.0,89.49,87.73,88.72,4820500,88.0,89.49,87.73,88.72,4820500,430.23999,435.48999,429.39001,433.10001,90682500,430.23999,435.48999,429.39001,433.10001,90682500,32.52,32.77,32.47,32.67,2538100,1.528,1.486,1.54,1.472,1.528,1.486,1.54,1.472
2021-10-06,51486.66406,55568.46484,50488.19141,55361.44922,1.15951,1.15996,1.15302,1.15961,1760.44507,1765.77502,1745.44995,1762.4751,1760.44507,1765.77502,1745.44995,1762.4751,2.37954e-05,2.38095e-05,2.37954e-05,2.38095e-05,2.37954e-05,2.38095e-05,2.37954e-05,2.38095e-05,66.96,67.84,66.6,67.78,13992000,66.96,67.84,66.6,67.78,13992000,347.029999,350.14001,344.20001,349.98999,995700,368.70001,377.47,366.57001,377.32001,839900,368.70001,377.47,366.57001,377.32001,839900,77.06,78.58,79.39,76.48,200170.0,-1.92,24.91,25.01,23.35,23.58,125175700,354.079987,359.95001,353.14999,359.67001,56806500,88.2,89.4,87.45,89.27,4354100,88.2,89.4,87.45,89.27,4354100,429.26999,435.12,427.54001,434.89999,113032200,429.26999,435.12,427.54001,434.89999,113032200,32.2,32.46,32.09,32.46,2271900,1.528,1.536,1.573,1.508,1.528,1.536,1.573,1.508
2021-10-07,55338.625,55338.625,53525.46875,53805.98438,1.15553,1.15714,1.15493,1.15553,1762.73999,1767.44995,1751.38,1755.2926,1762.73999,1767.44995,1751.38,1755.2926,2.37954e-05,2.38095e-05,2.37954e-05,2.38095e-05,2.37954e-05,2.38095e-05,2.37954e-05,2.38095e-05,67.97,68.53,67.94,68.17,11401200,67.97,68.53,67.94,68.17,11401200,350.17001,354.48001,350.17001,351.78,1042600,378.0,383.85001,378.0,382.70001,696200,378.0,383.85001,378.0,382.70001,696200,77.96,76.63,78.54,74.67,265130.0,1.17,23.71,24.13,23.54,23.73,38873700,362.79999,365.69,362.25,362.97,39411200,89.89,90.63,89.75,90.15,3750900,89.89,90.63,89.75,90.15,3750900,438.39001,441.67999,438.20001,438.66,72437500,438.39001,441.67999,438.20001,438.66,72437500,32.55,32.78,32.54,32.64,1747600,1.576,1.531,1.58,1.512,1.576,1.531,1.58,1.512
2021-10-08,53802.14453,55922.98047,53688.05469,53967.84766,1.15592,1.15837,1.15425,1.15598,1755.88501,1781.59998,1753.025024,1756.66748,1755.88501,1781.59998,1753.025024,1756.66748,2.38095e-05,2.38095e-05,2.37954e-05,2.37954e-05,2.38095e-05,2.38095e-05,2.37954e-05,2.37954e-05,68.15,68.2,67.75,67.86,8761200,68.15,68.2,67.75,67.86,8761200,352.079987,355.16,350.79999,353.75,768500,383.22,390.94,382.019989,389.72,690300,383.22,390.94,382.019989,389.72,690300,78.76,78.47,79.62,78.2,446500.0,1.03,23.86,24.096001,23.11,23.5,39713400,364.079987,364.32001,360.60999,361.16,41822300,90.3,90.83,89.74,90.62,3342700,90.3,90.83,89.74,90.62,3342700,439.48001,439.89001,437.19,437.85999,74557400,439.48001,439.89001,437.19,437.85999,74557400,32.79,32.89,32.74,32.79,1329200,1.612,1.585,1.617,1.558,1.612,1.585,1.617,1.558
2021-10-11,54734.125,57793.03906,54519.76562,57484.78906,1.15659,1.15875,1.15529,1.1566,1757.34497,1761.36499,1749.68005,1753.85583,1757.34497,1761.36499,1749.68005,1753.85583,2.38095e-05,2.38095e-05,2.37954e-05,2.37954e-05,2.38095e-05,2.38095e-05,2.37954e-05,2.37954e-05,68.85,68.97,68.16,68.16,4000300,68.85,68.97,68.16,68.16,4000300,354.89999,359.32999,354.12,357.079987,996800,390.040009,396.57999,387.84,393.16,790200,390.040009,396.57999,387.84,393.16,790200,79.92,79.01,81.08,78.95,452230.0,1.47,23.26,23.98,23.26,23.53,23971700,359.57999,363.20001,358.29999,358.39001,34847200,90.72,91.38,89.84,89.89,3048000,90.72,91.38,89.84,89.89,3048000,437.16,440.26001,434.62,434.69,65233300,437.16,440.26001,434.62,434.69,65233300,32.96,33.080002,32.76,32.78,3042700,1.628,1.622,1.628,1.622,1.628,1.622,1.628,1.622
2021-10-12,57526.83203,57627.87891,54477.97266,56041.05859,1.15529,1.15701,1.15339,1.15537,1754.12,1769.78003,1750.47498,1759.92993,1754.12,1769.78003,1750.47498,1759.92993,2.38095e-05,2.38095e-05,2.38095e-05,2.38095e-05,2.38095e-05,2.38095e-05,2.38095e-05,2.38095e-05,67.88,68.029999,67.66,67.72,4380900,67.88,68.029999,67.66,67.72,4380900,356.98001,360.38,356.01001,358.12,840200,392.62,394.64999,389.089996,390.070007,715100,392.62,394.64999,389.089996,390.070007,715100,79.92,79.89,80.79,78.88,358200.0,0.0,23.55,23.81,23.29,23.69,26280000,359.88,360.32999,356.48001,357.14001,43905100,89.61,90.56,89.16,89.72,3404100,89.61,90.56,89.16,89.72,3404100,435.67001,436.10001,432.78,433.62,71181200,435.67001,436.10001,432.78,433.62,71181200,32.9,32.99,32.77,32.87,1628100,1.572,1.629,1.631,1.565,1.572,1.629,1.631,1.565
2021-10-13,56038.25781,57688.66016,54370.97266,57401.09766,1.1531,1.1579,1.15306,1.1534,1760.050049,1796.30505,1757.89001,1792.64661,1760.050049,1796.30505,1757.89001,1792.64661,2.38095e-05,2.38095e-05,2.38095e-05,2.38095e-05,2.38095e-05,2.38095e-05,2.38095e-05,2.38095e-05,67.63,67.75,67.31,67.68,4315000,67.63,67.75,67.31,67.68,4315000,359.62,362.39001,353.45001,361.76001,1102100,389.48001,389.92001,383.57999,388.70001,671100,389.48001,389.92001,383.57999,388.70001,671100,79.82,79.83,80.36,78.78,304960.0,-0.13,23.83,24.31,23.79,24.13,28494000,359.51001,360.69,357.42999,360.0,40120800,89.81,90.0,88.32,89.68,3285500,89.81,90.0,88.32,89.68,3285500,434.70999,436.049988,431.54001,435.17999,72974000,434.70999,436.049988,431.54001,435.17999,72974000,32.98,33.23,32.92,33.23,1719800,1.542,1.572,1.602,1.526,1.542,1.572,1.602,1.526
2021-10-14,57372.83203,58478.73438,56957.07422,57321.52344,1.15996,1.1625,1.15847,1.15996,1792.75,1800.91003,1786.21997,1795.56006,1792.75,1800.91003,1786.21997,1795.56006,2.38095e-05,2.38095e-05,2.38095e-05,2.38095e-05,2.38095e-05,2.38095e-05,2.38095e-05,2.38095e-05,68.41,68.45,68.19,68.32,5463000,68.41,68.45,68.19,68.32,5463000,362.019989,364.16,360.35999,362.070007,973300,390.29999,392.82001,388.94,389.94,514700,390.29999,392.82001,388.94,389.94,514700,80.77,79.94,81.14,79.79,300570.0,1.19,24.43,24.71,24.205,24.35,26106700,363.69,366.85001,363.01001,366.63,43433900,90.32,90.47,89.11,89.17,4225300,90.32,90.47,89.11,89.17,4225300,439.079987,442.66,438.57999,442.5,70236800,439.079987,442.66,438.57999,442.5,70236800,33.54,33.56,33.44,33.47,1816200,1.516,1.547,1.566,1.507,1.516,1.547,1.566,1.507
2021-10-15,57345.90234,62757.12891,56868.14453,61593.94922,1.15907,1.16198,1.15888,1.15915,1795.81006,1796.88501,1764.48499,1767.25635,1795.81006,1796.88501,1764.48499,1767.25635,2.38095e-05,2.38095e-05,2.38095e-05,2.38095e-05,2.38095e-05,2.38095e-05,2.38095e-05,2.38095e-05,69.040001,69.22,68.91,69.040001,8433200,69.040001,69.22,68.91,69.040001,8433200,364.10001,366.23999,363.51001,365.62,952700,391.079987,396.72,391.079987,395.35999,665000,391.079987,396.72,391.079987,395.35999,665000,81.73,80.93,82.0,80.86,284730.0,1.19,24.5,24.52,23.83,24.0,24366100,367.88,369.059998,366.82001,368.94,40419900,89.85,91.29,89.67,90.92,4581600,89.85,91.29,89.67,90.92,4581600,444.75,446.26001,444.089996,445.87,66260200,444.75,446.26001,444.089996,445.87,66260200,33.68,33.8,33.66,33.75,3335800,1.574,1.519,1.579,1.518,1.574,1.519,1.579,1.518
2021-10-18,61548.80469,62614.66016,60012.75781,62026.07813,1.1596,1.16121,1.1573,1.1597,1767.745,1772.29504,1759.68005,1764.59875,1767.745,1772.29504,1759.68005,1764.59875,2.38095e-05,2.38095e-05,2.38095e-05,2.38095e-05,2.38095e-05,2.38095e-05,2.38095e-05,2.38095e-05,68.43,68.83,68.33,68.7,5059900,68.43,68.83,68.33,68.7,5059900,364.32999,367.88,361.88,365.0,1014600,393.89999,396.82001,392.54001,393.89001,422500,393.89999,396.82001,392.54001,393.89001,422500,81.69,82.0,83.18,81.21,501070.0,-0.05,24.0,24.39,23.92,24.26,25609900,367.60999,372.87,366.98999,372.64999,34513500,90.099998,91.12,89.32,90.8,3898700,90.099998,91.12,89.32,90.8,3898700,443.97,447.54999,443.26999,447.19,62213200,443.97,447.54999,443.26999,447.19,62213200,33.5,33.57,33.45,33.54,2194900,1.591,1.589,1.627,1.576,1.591,1.589,1.627,1.576
2021-10-19,62043.16406,64434.53516,61622.93359,64261.99219,1.16145,1.167,1.16139,1.16139,1764.98987,1785.52502,1762.47888,1768.87,1764.98987,1785.52502,1762.47888,1768.87,2.38095e-05,2.38124e-05,2.38095e-05,2.38095e-05,2.38095e-05,2.38124e-05,2.38095e-05,2.38095e-05,69.059998,69.33,68.98,69.13,5058100,69.059998,69.33,68.98,69.13,5058100,366.5,371.17999,363.64999,371.070007,1051300,395.57001,399.32999,392.82999,399.29999,445800,395.57001,399.32999,392.82999,399.29999,445800,82.44,81.58,82.99,81.08,531470.0,0.92,24.5,25.2,24.36,24.69,29393900,373.75,375.51999,372.70001,375.47,29091000,90.98,91.49,90.45,91.23,4195100,90.98,91.49,90.45,91.23,4195100,448.92001,450.70999,448.26999,450.64001,46996800,448.92001,450.70999,448.26999,450.64001,46996800,33.7,33.84,33.67,33.81,1871900,1.641,1.591,1.646,1.566,1.641,1.591,1.646,1.566
2021-10-20,64284.58594,66930.39062,63610.67578,65992.83594,1.16339,1.1654,1.1618,1.1632,1769.27551,1788.68005,1766.5,1781.82996,1769.27551,1788.68005,1766.5,1781.82996,2.38124e-05,2.38124e-05,2.38124e-05,2.38124e-05,2.38124e-05,2.38124e-05,2.38124e-05,2.38124e-05,68.97,69.22,68.93,69.059998,5022500,68.97,69.22,68.93,69.059998,5022500,371.78,372.57001,369.79999,371.13,955200,398.73999,402.01001,397.51001,400.88,340300,398.73999,402.01001,397.51001,400.88,340300,83.42,82.46,83.65,80.78,530690.0,1.19,24.79,24.96,24.17,24.22,24248000,375.94,376.57001,373.45999,374.98001,31390300,90.69,91.91,90.080002,91.68,3916600,90.69,91.91,90.080002,91.68,3916600,451.13,452.73001,451.01001,452.41,49571600,451.13,452.73001,451.01001,452.41,49571600,33.71,33.9,33.67,33.86,1068100,1.66,1.658,1.673,1.62,1.66,1.658,1.673,1.62
2021-10-21,66002.23438,66600.54688,62117.41016,62210.17188,1.16524,1.167,1.16332,1.1655,1782.099976,1789.61499,1776.074951,1782.76257,1782.099976,1789.61499,1776.074951,1782.76257,2.38095e-05,2.38095e-05,2.38095e-05,2.38095e-05,2.38095e-05,2.38095e-05,2.38095e-05,2.38095e-05,67.89,68.25,67.75,67.86,11931600,67.89,68.25,67.75,67.86,11931600,371.63,373.26001,367.14001,373.14001,803600,400.0,403.35999,396.97,402.76999,398800,400.0,403.35999,396.97,402.76999,398800,81.36,82.45,82.71,79.79,169880.0,-2.47,24.13,24.93,24.08,24.78,23976600,374.16,377.47,373.85001,377.26999,25469300,91.33,91.67,90.58,91.61,4274900,91.33,91.67,90.58,91.61,4274900,451.76999,453.82999,451.31,453.59,41305400,451.76999,453.82999,451.31,453.59,41305400,33.66,33.79,33.63,33.72,1870900,1.696,1.665,1.705,1.638,1.696,1.665,1.705,1.638
2021-10-22,62237.89062,63715.02344,60122.79688,60692.26562,1.16259,1.16541,1.16224,1.16253,1782.88501,1814.21997,1782.46252,1792.48206,1782.88501,1814.21997,1782.46252,1792.48206,2.38095e-05,2.38095e-05,2.38095e-05,2.38095e-05,2.38095e-05,2.38095e-05,2.38095e-05,2.38095e-05,68.44,68.71,68.28,68.42,8930000,68.44,68.71,68.28,68.42,8930000,373.92999,377.019989,372.25,374.60001,1092000,403.69,406.31,400.37,406.20999,524000,403.69,406.31,400.37,406.20999,524000,82.5,81.43,82.92,80.62,173250.0,1.4,24.49,24.85,24.25,24.43,20166800,375.98001,376.97,372.39001,374.10001,36275800,91.67,92.32,91.18,91.86,4160800,91.67,92.32,91.18,91.86,4160800,453.13,454.67001,451.049988,453.12,58845100,453.13,454.67001,451.049988,453.12,58845100,33.73,33.86,33.57,33.74,2706900,1.638,1.692,1.699,1.634,1.638,1.692,1.699,1.634
2021-10-25,60893.92578,63729.32422,60691.80078,63039.82422,1.16413,1.16686,1.15933,1.16401,1794.0,1810.18005,1791.94995,1807.47168,1794.0,1810.18005,1791.94995,1807.47168,2.38095e-05,2.38095e-05,2.38095e-05,2.38095e-05,2.38095e-05,2.38095e-05,2.38095e-05,2.38095e-05,68.28,68.66,68.11,68.45,7417700,68.28,68.66,68.11,68.45,7417700,375.91,378.10001,374.60999,376.32999,1350300,405.62,408.029999,403.57001,406.62,473900,405.62,408.029999,403.57001,406.62,473900,82.61,82.64,83.83,82.24,255200.0,0.13,24.5,25.54,24.48,25.41,33962100,375.56,378.87,373.56,377.92999,32597800,91.67,91.98,90.7,91.3,5953900,91.67,91.98,90.7,91.3,5953900,454.28,455.89999,452.39001,455.54999,45214500,454.28,455.89999,452.39001,455.54999,45214500,33.79,33.81,33.69,33.76,1910000,1.633,1.648,1.673,1.62,1.633,1.648,1.673,1.62
2021-10-26,63032.76172,63229.02734,59991.16016,60363.79297,1.16117,1.1629,1.15859,1.16117,1807.89502,1808.5022,1781.97998,1792.63281,1807.89502,1808.5022,1781.97998,1792.63281,2.38095e-05,2.38095e-05,2.38095e-05,2.38095e-05,2.38095e-05,2.38095e-05,2.38095e-05,2.38095e-05,68.91,68.92,68.4,68.46,7136900,68.91,68.92,68.4,68.46,7136900,348.32999,351.20001,326.0,331.91,9439700,394.60999,398.75,392.67999,396.57001,1590200,394.60999,398.75,392.67999,396.57001,1590200,83.36,82.61,83.51,81.97,171170.0,0.91,25.99,26.75,25.25,25.52,56767000,380.23001,382.70999,377.91,379.12,47191300,88.29,91.19,87.0,89.16,9122500,88.29,91.19,87.0,89.16,9122500,457.20001,458.48999,455.56,455.95999,56075100,457.20001,458.48999,455.56,455.95999,56075100,34.029999,34.09,33.91,33.97,12013800,1.61,1.636,1.654,1.609,1.61,1.636,1.654,1.609
2021-10-27,60352.0,61435.18359,58208.1875,58482.38672,1.15982,1.16244,1.15853,1.15982,1793.040039,1799.375,1782.82996,1796.6875,1793.040039,1799.375,1782.82996,1796.6875,2.38095e-05,2.38095e-05,2.38095e-05,2.38095e-05,2.38095e-05,2.38095e-05,2.38095e-05,2.38095e-05,68.29,68.54,67.92,67.96,8080900,68.29,68.54,67.92,67.96,8080900,333.0,336.42999,330.54001,330.94,2822900,395.16,396.040009,387.47,388.14999,1009200,395.16,396.040009,387.47,388.14999,1009200,81.48,83.11,83.21,80.84,142730.0,-2.26,25.64,25.9,25.02,25.059999,24157200,379.57999,383.14999,379.31,380.0,45760500,89.15,90.56,88.69,89.16,4273200,89.15,90.56,88.69,89.16,4273200,456.45001,457.16,453.85999,453.94,72438000,456.45001,457.16,453.85999,453.94,72438000,33.89,33.96,33.73,33.79,3532900,1.55,1.617,1.634,1.52,1.55,1.617,1.634,1.52
2021-10-28,58470.73047,62128.63281,58206.91797,60622.13672,1.15989,1.16932,1.15832,1.16001,1796.78015,1810.495,1792.34497,1798.62256,1796.78015,1810.495,1792.34497,1798.62256,2.38124e-05,2.38124e-05,2.38095e-05,2.38124e-05,2.38124e-05,2.38124e-05,2.38095e-05,2.38124e-05,68.3,68.63,68.28,68.5,8331600,68.3,68.63,68.28,68.5,8331600,330.0,334.85999,325.14001,331.39001,2874600,380.56,381.35001,354.14999,358.64001,2011200,380.56,381.35001,354.14999,358.64001,2011200,81.46,81.05,81.85,79.37,155200.0,-0.02,25.3,25.795,25.12,25.64,21203000,381.95001,384.48001,381.16,384.22,38007000,89.36,89.81,88.74,89.19,4179900,89.36,89.81,88.74,89.19,4179900,455.45999,458.39999,455.45001,458.32001,51437900,455.45999,458.39999,455.45001,458.32001,51437900,33.83,34.0099983,33.81,33.97,2227600,1.578,1.541,1.584,1.53,1.578,1.541,1.584,1.53
2021-10-29,60624.87109,62927.60938,60329.96484,62227.96484,1.16837,1.16918,1.15467,1.16836,1799.030029,1801.49487,1771.70496,1782.80823,1799.030029,1801.49487,1771.70496,1782.80823,2.38095e-05,2.38095e-05,2.38095e-05,2.38095e-05,2.38095e-05,2.38095e-05,2.38095e-05,2.38095e-05,68.040001,68.47,68.0,68.4,6477200,68.040001,68.47,68.0,68.4,6477200,330.0,334.35999,328.84,332.32001,1821500,352.0,359.66,352.0,357.22,1351100,352.0,359.66,352.0,357.22,1351100,81.78,81.71,81.96,80.14,173710.0,0.39,25.5,26.12,25.45,25.88,21910300,381.059998,386.28,380.70001,386.10999,37310100,89.059998,89.76,88.51,88.86,5202300,89.059998,89.76,88.51,88.86,5202300,455.87,459.56,455.56,459.25,70162400,455.87,459.56,455.56,459.25,70162400,33.73,33.78,33.61,33.68,2283000,1.561,1.568,1.619,1.536,1.561,1.568,1.619,1.536
2021-11-01,61320.44922,62419.00391,59695.18359,61004.40625,1.15594,1.15933,1.15467,1.15567,1783.245,1796.19995,1778.89001,1793.045044,1783.245,1796.19995,1778.89001,1793.045044,2.38095e-05,2.38152e-05,2.38095e-05,2.38095e-05,2.38095e-05,2.38152e-05,2.38095e-05,2.38095e-05,69.38,69.47,69.15,69.43,8685800,69.38,69.47,69.15,69.43,8685800,330.47,334.20001,330.070007,330.92999,1865000,357.0,360.79999,352.92001,354.85001,777800,357.0,360.79999,352.92001,354.85001,777800,82.45,81.58,83.07,81.05,150560.0,0.82,26.11,26.645,25.883,26.56,26684700,386.56,387.56,384.42001,387.42999,30765300,88.91,89.19,87.96,88.55,4588800,88.91,89.19,87.96,88.55,4588800,460.29999,460.70001,458.20001,460.040009,48433600,460.29999,460.70001,458.20001,460.040009,48433600,33.78,33.92,33.75,33.89,2671200,1.561,1.575,1.605,1.554,1.561,1.575,1.605,1.554
2021-11-02,60963.25391,64242.79297,60673.05469,63226.40234,1.16017,1.1615,1.15792,1.15996,1793.61499,1796.90503,1785.78003,1787.28113,1793.61499,1796.90503,1785.78003,1787.28113,2.38095e-05,2.38152e-05,2.38095e-05,2.38095e-05,2.38095e-05,2.38152e-05,2.38095e-05,2.38095e-05,69.27,69.52,69.25,69.35,6420200,69.27,69.52,69.25,69.35,6420200,331.45001,332.040009,325.31,326.31,2745000,357.0,358.26999,350.34,353.20001,933300,357.0,358.26999,350.34,353.20001,933300,82.44,82.3,82.86,81.49,147570.0,-0.01,26.56,26.72,25.555,25.92,30794600,386.79999,389.54001,386.75,389.049988,25135300,88.53,88.81,87.2,87.8,4554100,88.53,88.81,87.2,87.8,4554100,460.22,462.23001,460.079987,461.89999,48908400,460.22,462.23001,460.079987,461.89999,48908400,33.6,33.68,33.52,33.63,1377800,1.547,1.568,1.573,1.528,1.547,1.568,1.573,1.528
2021-11-03,63254.33594,63516.9375,61184.23828,62970.04688,1.15808,1.1599,1.15636,1.15794,1787.71484,1788.42285,1758.45496,1769.51624,1787.71484,1788.42285,1758.45496,1769.51624,2.38152e-05,2.38152e-05,2.38095e-05,2.38152e-05,2.38152e-05,2.38152e-05,2.38095e-05,2.38152e-05,69.3,69.93,69.11,69.77,6085700,69.3,69.93,69.11,69.77,6085700,325.5,333.10001,324.23001,331.35001,1902600,350.019989,354.75,349.5,354.10999,675300,350.019989,354.75,349.5,354.10999,675300,79.57,81.7,81.7,78.52,189150.0,-3.48,25.89,26.235,25.17,26.12,25244200,389.54999,393.60999,388.48001,393.17999,33748900,87.019997,88.79,86.95,88.67,4148500,87.019997,88.79,86.95,88.67,4148500,461.29999,465.14999,460.82999,464.72,52509800,461.29999,465.14999,460.82999,464.72,52509800,33.56,33.8,33.52,33.79,3135300,1.603,1.554,1.609,1.519,1.603,1.554,1.609,1.519
2021-11-04,62941.80469,63123.28906,60799.66406,61452.23047,1.16158,1.16171,1.15292,1.16158,1769.98059,1799.255,1769.13379,1791.70496,1769.98059,1799.255,1769.13379,1791.70496,2.38095e-05,2.38095e-05,2.38095e-05,2.38095e-05,2.38095e-05,2.38095e-05,2.38095e-05,2.38095e-05,70.050003,70.29,69.92,70.27,7481100,70.050003,70.29,69.92,70.27,7481100,331.29999,335.73999,331.29999,335.5,1847900,353.26999,359.54001,353.26999,356.66,988900,353.26999,359.54001,353.26999,356.66,988900,77.7,78.93,82.05,77.23,249200.0,-2.35,26.26,26.57,25.87,26.47,25029700,394.48001,399.20001,393.92001,398.22,40265300,88.34,89.089996,87.76,88.059998,3711700,88.34,89.089996,87.76,88.059998,3711700,465.35999,467.0,464.98999,466.91,52847100,465.35999,467.0,464.98999,466.91,52847100,33.47,33.49,33.3,33.39,2324600,1.53,1.593,1.609,1.509,1.53,1.593,1.609,1.509
2021-11-05,61460.07813,62541.46875,60844.60938,61125.67578,1.15567,1.15647,1.15141,1.15553,1792.1449,1818.60876,1785.17102,1816.72998,1792.1449,1818.60876,1785.17102,1816.72998,2.38124e-05,2.38124e-05,2.38124e-05,2.38124e-05,2.38124e-05,2.38124e-05,2.38124e-05,2.38124e-05,70.24,70.4,70.080002,70.36,5763300,70.24,70.4,70.080002,70.36,5763300,336.95001,340.51999,336.35001,339.89001,2145300,361.0,366.54001,358.53,364.37,1105800,361.0,366.54001,358.53,364.37,1105800,80.13,78.32,80.51,77.78,184240.0,3.13,26.45,26.63,25.72,26.0,26005000,400.040009,400.98999,397.16,398.60001,43383800,89.77,91.23,89.059998,91.18,4330400,89.77,91.23,89.059998,91.18,4330400,469.28,470.64999,466.92001,468.53,66390600,469.28,470.64999,466.92001,468.53,66390600,33.47,33.54,33.4,33.53,1612600,1.455,1.545,1.552,1.436,1.455,1.545,1.552,1.436
2021-11-08,63344.06641,67673.74219,63344.06641,67566.82812,1.15685,1.15955,1.15517,1.15689,1818.44495,1826.93005,1812.079956,1824.26001,1818.44495,1826.93005,1812.079956,1824.26001,2.38095e-05,2.38095e-05,2.38095e-05,2.38095e-05,2.38095e-05,2.38095e-05,2.38095e-05,2.38095e-05,70.12,70.21,70.019997,70.21,5531600,70.12,70.21,70.019997,70.21,5531600,341.63,343.019989,337.57999,341.78,1733000,365.0,365.45999,360.35999,363.26999,523900,365.0,365.45999,360.35999,363.26999,523900,80.74,80.0,81.42,79.95,165370.0,0.76,26.25,27.11,26.12,26.75,41359600,398.57001,399.62,397.39999,398.059998,29256300,91.31,91.67,90.31,90.71,4469100,91.31,91.67,90.31,90.71,4469100,469.70001,470.23001,468.20001,468.92999,50405200,469.70001,470.23001,468.20001,468.92999,50405200,33.64,33.74,33.58,33.62,1593600,1.493,1.464,1.504,1.46,1.493,1.464,1.504,1.46
2021-11-09,67549.73438,68530.33594,66382.0625,66971.82812,1.15887,1.1609,1.15702,1.15915,1824.745,1833.084961,1817.69995,1831.48328,1824.745,1833.084961,1817.69995,1831.48328,2.38095e-05,2.38152e-05,2.38095e-05,2.38095e-05,2.38095e-05,2.38152e-05,2.38095e-05,2.38095e-05,69.88,69.93,69.52,69.77,7971100,69.88,69.93,69.52,69.77,7971100,341.38,342.0,337.10001,338.17001,1769200,363.70001,365.95001,360.63,364.51999,550400,363.70001,365.95001,360.63,364.51999,550400,82.56,80.87,82.99,80.56,249600.0,2.25,25.9,25.98,23.95,24.25,117540200,399.16,399.57001,393.92001,395.32001,50490700,90.71,91.07,89.97,90.99,3372900,90.71,91.07,89.97,90.99,3372900,469.32001,469.57001,465.88,467.38,51149100,469.32001,469.57001,465.88,467.38,51149100,33.64,33.66,33.41,33.53,1553300,1.439,1.49,1.49,1.415,1.439,1.49,1.49,1.415
2021-11-10,66953.33594,68789.625,63208.11328,64995.23047,1.15937,1.15982,1.15134,1.15955,1831.89502,1868.69995,1821.59998,1849.5686,1831.89502,1868.69995,1821.59998,1849.5686,2.38152e-05,2.38152e-05,2.38152e-05,2.38152e-05,2.38152e-05,2.38152e-05,2.38152e-05,2.38152e-05,69.31,69.44,68.57,68.68,5739100,69.31,69.44,68.57,68.68,5739100,338.76999,340.70001,337.5,337.63,1268700,363.79001,366.89999,361.37,362.10001,562500,363.79001,366.89999,361.37,362.10001,562500,80.06,82.89,83.3,79.53,242720.0,-3.03,23.6,23.64,22.12,22.52,94860100,392.47,395.35999,387.53,389.51001,54937400,91.019997,91.44,90.14,90.18,3503200,91.019997,91.44,90.14,90.18,3503200,465.57999,467.38,462.040009,463.62,69429700,465.57999,467.38,462.040009,463.62,69429700,33.61,33.69,33.32,33.36,1687800,1.57,1.463,1.592,1.454,1.57,1.463,1.592,1.454
2021-11-11,64978.89062,65579.01563,64180.48828,64949.96094,1.14857,1.14916,1.14549,1.14859,1849.68994,1866.35498,1842.66003,1861.52441,1849.68994,1866.35498,1842.66003,1861.52441,2.38152e-05,2.38152e-05,2.38152e-05,2.38152e-05,2.38152e-05,2.38152e-05,2.38152e-05,2.38152e-05,69.25,69.29,69.029999,69.080002,4193300,69.25,69.29,69.029999,69.080002,4193300,337.14001,337.20999,333.29999,335.89001,1216500,361.049988,361.60001,357.0,359.94,475400,361.049988,361.60001,357.0,359.94,475400,80.42,80.1,80.95,78.98,209700.0,0.45,23.040001,23.13,22.665,22.99,43381500,392.57001,392.75,390.23999,390.59,32243000,90.080002,90.42,88.69,89.050003,4993600,90.080002,90.42,88.69,89.050003,4993600,465.20999,465.29001,463.75,463.76999,34848500,465.20999,465.29001,463.75,463.76999,34848500,33.61,33.67,33.53,33.54,1493200,1.578,1.585,1.585,1.578,1.578,1.585,1.585,1.578
2021-11-12,64863.98047,65460.81641,62333.91406,64155.94141,1.14478,1.14599,1.14341,1.14508,1861.995,1868.68506,1844.78003,1864.044067,1861.995,1868.68506,1844.78003,1864.044067,2.38095e-05,2.38152e-05,2.38095e-05,2.38152e-05,2.38095e-05,2.38152e-05,2.38095e-05,2.38152e-05,69.75,70.099998,69.67,70.080002,13472300,69.75,70.099998,69.67,70.080002,13472300,335.62,340.39001,335.029999,339.059998,1097400,359.60999,360.88,358.38,359.64999,493300,359.60999,360.88,358.38,359.64999,493300,79.69,80.08,80.36,78.67,185200.0,-0.91,23.02,23.225,22.38,22.83,53516200,391.76999,395.25,390.13,394.70001,34730600,89.18,89.25,88.62,88.86,3273100,89.18,89.25,88.62,88.86,3273100,465.12,467.85999,464.10999,467.26999,53466700,465.12,467.85999,464.10999,467.26999,53466700,33.51,33.56,33.44,33.51,1515600,1.57,1.577,1.589,1.541,1.57,1.577,1.589,1.541
2021-11-15,65521.28906,66281.57031,63548.14453,63557.87109,1.14423,1.14642,1.1417,1.14416,1868.14502,1870.56995,1855.72998,1862.45911,1868.14502,1870.56995,1855.72998,1862.45911,2.37954e-05,2.38095e-05,2.37954e-05,2.37954e-05,2.37954e-05,2.38095e-05,2.37954e-05,2.37954e-05,70.11,70.17,69.95,70.019997,5410800,70.11,70.17,69.95,70.019997,5410800,339.54999,341.64999,339.42999,340.92001,1068600,360.5,361.59,359.26999,360.0,961600,360.5,361.59,359.26999,360.0,961600,79.75,79.59,80.04,78.28,185740.0,0.08,23.0,23.52,22.95,23.41,33225700,395.91,396.23999,392.10001,394.60999,33716900,89.63,89.63,88.84,89.35,3423100,89.63,89.63,88.84,89.35,3423100,468.64001,468.81,466.23001,467.42999,46980500,468.64001,468.81,466.23001,467.42999,46980500,33.55,33.6,33.45,33.48,1211800,1.618,1.575,1.632,1.541,1.618,1.575,1.632,1.541
2021-11-16,63721.19531,63721.19531,59016.33594,60161.24609,1.13674,1.1387,1.13307,1.13665,1862.94495,1877.40002,1849.16003,1849.91003,1862.94495,1877.40002,1849.16003,1849.91003,2.38095e-05,2.38095e-05,2.38095e-05,2.38095e-05,2.38095e-05,2.38095e-05,2.38095e-05,2.38095e-05,69.92,69.99,69.84,69.88,7354100,69.92,69.99,69.84,69.88,7354100,341.89001,343.64001,339.76001,340.37,1307500,360.45999,361.23001,354.57001,354.60001,801100,360.45999,361.23001,354.57001,354.60001,801100,79.74,79.8,80.68,78.97,208600.0,-0.01,23.29,23.29,22.61,23.13,31574800,393.85999,397.92999,393.66,397.42001,27872900,89.27,89.82,88.81,88.9,4746200,89.27,89.82,88.81,88.9,4746200,467.14999,470.48999,467.070007,469.28,48857500,467.14999,470.48999,467.070007,469.28,48857500,33.5,33.53,33.4,33.4,1314900,1.64,1.618,1.646,1.594,1.64,1.618,1.646,1.594
2021-11-17,60139.62109,60823.60938,58515.41016,60368.01172,1.13162,1.1334,1.12705,1.13212,1850.34497,1868.31995,1849.37585,1866.95996,1850.34497,1868.31995,1849.37585,1866.95996,2.38095e-05,2.38095e-05,2.38095e-05,2.38095e-05,2.38095e-05,2.38095e-05,2.38095e-05,2.38095e-05,69.38,69.6,69.29,69.59,4427200,69.38,69.6,69.29,69.59,4427200,339.48001,343.54999,339.48001,341.98999,1751000,355.44,356.78,353.76001,353.95999,784800,355.44,356.78,353.76001,353.95999,784800,77.55,79.6,79.71,76.93,504940.0,-2.75,23.049999,23.219,22.4,22.49,27994100,397.75,399.72,396.64001,397.63,28703300,88.76,89.050003,87.19,87.45,3910600,88.76,89.050003,87.19,87.45,3910600,469.0,469.19,467.48001,468.14001,47858300,469.0,469.19,467.48001,468.14001,47858300,33.45,33.51,33.35,33.42,1789000,1.585,1.644,1.649,1.584,1.585,1.644,1.649,1.584
2021-11-18,60360.13672,60948.5,56550.79297,56942.13672,1.13181,1.13598,1.1315,1.13212,1866.96997,1871.29004,1854.93994,1858.45996,1866.96997,1871.29004,1854.93994,1858.45996,2.38095e-05,2.38095e-05,2.38095e-05,2.38095e-05,2.38095e-05,2.38095e-05,2.38095e-05,2.38095e-05,69.6,69.77,69.31,69.77,6787900,69.6,69.77,69.31,69.77,6787900,342.72,343.10999,340.20999,342.079987,1431300,354.35999,354.35999,345.89999,351.42001,1438900,354.35999,354.35999,345.89999,351.42001,1438900,78.41,77.49,78.8,76.44,426770.0,1.11,22.5,22.55,21.342,21.5,51039900,399.73001,402.26999,397.45001,401.75,45721500,87.19,87.79,86.34,86.91,4376300,87.19,87.79,86.34,86.91,4376300,469.23999,470.01001,466.34,469.73001,50625600,469.23999,470.01001,466.34,469.73001,50625600,33.32,33.38,33.22,33.35,1660800,1.587,1.599,1.613,1.574,1.587,1.599,1.613,1.574
2021-11-19,56896.12891,58351.11328,55705.17969,58119.57812,1.13701,1.13701,1.12524,1.13684,1858.89502,1865.755,1842.97998,1844.59998,1858.89502,1865.755,1842.97998,1844.59998,2.38095e-05,2.38095e-05,2.38095e-05,2.38095e-05,2.38095e-05,2.38095e-05,2.38095e-05,2.38095e-05,69.85,70.080002,69.78,69.91,5835600,69.85,70.080002,69.78,69.91,5835600,340.88,343.0,339.35001,341.44,1426500,351.63,354.5,347.69,353.13,789000,351.63,354.5,347.69,353.13,789000,75.94,78.29,79.33,75.09,623450.0,-3.15,21.6,21.96,21.3,21.41,30013100,403.42999,405.29999,402.57999,403.98999,45191700,86.25,86.25,85.059998,85.43,5478200,86.25,86.25,85.059998,85.43,5478200,469.60999,470.94,468.5,468.89001,57315600,469.60999,470.94,468.5,468.89001,57315600,33.12,33.12,32.96,33.0,1442500,1.548,1.587,1.608,1.515,1.548,1.587,1.608,1.515
2021-11-22,58706.84766,59266.35938,55679.83984,56289.28906,1.12757,1.12905,1.12382,1.12757,1846.745,1849.48999,1801.95496,1805.040039,1846.745,1849.48999,1801.95496,1805.040039,2.38095e-05,2.38095e-05,2.38095e-05,2.38095e-05,2.38095e-05,2.38095e-05,2.38095e-05,2.38095e-05,69.86,70.080002,69.51,69.55,8232300,69.86,70.080002,69.51,69.55,8232300,341.73001,347.59,341.48001,344.98001,1229400,354.44,365.34,353.32999,363.14999,943000,354.44,365.34,353.32999,363.14999,943000,76.12,75.07,76.47,74.06,112640.0,0.24,21.53,21.57,20.18,20.65,59899100,405.57001,408.70999,399.19,399.29999,61715400,85.81,87.64,85.68,86.8,6819800,85.81,87.64,85.68,86.8,6819800,470.89001,473.54001,467.35001,467.57001,72762000,470.89001,473.54001,467.35001,467.57001,72762000,33.0,33.2,32.98,32.98,2070400,1.632,1.56,1.634,1.546,1.632,1.56,1.634,1.546
2021-11-23,56304.55469,57875.51562,55632.76172,57569.07422,1.12435,1.12734,1.12271,1.12421,1805.64502,1812.5,1781.63,1789.73315,1805.64502,1812.5,1781.63,1789.73315,2.38095e-05,2.38095e-05,2.37954e-05,2.38095e-05,2.38095e-05,2.38095e-05,2.37954e-05,2.38095e-05,69.44,69.69,69.24,69.63,6844600,69.44,69.69,69.24,69.63,6844600,344.98001,348.089996,344.67001,345.17999,1212700,363.59,368.25,362.01001,364.20999,776000,363.59,368.25,362.01001,364.20999,776000,77.94,75.81,78.23,74.77,171030.0,2.39,20.59,21.049999,20.049999,20.59,44588000,398.10999,400.23001,392.92001,397.48001,70098700,87.32,87.74,86.74,87.31,5950700,87.32,87.74,86.74,87.31,5950700,467.22,469.10001,464.45001,468.19,73206500,467.22,469.10001,464.45001,468.19,73206500,33.080002,33.23,33.049999,33.23,1681800,1.676,1.624,1.684,1.615,1.676,1.624,1.684,1.615
2021-11-24,57565.85156,57803.06641,55964.22266,56280.42578,1.12439,1.12545,1.11878,1.12449,1790.34497,1797.01001,1778.43994,1788.5,1790.34497,1797.01001,1778.43994,1788.5,2.37954e-05,2.37954e-05,2.37954e-05,2.37954e-05,2.37954e-05,2.37954e-05,2.37954e-05,2.37954e-05,68.45,68.78,68.33,68.78,7209400,68.45,68.78,68.33,68.78,7209400,344.85999,347.0,343.049988,343.57999,1134500,364.39001,368.29999,360.79999,361.37,607000,364.39001,368.29999,360.79999,361.37,607000,77.81,77.9,78.59,77.41,83840.0,-0.17,20.35,21.2,20.059999,21.11,35233900,394.92999,399.049988,392.54001,398.76001,46954400,86.93,87.48,86.68,87.19,3464500,86.93,87.48,86.68,87.19,3464500,466.059998,469.57001,465.19,469.44,61858800,466.059998,469.57001,465.19,469.44,61858800,32.94,33.14,32.94,33.12,1334100,1.643,1.665,1.693,1.627,1.643,1.665,1.693,1.627
2021-11-26,58960.28516,59183.48047,53569.76562,53569.76562,1.1209,1.1322,1.1208,1.12096,1788.69995,1815.78003,1780.78503,1791.81055,1788.69995,1815.78003,1780.78503,1791.81055,2.38095e-05,2.38095e-05,2.38095e-05,2.38095e-05,2.38095e-05,2.38095e-05,2.38095e-05,2.38095e-05,67.6,67.66,66.71,66.96,8587400,67.6,67.66,66.71,66.96,8587400,339.29001,343.23001,338.079987,342.72,1079900,352.79001,357.29001,351.73001,353.98001,524200,352.79001,357.29001,351.73001,353.98001,524200,67.84,77.75,78.07,67.14,239790.0,-12.36,20.41,21.09,20.349,21.030001,20691200,396.10999,397.54001,389.76999,391.20001,51533300,83.56,83.59,81.42,83.0,7113600,83.56,83.59,81.42,83.0,7113600,462.34,463.89999,457.76999,458.97,112669600,462.34,463.89999,457.76999,458.97,112669600,32.26,32.27,31.92,32.080002,1904700,1.482,1.598,1.601,1.473,1.482,1.598,1.601,1.473
2021-11-29,57291.90625,58872.87891,56792.52734,57806.56641,1.12911,1.1298,1.12589,1.12932,1790.045044,1799.79504,1781.22998,1785.01001,1790.045044,1799.79504,1781.22998,1785.01001,2.37954e-05,2.37954e-05,2.37954e-05,2.37954e-05,2.37954e-05,2.37954e-05,2.37954e-05,2.37954e-05,67.32,67.56,66.9,67.15,9643600,67.32,67.56,66.9,67.15,9643600,344.0,344.60001,339.20001,341.23001,1492300,355.32001,358.79999,352.63,356.39001,532700,355.32001,358.79999,352.63,356.39001,532700,69.62,68.93,72.48,68.4,169530.0,2.62,21.19,21.4,20.56,21.07,29114000,395.89001,400.73001,395.14001,399.69,54447100,84.089996,84.45,82.52,82.94,5835000,84.089996,84.45,82.52,82.94,5835000,464.070007,466.56,461.73001,464.60001,86268800,464.070007,466.56,461.73001,464.60001,86268800,32.46,32.47,32.22,32.33,1739700,1.502,1.531,1.565,1.497,1.502,1.531,1.565,1.497
2021-11-30,57830.11328,59113.40234,56057.28125,57005.42578,1.12936,1.13817,1.12461,1.12934,1785.34497,1809.38,1769.43005,1773.78455,1785.34497,1809.38,1769.43005,1773.78455,2.38095e-05,2.38095e-05,2.37954e-05,2.37954e-05,2.38095e-05,2.38095e-05,2.37954e-05,2.37954e-05,66.44,66.66,65.39,66.33,13303500,66.44,66.66,65.39,66.33,13303500,337.20001,338.35999,333.029999,333.32001,2763200,354.10999,354.79001,348.32999,348.79999,1276200,354.10999,354.79001,348.32999,348.79999,1276200,65.85,69.69,70.86,64.16,184460.0,-5.42,20.95,21.25,20.11,20.65,38196400,398.78,401.19,391.75,393.82001,81332700,82.12,82.5,80.28,80.92,7966000,82.12,82.5,80.28,80.92,7966000,462.0,464.029999,455.29999,455.56,148559600,462.0,464.029999,455.29999,455.56,148559600,32.25,32.37,31.73,32.040001,3609200,1.456,1.511,1.524,1.412,1.456,1.511,1.524,1.412
2021-12-01,56907.96484,59041.68359,56553.08203,57229.82812,1.133,1.13585,1.13042,1.13303,1774.15002,1794.79504,1771.96497,1782.66003,1774.15002,1794.79504,1771.96497,1782.66003,2.37954e-05,2.37954e-05,2.37954e-05,2.37954e-05,2.37954e-05,2.37954e-05,2.37954e-05,2.37954e-05,67.46,67.62,65.92,65.98,14930700,67.46,67.62,65.92,65.98,14930700,335.0,335.95001,328.20001,328.42001,2248300,349.62,352.92001,345.91,345.98001,712000,349.62,352.92001,345.91,345.98001,712000,65.37,66.68,69.18,64.62,164810.0,-0.73,20.53,20.89,19.29,19.38,48283700,398.28,400.48001,386.64001,387.12,77766500,82.14,82.14,79.0,79.050003,8499000,82.14,82.14,79.0,79.050003,8499000,461.64001,464.67001,450.29001,450.5,131939200,461.64001,464.67001,450.29001,450.5,131939200,32.45,32.6,31.81,31.81,4116500,1.404,1.477,1.506,1.402,1.404,1.477,1.506,1.402
2021-12-02,57217.37109,57349.23438,55895.13281,56477.81641,1.13196,1.13482,1.13019,1.13195,1783.050049,1783.57996,1761.67505,1768.63525,1783.050049,1783.57996,1761.67505,1768.63525,2.38095e-05,2.38095e-05,2.37954e-05,2.37954e-05,2.38095e-05,2.38095e-05,2.37954e-05,2.37954e-05,66.36,67.16,66.31,66.97,12287300,66.36,67.16,66.31,66.97,12287300,330.0,333.91,328.32999,330.53,1804100,348.44,355.79999,347.87,352.57001,700700,348.44,355.79999,347.87,352.57001,700700,66.27,65.38,67.23,62.26,188620.0,1.38,19.3,19.91,19.059999,19.69,45802900,385.79999,391.73999,384.34,389.91,84416600,80.050003,82.23,79.51,81.66,6409100,80.050003,82.23,79.51,81.66,6409100,450.73001,459.070007,450.31,457.39999,127637800,450.73001,459.070007,450.31,457.39999,127637800,32.23,32.55,32.21,32.48,3143200,1.444,1.421,1.466,1.409,1.444,1.421,1.466,1.409
2021-12-03,56509.16406,57482.16797,52496.58594,53598.24609,1.13068,1.13318,1.12674,1.13062,1768.84497,1786.43994,1765.63,1783.73608,1768.84497,1786.43994,1765.63,1783.73608,2.37954e-05,2.37954e-05,2.37954e-05,2.37954e-05,2.37954e-05,2.37954e-05,2.37954e-05,2.37954e-05,67.44,67.6,66.85,67.36,10887300,67.44,67.6,66.85,67.36,10887300,331.35001,334.38,330.34,333.81,1603200,352.60001,358.16,352.60001,357.84,746400,352.60001,358.16,352.60001,357.84,746400,66.1,67.17,68.96,65.45,136240.0,-0.26,19.5,19.53,18.4,18.98,56039600,391.31,392.34,378.89999,383.13,105349100,81.61,82.12,80.12,81.11,6038900,81.61,82.12,80.12,81.11,6038900,459.17001,460.29999,448.92001,453.42001,137331600,459.17001,460.29999,448.92001,453.42001,137331600,32.45,32.49,32.029999,32.25,3376300,1.356,1.431,1.472,1.335,1.356,1.431,1.472,1.335
2021-12-06,49413.48047,50929.51953,47281.03516,50582.625,1.13026,1.131,1.1269,1.13048,1784.78503,1787.86914,1775.90503,1778.10779,1784.78503,1787.86914,1775.90503,1778.10779,2.38095e-05,2.38095e-05,2.37954e-05,2.38095e-05,2.38095e-05,2.38095e-05,2.37954e-05,2.38095e-05,67.16,67.5,67.040001,67.4,6800300,67.16,67.5,67.040001,67.4,6800300,337.25,342.41,337.25,339.95999,1946900,361.22,367.35999,360.01001,363.95999,1096000,361.22,367.35999,360.01001,363.95999,1096000,69.3,66.85,69.95,66.62,109150.0,4.84,18.54,18.97,18.075001,18.8,56459800,383.63,387.60001,379.29999,386.20001,67588800,82.25,84.39,81.67,83.76,4964200,82.25,84.39,81.67,83.76,4964200,456.13,460.79001,453.56,458.79001,98977500,456.13,460.79001,453.56,458.79001,98977500,32.63,32.82,32.55,32.73,2422300,1.433,1.378,1.443,1.37,1.433,1.378,1.443,1.37
2021-12-07,50581.82812,51934.78125,50175.80859,50700.08594,1.12845,1.12994,1.12313,1.12867,1778.079956,1788.02002,1771.93005,1784.041992,1778.079956,1788.02002,1771.93005,1784.041992,2.37954e-05,2.38095e-05,2.37954e-05,2.37954e-05,2.37954e-05,2.38095e-05,2.37954e-05,2.37954e-05,68.48,69.010002,68.44,68.97,8187200,68.48,69.010002,68.44,68.97,8187200,340.0,342.10999,338.79999,339.17001,1540700,363.13,365.070007,360.75,362.67001,919200,363.13,365.070007,360.75,362.67001,919200,71.84,69.28,72.72,69.28,176320.0,3.67,19.26,19.855,19.07,19.46,35129000,393.029999,398.45999,392.98999,397.82999,56005300,84.43,85.8,84.050003,85.010002,5102900,84.43,85.8,84.050003,85.010002,5102900,464.41,468.88,458.64999,468.28,95484700,464.41,468.88,458.64999,468.28,95484700,32.99,33.17,32.98,33.15,2891400,1.482,1.429,1.487,1.427,1.482,1.429,1.487,1.427
2021-12-08,50667.64844,51171.375,48765.98828,50504.79688,1.12731,1.1339,1.12696,1.12765,1784.39502,1793.59998,1779.45496,1782.060059,1784.39502,1793.59998,1779.45496,1782.060059,2.38095e-05,2.38095e-05,2.37954e-05,2.38095e-05,2.38095e-05,2.38095e-05,2.37954e-05,2.38095e-05,68.76,68.98,68.63,68.89,6407500,68.76,68.98,68.63,68.89,6407500,339.70999,342.38,339.019989,341.079987,1376900,363.54001,367.32999,362.35999,364.089996,467400,363.54001,367.32999,362.35999,364.089996,467400,72.18,71.62,72.75,70.74,162640.0,0.47,19.51,19.825,19.030001,19.82,28425900,398.17001,399.82001,396.22,399.60999,39204000,85.84,87.65,85.8,86.5,6749500,85.84,87.65,85.8,86.5,6749500,468.70001,470.0,466.82999,469.51999,72238800,468.70001,470.0,466.82999,469.51999,72238800,33.16,33.23,33.09,33.19,2606900,1.528,1.472,1.537,1.427,1.528,1.472,1.537,1.427
2021-12-09,50450.08203,50797.16406,47358.35156,47672.12109,1.1344,1.13456,1.12794,1.13456,1782.495,1788.050049,1772.79504,1774.45996,1782.495,1788.050049,1772.79504,1774.45996,2.38095e-05,2.38095e-05,2.37954e-05,2.37954e-05,2.38095e-05,2.38095e-05,2.37954e-05,2.37954e-05,68.35,68.56,68.2,68.33,4763300,68.35,68.56,68.2,68.33,4763300,339.94,345.10999,338.26999,343.60001,1591500,362.59,368.35001,360.89001,367.85999,753700,362.59,368.35001,360.89001,367.85999,753700,70.79,72.36,73.13,70.23,144300.0,-1.93,19.95,20.15,19.040001,19.21,30354700,398.35001,400.20001,393.53,393.73001,49973700,86.0,86.57,85.52,86.16,4241900,86.0,86.57,85.52,86.16,4241900,468.14999,469.63,466.14001,466.35001,61272600,468.14999,469.63,466.14001,466.35001,61272600,33.029999,33.049999,32.95,33.02,1156400,1.497,1.521,1.535,1.472,1.497,1.521,1.535,1.472
2021-12-10,47642.14453,50015.25391,47023.69922,47243.30469,1.12941,1.13226,1.12674,1.12933,1774.94495,1789.47498,1769.43005,1782.51001,1774.94495,1789.47498,1769.43005,1782.51001,2.38095e-05,2.38095e-05,2.37954e-05,2.37954e-05,2.38095e-05,2.38095e-05,2.37954e-05,2.37954e-05,68.35,68.47,68.21,68.43,4865900,68.35,68.47,68.21,68.43,4865900,345.84,347.23999,344.60001,344.88,1180700,368.20001,371.85999,366.0,371.059998,480300,368.20001,371.85999,366.0,371.059998,480300,71.48,70.52,72.15,70.19,185500.0,0.97,19.28,19.58,18.7,18.94,27594500,396.62,398.28,393.35999,398.01001,52545800,86.91,86.98,85.7,86.16,3294400,86.91,86.98,85.7,86.16,3294400,469.23001,470.89999,466.51001,470.73999,77159800,469.23001,470.89999,466.51001,470.73999,77159800,33.049999,33.099998,32.92,33.060001,1869000,1.482,1.501,1.52,1.451,1.482,1.501,1.52,1.451
2021-12-13,50114.74219,50205.0,45894.84766,46737.48047,1.13112,1.13161,1.12635,1.13118,1782.94495,1791.78003,1781.51001,1786.94324,1782.94495,1791.78003,1781.51001,1786.94324,2.37954e-05,2.37954e-05,2.37954e-05,2.37954e-05,2.37954e-05,2.37954e-05,2.37954e-05,2.37954e-05,67.099998,67.15,66.77,66.89,6239000,67.099998,67.15,66.77,66.89,6239000,344.39999,346.79999,341.51001,345.54999,1740700,371.22,378.95001,370.89999,377.32999,904700,371.22,378.95001,370.89999,377.32999,904700,71.06,71.84,72.82,70.54,209970.0,-0.59,18.8,19.075001,18.17,18.4,38376000,398.0,398.32999,391.88,392.26001,50166400,85.45,85.94,84.040001,84.33,4173900,85.45,85.94,84.040001,84.33,4173900,470.19,470.56,466.26999,466.57001,87724700,470.19,470.56,466.26999,466.57001,87724700,32.060001,32.07,31.79,31.81,4730400,1.414,1.494,1.508,1.412,1.414,1.494,1.508,1.412
2021-12-14,46709.82422,48431.39844,46424.49609,46612.63281,1.12834,1.13276,1.12666,1.12854,1787.19495,1789.745,1766.30505,1770.17578,1787.19495,1789.745,1766.30505,1770.17578,2.38095e-05,2.38095e-05,2.37954e-05,2.38095e-05,2.38095e-05,2.38095e-05,2.37954e-05,2.38095e-05,66.72,66.9,66.49,66.81,6904100,66.72,66.9,66.49,66.81,6904100,343.75,348.39999,343.75,345.64001,1786000,376.64999,382.32001,375.48001,376.22,906700,376.64999,382.32001,375.48001,376.22,906700,70.52,70.91,71.79,69.32,177570.0,-0.76,18.0,18.859,17.91,18.64,38864800,387.29999,390.089996,383.63,388.20001,75199200,83.63,84.74,83.23,83.5,6144700,83.63,84.74,83.23,83.5,6144700,463.089996,465.73999,460.25,463.35999,97264100,463.089996,465.73999,460.25,463.35999,97264100,31.82,31.97,31.71,31.78,2108200,1.441,1.426,1.472,1.419,1.441,1.426,1.472,1.419
2021-12-15,48379.75391,49473.95703,46671.96484,48896.72266,1.12587,1.1278,1.12492,1.12613,1770.495,1781.03772,1753.8396,1777.060059,1770.495,1781.03772,1753.8396,1777.060059,2.37954e-05,2.38095e-05,2.37954e-05,2.37954e-05,2.37954e-05,2.38095e-05,2.37954e-05,2.37954e-05,67.32,68.019997,67.16,67.96,9238600,67.32,68.019997,67.16,67.96,9238600,345.39001,345.64001,340.0,344.42001,1208900,376.73999,379.66,374.20001,378.82001,672000,376.73999,379.66,374.20001,378.82001,672000,70.66,70.12,71.45,69.21,191200.0,0.2,18.37,18.94,17.995,18.86,39361900,387.94,397.42001,383.88,397.049988,73858000,83.46,83.72,82.07,83.43,5388300,83.46,83.72,82.07,83.43,5388300,463.42001,470.85999,460.73999,470.60001,116899300,463.42001,470.85999,460.73999,470.60001,116899300,31.71,31.92,31.48,31.92,3373800,1.458,1.443,1.484,1.424,1.458,1.443,1.484,1.424
2021-12-16,48900.46484,49425.57422,47529.87891,47665.42578,1.12931,1.13636,1.12821,1.12908,1777.39502,1799.53003,1775.43005,1799.027222,1777.39502,1799.53003,1775.43005,1799.027222,2.37954e-05,2.38095e-05,2.37954e-05,2.37954e-05,2.37954e-05,2.38095e-05,2.37954e-05,2.37954e-05,68.29,68.36,67.94,68.040001,6476700,68.29,68.36,67.94,68.040001,6476700,345.67001,347.95999,343.67001,344.84,1185900,380.19,383.070007,377.51999,378.72,721400,380.19,383.070007,377.51999,378.72,721400,72.15,71.28,72.74,70.87,329080.0,2.11,18.96,19.12,18.15,18.34,33950000,398.040009,398.48001,385.20999,386.84,82591400,84.26,84.52,82.46,82.7,4546300,84.26,84.52,82.46,82.7,4546300,472.57001,472.87,464.79999,466.45001,116568600,472.57001,472.87,464.79999,466.45001,116568600,32.09,32.26,32.040001,32.16,4167500,1.424,1.462,1.482,1.412,1.424,1.462,1.482,1.412
2021-12-17,47653.73047,48004.89453,45618.21484,46202.14453,1.13354,1.13491,1.12684,1.13341,1799.54504,1814.625,1795.66504,1797.68201,1799.54504,1814.625,1795.66504,1797.68201,2.37954e-05,2.38095e-05,2.37954e-05,2.38095e-05,2.37954e-05,2.38095e-05,2.37954e-05,2.38095e-05,67.46,67.61,67.19,67.21,7341400,67.46,67.61,67.19,67.21,7341400,345.54999,347.16,342.92001,344.14001,2749500,379.48001,380.54001,376.53,377.45999,1139400,379.48001,380.54001,376.53,377.45999,1139400,70.72,71.79,72.05,69.7,351300.0,-1.98,18.030001,19.1,17.81,19.059999,44495200,383.32999,389.19,381.76999,384.91,80492500,82.7,83.019997,81.17,82.28,8892600,82.7,83.019997,81.17,82.28,8892600,461.54999,464.73999,458.059998,459.87,135511600,461.54999,464.73999,458.059998,459.87,135511600,32.080002,32.13,31.81,31.85,3026200,1.407,1.424,1.434,1.372,1.407,1.424,1.434,1.372
2021-12-20,46707.0625,47401.71875,45579.80859,46880.27734,1.12425,1.13045,1.12373,1.12435,1799.39502,1804.32495,1787.97803,1789.31799,1799.39502,1804.32495,1787.97803,1789.31799,2.38095e-05,2.38095e-05,2.38095e-05,2.38095e-05,2.38095e-05,2.38095e-05,2.38095e-05,2.38095e-05,66.39,66.72,66.27,66.64,5452600,66.39,66.72,66.27,66.64,5452600,341.0,341.19,333.42001,337.42001,2315400,376.20999,377.17001,367.0,369.95001,860800,376.20999,377.17001,367.0,369.95001,860800,68.61,69.88,69.98,66.12,492220.0,-2.98,18.59,18.67,17.835,17.96,42265900,379.57001,381.5,377.47,380.69,65336800,81.029999,81.35,79.69,81.029999,5828400,81.029999,81.35,79.69,81.029999,5828400,454.48001,455.39999,451.14001,454.98001,107134800,454.48001,455.39999,451.14001,454.98001,107134800,31.7,31.84,31.57,31.81,2433000,1.428,1.375,1.429,1.353,1.428,1.375,1.429,1.353
2021-12-21,46886.07813,49300.91797,46698.77344,48936.61328,1.12768,1.13033,1.12618,1.12775,1789.745,1800.84998,1784.57996,1788.36035,1789.745,1800.84998,1784.57996,1788.36035,2.38095e-05,2.38095e-05,2.37954e-05,2.38095e-05,2.38095e-05,2.38095e-05,2.37954e-05,2.38095e-05,66.8,67.089996,66.73,67.029999,4019100,66.8,67.089996,66.73,67.029999,4019100,338.76999,343.38,338.64999,340.76999,2352400,371.42999,380.19,370.98001,378.48999,798300,371.42999,380.19,370.98001,378.48999,798300,70.82,68.94,71.21,68.27,99770.0,3.22,18.16,18.98,18.1,18.9,33878600,384.049988,389.53,380.20001,389.20999,48899500,81.67,83.92,81.67,83.68,7301900,81.67,83.92,81.67,83.68,7301900,458.60999,463.20999,456.31,463.059998,69806300,458.60999,463.20999,456.31,463.059998,69806300,32.029999,32.28,32.02,32.24,3540900,1.467,1.421,1.498,1.414,1.467,1.421,1.498,1.414
2021-12-22,48937.09766,49544.79688,48450.94141,48628.51172,1.12905,1.1342,1.12653,1.12876,1788.94495,1805.13,1785.40503,1803.39539,1788.94495,1805.13,1785.40503,1803.39539,2.37954e-05,2.37954e-05,2.37954e-05,2.37954e-05,2.37954e-05,2.37954e-05,2.37954e-05,2.37954e-05,66.63,67.16,66.54,67.14,3036700,66.63,67.16,66.54,67.14,3036700,341.16,344.35001,341.029999,343.14001,1311400,378.48999,381.0,378.48999,379.81,715200,378.48999,381.0,378.48999,379.81,715200,72.33,70.97,72.71,70.48,94300.0,2.13,18.65,19.45,18.65,18.88,33894200,388.91,394.16,388.23001,393.95001,37042200,83.48,84.75,83.43,84.07,3852800,83.48,84.75,83.43,84.07,3852800,462.79001,467.81,462.57999,467.69,58890200,462.79001,467.81,462.57999,467.69,58890200,32.34,32.71,32.27,32.7,2526300,1.453,1.45,1.486,1.448,1.453,1.45,1.486,1.448
2021-12-23,48626.34375,51332.33984,48065.83594,50784.53906,1.13302,1.13456,1.12915,1.13289,1803.69495,1811.015015,1798.88,1807.91003,1803.69495,1811.015015,1798.88,1807.91003,2.38095e-05,2.38095e-05,2.37954e-05,2.38095e-05,2.38095e-05,2.38095e-05,2.37954e-05,2.38095e-05,67.14,67.59,67.099998,67.4,2963600,67.14,67.59,67.099998,67.4,2963600,343.78,348.32001,343.78,347.019989,1061200,380.51999,384.17001,380.01001,381.17001,610500,380.51999,384.17001,380.01001,381.17001,610500,73.42,72.59,73.6,71.84,95320.0,1.51,18.85,19.135,18.72,18.93,24758300,394.31,398.42999,394.14001,396.92001,29595500,84.56,85.2,84.52,84.9,2650000,84.56,85.2,84.52,84.9,2650000,468.75,472.19,468.64001,470.60001,56439700,468.75,472.19,468.64001,470.60001,56439700,32.79,32.99,32.79,32.9,2276800,1.493,1.457,1.501,1.452,1.493,1.457,1.501,1.452
2021-12-27,50802.60938,51956.32812,50499.46875,50640.41797,1.13239,1.1335,1.13042,1.13243,1808.19495,1813.73999,1802.89001,1810.90002,1808.19495,1813.73999,1802.89001,1810.90002,2.38095e-05,2.38095e-05,2.38095e-05,2.38095e-05,2.38095e-05,2.38095e-05,2.38095e-05,2.38095e-05,67.080002,67.38,67.029999,67.34,3292600,67.080002,67.38,67.029999,67.34,3292600,347.10001,350.81,347.0,350.28,965900,381.48999,384.82001,381.19,384.20999,362200,381.48999,384.82001,381.19,384.20999,362200,75.18,73.0,75.68,72.22,76670.0,2.4,18.78,19.25,18.78,18.94,21782000,398.25,403.48001,398.22,403.48001,32820700,84.72,85.4,84.24,85.24,2743700,84.72,85.4,84.24,85.24,2743700,472.059998,477.31,472.01001,477.26001,56808600,472.059998,477.31,472.01001,477.26001,56808600,32.96,33.35,32.91,33.32,5189800,1.477,1.486,1.498,1.476,1.477,1.486,1.498,1.476
2021-12-28,50679.85938,50679.85938,47414.21094,47588.85547,1.13298,1.1336,1.12904,1.133,1811.84497,1820.69995,1804.375,1805.36572,1811.84497,1820.69995,1804.375,1805.36572,2.38095e-05,2.38095e-05,2.37954e-05,2.37954e-05,2.38095e-05,2.38095e-05,2.37954e-05,2.37954e-05,67.34,67.63,67.33,67.42,2728200,67.34,67.63,67.33,67.42,2728200,350.059998,355.17001,349.51001,353.75,827500,382.70001,387.95001,382.01001,385.32999,307800,382.70001,387.95001,382.01001,385.32999,307800,75.6,75.58,76.5,75.12,66330.0,0.56,18.89,19.07,18.44,18.57,20518800,404.39999,404.57999,400.70999,401.60999,33113700,85.07,86.35,84.78,86.019997,3220100,85.07,86.35,84.78,86.019997,3220100,477.72,478.81,476.059998,476.87,47274600,477.72,478.81,476.059998,476.87,47274600,33.29,33.42,33.24,33.26,3803200,1.484,1.479,1.491,1.455,1.484,1.479,1.491,1.455
2021-12-29,47623.87109,48119.74219,46201.49609,46444.71094,1.13134,1.137,1.12754,1.13148,1805.59497,1808.16003,1788.94495,1803.66003,1805.59497,1808.16003,1788.94495,1803.66003,2.37954e-05,2.37954e-05,2.37954e-05,2.37954e-05,2.37954e-05,2.37954e-05,2.37954e-05,2.37954e-05,67.13,67.15,66.93,67.099998,3552300,67.13,67.15,66.93,67.099998,3552300,353.44,355.5,352.69,354.26999,771700,385.32999,386.75,384.22,384.98999,365200,385.32999,386.75,384.22,384.98999,365200,76.18,75.71,76.99,75.01,78610.0,0.77,18.53,18.6,17.91,18.17,28217500,401.75,403.049988,399.10999,401.54999,32248500,85.58,86.07,85.22,85.89,2085300,85.58,86.07,85.22,85.89,2085300,476.98001,478.56,475.92001,477.48001,54503000,476.98001,478.56,475.92001,477.48001,54503000,33.29,33.36,33.19,33.29,2202600,1.556,1.477,1.56,1.47,1.556,1.477,1.56,1.47
2021-12-30,46490.60547,47879.96484,46060.3125,47178.125,1.13598,1.13602,1.13007,1.13602,1803.995,1817.44495,1795.78003,1815.010864,1803.995,1817.44495,1795.78003,1815.010864,2.38095e-05,2.38095e-05,2.37954e-05,2.38095e-05,2.38095e-05,2.38095e-05,2.37954e-05,2.38095e-05,67.099998,67.18,66.82,66.91,3363600,67.099998,67.18,66.82,66.91,3363600,355.0,357.82999,353.51001,353.57999,778500,385.75,387.73001,384.20001,384.53,375900,385.75,387.73001,384.20001,384.53,375900,76.61,76.2,77.06,75.42,61020.0,0.56,18.1,18.995,18.07,18.69,29285200,401.32999,403.57001,399.75,400.35001,23850100,86.040001,86.5,85.7,85.8,2459400,86.040001,86.5,85.7,85.8,2459400,477.92999,479.0,475.67001,476.16,55329000,477.92999,479.0,475.67001,476.16,55329000,33.3,33.41,33.13,33.14,4183600,1.507,1.551,1.553,1.501,1.507,1.551,1.553,1.501
2021-12-31,47169.37109,48472.52734,45819.95312,46306.44531,1.13232,1.13792,1.13051,1.1325,1815.44495,1830.57996,1814.14673,1828.39026,1815.44495,1830.57996,1814.14673,1828.39026,2.37954e-05,2.37954e-05,2.37954e-05,2.37954e-05,2.37954e-05,2.37954e-05,2.37954e-05,2.37954e-05,66.82,67.24,66.82,66.96,5025600,66.82,67.24,66.82,66.96,5025600,353.17001,357.059998,351.56,355.41,887200,384.01001,388.20999,383.98999,387.070007,414100,384.01001,388.20999,383.98999,387.070007,414100,74.88,76.12,76.68,74.63,63140.0,-2.26,18.61,18.92,18.21,18.21,23556000,399.66,401.059998,397.34,397.85001,34752900,85.73,86.33,85.5,86.059998,2667700,85.73,86.33,85.5,86.059998,2667700,475.64001,476.85999,474.67001,474.95999,65237400,475.64001,476.85999,474.67001,474.95999,65237400,33.21,33.24,33.099998,33.14,1833600,1.512,1.512,1.526,1.491,1.512,1.512,1.526,1.491
2022-01-03,47343.54297,47510.72656,45835.96484,46458.11719,1.13738,1.13759,1.12854,1.13735,1830.13501,1832.060059,1797.93005,1800.84875,1830.13501,1832.060059,1797.93005,1800.84875,2.38095e-05,2.38095e-05,2.37954e-05,2.37954e-05,2.38095e-05,2.38095e-05,2.37954e-05,2.37954e-05,67.17,67.18,66.83,67.029999,6386000,67.17,67.18,66.83,67.029999,6386000,354.67999,356.59,353.029999,354.35999,1205700,386.95001,388.070007,382.73999,385.53,662100,386.95001,388.070007,382.73999,385.53,662100,75.85,75.53,76.18,74.01,112230.0,1.3,18.36,18.569,17.86,18.53,34283600,399.049988,401.94,396.88,401.67999,40575900,86.080002,87.14,86.07,86.97,5169200,86.080002,87.14,86.07,86.97,5169200,476.29999,477.85001,473.85001,477.70999,72668200,476.29999,477.85001,473.85001,477.70999,72668200,33.33,33.54,33.24,33.53,5387000,1.637,1.531,1.642,1.529,1.637,1.531,1.642,1.529
2022-01-04,46458.85156,47406.54688,45752.46484,45897.57422,1.1302,1.1323,1.12734,1.13022,1801.34497,1816.82996,1798.43994,1814.56006,1801.34497,1816.82996,1798.43994,1814.56006,2.38095e-05,2.38095e-05,2.37954e-05,2.38095e-05,2.38095e-05,2.38095e-05,2.37954e-05,2.38095e-05,67.75,67.99,67.73,67.91,5794500,67.75,67.99,67.73,67.91,5794500,355.53,363.54001,355.20999,361.98999,1361100,387.54001,397.85001,387.54001,396.98999,740500,387.54001,397.85001,387.54001,396.98999,740500,76.74,75.8,77.4,75.47,156450.0,1.17,18.61,18.84,17.79,18.17,39643200,402.23999,402.28,393.29001,396.47,58027200,87.87,90.07,87.7,90.019997,6044200,87.87,90.07,87.7,90.019997,6044200,479.22,479.98001,475.57999,477.54999,71178700,479.22,479.98001,475.57999,477.54999,71178700,33.69,33.9,33.68,33.75,4318300,1.649,1.617,1.686,1.614,1.649,1.617,1.686,1.614
2022-01-05,45899.35938,46929.04688,42798.22266,43569.00391,1.12854,1.13456,1.12776,1.12836,1814.89502,1829.82495,1807.97498,1809.53418,1814.89502,1829.82495,1807.97498,1809.53418,2.37954e-05,2.38095e-05,2.37954e-05,2.37954e-05,2.37954e-05,2.38095e-05,2.37954e-05,2.37954e-05,68.37,68.48,67.58,67.6,8084200,68.37,68.48,67.58,67.6,8084200,363.0,364.0,357.87,358.14001,1682200,391.040009,399.57001,390.17999,394.98999,1072500,391.040009,399.57001,390.17999,394.98999,1072500,77.47,76.88,78.16,76.25,197970.0,0.95,18.030001,18.568,16.87,16.96,58445900,394.73999,395.89001,384.029999,384.29001,75739800,90.2,91.53,89.4,89.57,6833600,90.2,91.53,89.4,89.57,6833600,477.16,477.98001,468.28,468.38,104538900,477.16,477.98001,468.28,468.38,104538900,33.89,34.029999,33.6,33.61,2997600,1.7,1.656,1.712,1.64,1.7,1.656,1.712,1.64
2022-01-06,43565.51172,43748.71875,42645.53906,43160.92969,1.13122,1.13307,1.12855,1.13135,1809.94495,1811.88831,1786.030029,1788.67578,1809.94495,1811.88831,1786.030029,1788.67578,2.38095e-05,2.38095e-05,2.37954e-05,2.38095e-05,2.38095e-05,2.38095e-05,2.37954e-05,2.38095e-05,67.12,67.33,66.93,67.099998,7467800,67.12,67.33,66.93,67.099998,7467800,360.0,361.23999,357.54999,358.0,1368800,397.56,399.82999,394.39999,397.26999,764300,397.56,399.82999,394.39999,397.26999,764300,78.88,76.79,79.56,76.28,244000.0,1.82,16.87,17.18,16.055,16.74,49737100,382.42001,387.35001,380.13,384.019989,70814300,90.4,90.93,89.61,90.059998,5559000,90.4,90.93,89.61,90.059998,5559000,467.89001,470.82001,465.42999,467.94,86858900,467.89001,470.82001,465.42999,467.94,86858900,33.62,33.73,33.49,33.58,5199300,1.728,1.7,1.753,1.686,1.728,1.7,1.753,1.686
2022-01-07,43153.57031,43153.57031,41077.44531,41557.90234,1.12959,1.13598,1.12905,1.12969,1789.54504,1799.19995,1782.63,1795.63208,1789.54504,1799.19995,1782.63,1795.63208,2.37954e-05,2.37954e-05,2.37954e-05,2.37954e-05,2.37954e-05,2.37954e-05,2.37954e-05,2.37954e-05,66.52,66.8,66.13,66.67,4807700,66.52,66.8,66.13,66.67,4807700,359.079987,362.98999,358.14999,360.14001,1634600,398.32001,401.14999,396.079987,400.42001,908600,398.32001,401.14999,396.079987,400.42001,908600,78.44,79.0,79.82,78.07,229280.0,-0.56,16.7,17.33,16.475,16.56,37989300,384.029999,385.76001,378.040009,379.85999,72652300,90.26,91.37,90.089996,90.44,4835300,90.26,91.37,90.089996,90.44,4835300,467.95001,469.20001,464.64999,466.089996,85111600,467.95001,469.20001,464.64999,466.089996,85111600,33.71,33.99,33.7,33.98,4119400,1.765,1.725,1.801,1.711,1.765,1.725,1.801,1.711
2022-01-10,41910.23047,42199.48438,39796.57031,41821.26172,1.13534,1.13598,1.12883,1.1354,1795.40503,1802.57495,1790.42505,1801.4054,1795.40503,1802.57495,1790.42505,1801.4054,2.38095e-05,2.38095e-05,2.37954e-05,2.38095e-05,2.38095e-05,2.38095e-05,2.37954e-05,2.38095e-05,66.46,66.62,65.96,66.51,7531100,66.46,66.62,65.96,66.51,7531100,363.0,369.45999,361.41,363.25,2389900,405.0,406.84,399.23999,402.23001,1018100,405.0,406.84,399.23999,402.23001,1018100,77.7,78.51,78.92,77.34,210840.0,-0.94,16.19,16.57,15.35,16.5,77649400,374.82001,380.64001,369.31,380.10999,91770500,90.68,90.79,89.24,89.73,4884200,90.68,90.79,89.24,89.73,4884200,462.70001,465.73999,456.60001,465.51001,119362000,462.70001,465.73999,456.60001,465.51001,119362000,33.76,33.92,33.58,33.88,4160400,1.755,1.767,1.808,1.75,1.755,1.767,1.808,1.75
2022-01-11,41819.50781,43001.15625,41407.75391,42735.85547,1.13327,1.1369,1.13155,1.13304,1801.69495,1823.35498,1800.094971,1822.01001,1801.69495,1823.35498,1800.094971,1822.01001,2.37954e-05,2.37954e-05,2.37954e-05,2.37954e-05,2.37954e-05,2.37954e-05,2.37954e-05,2.37954e-05,66.49,67.14,66.29,67.029999,5911700,66.49,67.14,66.29,67.029999,5911700,364.01001,365.040009,361.26999,364.14001,1128000,397.70001,401.69,395.5,400.60001,605000,397.70001,401.69,395.5,400.60001,605000,80.67,77.87,80.95,77.83,270560.0,3.82,16.4,17.25,16.32,16.89,47442600,379.35999,385.98999,377.22,385.82001,68295700,89.74,90.84,89.27,90.72,4529800,89.74,90.84,89.27,90.72,4529800,465.23001,469.85001,462.049988,469.75,74303100,465.23001,469.85001,462.049988,469.75,74303100,33.82,34.22,33.74,34.21,2764000,1.746,1.769,1.785,1.737,1.746,1.769,1.785,1.737
2022-01-12,42742.17969,44135.36719,42528.98828,43949.10156,1.13701,1.1433,1.13558,1.13665,1822.495,1828.33496,1814.20496,1825.31946,1822.495,1828.33496,1814.20496,1825.31946,2.38095e-05,2.38095e-05,2.38067e-05,2.38095e-05,2.38095e-05,2.38095e-05,2.38067e-05,2.38095e-05,67.76,68.040001,67.66,67.99,5399300,67.76,68.040001,67.66,67.99,5399300,363.38,366.16,359.45001,361.29999,1477100,401.32001,402.23001,393.64999,395.53,714800,401.32001,402.23001,393.64999,395.53,714800,82.02,80.71,82.41,80.55,303160.0,1.67,17.16,17.46,16.4,16.72,39784200,388.45999,390.20001,385.01001,387.35001,54576400,91.0,91.55,90.84,91.07,4613100,91.0,91.55,90.84,91.07,4613100,471.59,473.20001,468.94,471.019989,67605400,471.59,473.20001,468.94,471.019989,67605400,34.5,34.58,34.42,34.53,2719200,1.752,1.743,1.753,1.711,1.752,1.743,1.753,1.711
2022-01-13,43946.74219,44278.42188,42447.04297,42591.57031,1.14398,1.14791,1.14364,1.14416,1825.94495,1828.38,1811.82996,1822.087646,1825.94495,1828.38,1811.82996,1822.087646,2.38067e-05,2.38095e-05,2.38067e-05,2.38067e-05,2.38067e-05,2.38095e-05,2.38067e-05,2.38067e-05,67.99,68.019997,67.19,67.31,7073400,67.99,68.019997,67.19,67.31,7073400,362.059998,367.35999,360.12,365.17999,1244000,395.53,399.87,394.37,397.60999,665300,395.53,399.87,394.37,397.60999,665300,81.62,82.12,82.29,80.91,289310.0,-0.49,16.8,16.82,15.94,16.01,35492200,388.76999,389.47,376.70001,377.66,77994000,91.38,92.46,90.96,91.56,5026300,91.38,92.46,90.96,91.56,5026300,472.19,472.88,463.44,464.53,91173100,472.19,472.88,463.44,464.53,91173100,34.68,34.72,34.43,34.49,3136400,1.701,1.748,1.76,1.694,1.701,1.748,1.76,1.694
2022-01-14,42598.87109,43346.6875,41982.61719,43099.69922,1.14566,1.14837,1.14101,1.14571,1822.54504,1829.66003,1814.13,1817.21899,1822.54504,1829.66003,1814.13,1817.21899,2.38095e-05,2.38095e-05,2.37954e-05,2.38095e-05,2.38095e-05,2.38095e-05,2.37954e-05,2.38095e-05,67.07,67.3,66.91,67.23,5361900,67.07,67.3,66.91,67.23,5361900,365.17999,372.98999,363.97,372.62,2165000,397.28,404.0,395.88,403.45001,936100,397.28,404.0,395.88,403.45001,936100,83.3,81.21,83.79,81.1,323110.0,2.06,15.94,16.249,15.62,16.01,35624900,375.070007,380.35001,374.85999,380.01001,80121200,91.050003,92.48,90.72,92.33,4987400,91.050003,92.48,90.72,92.33,4987400,461.19,465.089996,459.89999,464.72,95890900,461.19,465.089996,459.89999,464.72,95890900,34.44,34.63,34.38,34.58,2705500,1.793,1.72,1.795,1.706,1.793,1.72,1.795,1.706
2022-01-18,42250.07422,42534.40234,41392.21484,42375.63281,1.14129,1.14233,1.13296,1.14106,1819.77002,1823.01001,1805.53003,1813.53674,1819.77002,1823.01001,1805.53003,1813.53674,2.38095e-05,2.38095e-05,2.37954e-05,2.38095e-05,2.38095e-05,2.38095e-05,2.37954e-05,2.38095e-05,66.3,66.5,66.010002,66.17,8101200,66.3,66.5,66.010002,66.17,8101200,370.45001,377.35999,368.85999,376.54001,2471600,403.34,404.0,395.89001,401.63,774800,403.34,404.0,395.89001,401.63,774800,84.83,83.77,85.98,82.93,494000.0,1.36,15.45,15.75,14.92,14.97,49067700,374.040009,376.22,369.76999,370.54999,75450900,91.33,91.9,90.28,90.75,6010200,91.33,91.9,90.28,90.75,6010200,459.73999,459.95999,455.31,456.48999,109709100,459.73999,459.95999,455.31,456.48999,109709100,34.4,34.49,34.26,34.4,10941100,1.875,1.807,1.881,1.807,1.875,1.807,1.881,1.807
2022-01-19,42374.03906,42478.30469,41242.91406,41744.32812,1.133,1.13568,1.13195,1.13296,1813.69495,1843.72339,1809.97498,1839.95996,1813.69495,1843.72339,1809.97498,1839.95996,2.37954e-05,2.38095e-05,2.37954e-05,2.37954e-05,2.37954e-05,2.38095e-05,2.37954e-05,2.37954e-05,65.72,65.86,65.28,65.35,14395000,65.72,65.86,65.28,65.35,14395000,375.5,381.45001,374.17999,377.32999,3336700,403.049988,408.97,401.48001,401.64999,570100,403.049988,408.97,401.48001,401.64999,570100,85.8,85.89,86.79,84.99,511050.0,1.14,14.9,15.25,14.54,14.56,48049100,372.14999,374.69,366.20999,366.48001,81791500,90.73,91.34,89.58,89.7,4887800,90.73,91.34,89.58,89.7,4887800,458.13,459.60999,451.45999,451.75,109357600,458.13,459.60999,451.45999,451.75,109357600,34.7,34.77,34.53,34.58,3499000,1.854,1.873,1.902,1.822,1.854,1.873,1.902,1.822
2022-01-20,41744.02734,43413.02344,40672.82422,40680.41797,1.13435,1.13689,1.13302,1.13434,1840.29504,1848.35999,1835.66504,1838.35999,1840.29504,1848.35999,1835.66504,1838.35999,2.38095e-05,2.38095e-05,2.37954e-05,2.38095e-05,2.38095e-05,2.38095e-05,2.37954e-05,2.38095e-05,65.55,66.029999,65.019997,65.059998,6899100,65.55,66.029999,65.019997,65.059998,6899100,377.01001,381.14999,374.01001,375.13,2109100,401.48999,404.39999,396.98001,397.41,843900,401.48999,404.39999,396.98001,397.41,843900,85.55,85.06,87.1,84.2,532200.0,-0.29,14.89,15.55,14.57,14.62,44690400,369.79001,373.87,361.17001,361.72,88610700,89.96,90.83,88.25,88.36,5354700,89.96,90.83,88.25,88.36,5354700,453.75,458.73999,444.5,446.75,122379700,453.75,458.73999,444.5,446.75,122379700,34.51,34.65,34.22,34.22,2842400,1.811,1.863,1.87,1.804,1.811,1.863,1.87,1.804
2022-01-21,40699.60547,41060.52734,35791.42578,36457.31641,1.13154,1.13611,1.13022,1.13138,1838.64502,1843.53003,1828.040039,1833.23865,1838.64502,1843.53003,1828.040039,1833.23865,2.38095e-05,2.38095e-05,2.37954e-05,2.38095e-05,2.38095e-05,2.38095e-05,2.37954e-05,2.38095e-05,65.5,65.57,64.78,64.81,9964800,65.5,65.57,64.78,64.81,9964800,374.0,377.10001,369.67999,371.20001,2795400,399.76001,407.60001,397.82001,398.81,928100,399.76001,407.60001,397.82001,398.81,928100,84.14,83.65,84.53,81.96,159570.0,-1.65,14.25,14.478,13.5,13.53,73031300,359.47,362.17999,351.39999,351.69,143388900,88.52,88.81,86.82,87.21,5846500,88.52,88.81,86.82,87.21,5846500,445.56,448.059998,437.95001,437.98001,202271200,445.56,448.059998,437.95001,437.98001,202271200,33.95,34.049999,33.68,33.7,5416500,1.77,1.791,1.801,1.733,1.77,1.791,1.801,1.733
2022-01-24,36275.73438,37247.51953,33184.05859,36654.32812,1.1341,1.13415,1.12914,1.13415,1834.495,1844.53003,1829.094971,1843.060059,1834.495,1844.53003,1829.094971,1843.060059,2.37954e-05,2.38095e-05,2.37954e-05,2.37954e-05,2.37954e-05,2.38095e-05,2.37954e-05,2.37954e-05,64.48,64.58,63.35,64.53,14286300,64.48,64.58,63.35,64.53,14286300,369.54999,374.54001,365.34,373.32999,3022300,398.0,404.75,394.73001,403.059998,1303300,398.0,404.75,394.73001,403.059998,1303300,82.41,83.84,85.1,81.06,153830.0,-2.06,12.79,13.41,11.75,13.4,110518900,345.91,353.98001,334.14999,353.29999,198685800,85.77,88.3,84.8,88.12,8849700,85.77,88.3,84.8,88.12,8849700,432.029999,440.38,420.76001,439.84,251783900,432.029999,440.38,420.76001,439.84,251783900,33.23,33.41,32.56,33.41,11906900,1.776,1.772,1.785,1.707,1.776,1.772,1.785,1.707
2022-01-25,36654.80469,37444.57031,35779.42969,36954.00391,1.13239,1.1325,1.12668,1.13241,1843.34497,1853.98499,1834.64001,1847.56006,1843.34497,1853.98499,1834.64001,1847.56006,2.37954e-05,2.38095e-05,2.37954e-05,2.38095e-05,2.37954e-05,2.38095e-05,2.37954e-05,2.38095e-05,64.059998,64.78,63.59,64.3,8364900,64.059998,64.78,63.59,64.3,8364900,377.85001,388.0,370.78,387.17001,3182400,399.70999,405.57001,393.01001,403.17999,987700,399.70999,405.57001,393.01001,403.17999,987700,84.37,83.32,84.54,82.14,223590.0,2.38,13.12,13.6,12.83,13.06,47456600,346.67001,351.029999,341.67999,345.10999,124398400,85.0,91.29,85.0,90.31,10377400,85.0,91.29,85.0,90.31,10377400,433.059998,439.72,427.14999,434.47,167997300,433.059998,439.72,427.14999,434.47,167997300,33.19,33.78,32.96,33.59,5895900,1.776,1.769,1.797,1.728,1.776,1.769,1.797,1.728
2022-01-26,36950.51562,38825.41016,36374.90625,36852.12109,1.13035,1.13135,1.12721,1.13045,1847.995,1850.44202,1814.89502,1818.11707,1847.995,1850.44202,1814.89502,1818.11707,2.37954e-05,2.37954e-05,2.37954e-05,2.37954e-05,2.37954e-05,2.37954e-05,2.37954e-05,2.37954e-05,64.59,64.59,63.22,63.41,8982500,64.59,64.59,63.22,63.41,8982500,388.0,393.63,383.70001,391.23999,3640500,402.51999,408.75,399.19,403.23001,1111000,402.51999,408.75,399.19,403.23001,1111000,85.96,84.1,86.51,83.84,175930.0,1.88,13.6,13.82,12.68,12.75,69949700,352.91,356.88,340.78,344.57001,146559500,89.98,91.52,87.47,88.98,9829100,89.98,91.52,87.47,88.98,9829100,440.72,444.040009,428.85999,433.38,186391100,440.72,444.040009,428.85999,433.38,186391100,33.98,34.080002,33.3,33.48,7330000,1.873,1.778,1.88,1.765,1.873,1.778,1.88,1.765
2022-01-27,36841.87891,37148.32422,35629.28125,37138.23438,1.12423,1.12448,1.11335,1.12435,1818.44495,1822.505,1790.97998,1796.51001,1818.44495,1822.505,1790.97998,1796.51001,2.38095e-05,2.38095e-05,2.37954e-05,2.38095e-05,2.38095e-05,2.38095e-05,2.37954e-05,2.38095e-05,62.75,63.12,62.27,62.51,7608800,62.75,63.12,62.27,62.51,7608800,389.39001,395.60001,384.73999,389.079987,2566200,389.75,391.20001,371.35999,373.98999,1797900,389.75,391.20001,371.35999,373.98999,1797900,85.29,85.71,87.08,84.9,153940.0,-0.78,13.01,13.06,12.2,12.28,52622900,349.39999,351.26999,340.049988,341.10001,95255700,89.92,91.48,88.4,89.28,6998700,89.92,91.48,88.4,89.28,6998700,438.26001,441.59,429.45001,431.23999,149878300,438.26001,441.59,429.45001,431.23999,149878300,33.9,34.16,33.67,33.79,7007400,1.803,1.851,1.862,1.782,1.803,1.851,1.862,1.782
2022-01-28,37128.44531,37952.87891,36211.10938,37784.33203,1.11462,1.11701,1.11233,1.1147,1796.94495,1799.81995,1779.88,1791.033569,1796.94495,1799.81995,1779.88,1791.033569,2.38095e-05,2.38095e-05,2.37954e-05,2.38095e-05,2.38095e-05,2.38095e-05,2.37954e-05,2.38095e-05,62.12,62.76,61.78,62.75,6506000,62.12,62.76,61.78,62.75,6506000,389.10001,393.32999,384.78,393.14999,2145100,370.45001,380.73999,369.34,380.20001,921000,370.45001,380.73999,369.34,380.20001,921000,85.43,86.0,87.36,85.06,144850.0,0.16,12.3,12.88,11.89,12.71,54887500,343.029999,352.019989,337.95001,351.79999,108167900,88.97,90.37,87.48,90.33,5877600,88.97,90.37,87.48,90.33,5877600,432.67999,442.0,427.82001,441.95001,164457400,432.67999,442.0,427.82001,441.95001,164457400,33.6,33.75,33.28,33.74,7261000,1.778,1.808,1.854,1.771,1.778,1.808,1.854,1.771
2022-01-31,37920.28125,38647.26172,36733.57422,38483.125,1.11514,1.12169,1.1145,1.11524,1791.19495,1800.22998,1785.030029,1796.46863,1791.19495,1800.22998,1785.030029,1796.46863,2.37954e-05,2.38095e-05,2.37954e-05,2.37954e-05,2.37954e-05,2.38095e-05,2.37954e-05,2.37954e-05,63.040001,64.080002,63.029999,64.080002,6915100,63.040001,64.080002,63.029999,64.080002,6915100,390.5,390.98999,384.67999,389.13,2363400,376.76001,378.14001,366.88,369.89999,1141900,376.76001,378.14001,366.88,369.89999,1141900,86.49,85.92,86.68,84.96,144700.0,1.24,12.77,13.74,12.76,13.71,51039300,353.20001,363.64999,351.51999,363.049988,94326400,89.61,90.41,89.010002,90.19,6419700,89.61,90.41,89.010002,90.19,6419700,441.23999,450.28,439.81,449.91,152251400,441.23999,450.28,439.81,449.91,152251400,33.57,33.9,33.48,33.89,6347800,1.784,1.789,1.816,1.77,1.784,1.789,1.816,1.77
2022-02-01,38481.76562,39115.13281,38113.66406,38743.27344,1.12291,1.1279,1.12221,1.12296,1796.71997,1809.16003,1795.13,1800.65186,1796.71997,1809.16003,1795.13,1800.65186,2.38095e-05,2.38095e-05,2.38095e-05,2.38095e-05,2.38095e-05,2.38095e-05,2.38095e-05,2.38095e-05,63.97,64.099998,63.46,64.099998,6751800,63.97,64.099998,63.46,64.099998,6751800,390.22,390.51001,386.20999,387.01001,1951100,369.89001,371.92999,364.62,370.57999,898400,369.89001,371.92999,364.62,370.57999,898400,86.46,86.45,87.12,84.92,151600.0,-0.03,14.23,14.37,13.56,14.2,69012900,364.42999,366.19,359.14001,365.51999,74433000,90.099998,90.94,89.27,90.73,6558400,90.099998,90.94,89.27,90.73,6558400,450.67999,453.63,446.94,452.95001,123155400,450.67999,453.63,446.94,452.95001,123155400,34.060001,34.28,33.92,34.28,6460000,1.795,1.787,1.82,1.739,1.795,1.787,1.82,1.739
2022-02-02,38743.71484,38834.61719,36832.73047,36952.98438,1.12731,1.13294,1.1267,1.1274,1800.94495,1811.53003,1794.11499,1806.49756,1800.94495,1811.53003,1794.11499,1806.49756,2.37954e-05,2.37954e-05,2.37954e-05,2.37954e-05,2.37954e-05,2.37954e-05,2.37954e-05,2.37954e-05,65.18,65.27,64.79,65.080002,3617200,65.18,65.27,64.79,65.080002,3617200,386.10999,388.35001,385.01001,387.34,1620600,367.39999,371.92001,365.25,370.98001,764800,367.39999,371.92001,365.25,370.98001,764800,86.69,86.64,87.93,85.56,189900.0,0.27,14.09,14.2,13.19,13.32,47204300,369.76001,370.10001,364.29001,368.48999,78777100,90.3,92.69,90.25,92.54,5978600,90.3,92.69,90.25,92.54,5978600,455.5,458.12,453.049988,457.35001,117361000,455.5,458.12,453.049988,457.35001,117361000,34.46,34.62,34.38,34.59,3555000,1.771,1.798,1.811,1.743,1.771,1.798,1.811,1.743
2022-02-03,36944.80469,37154.60156,36375.53906,37154.60156,1.12999,1.14507,1.12721,1.12999,1807.19495,1809.22498,1788.39001,1804.40466,1807.19495,1809.22498,1788.39001,1804.40466,2.38095e-05,2.38095e-05,2.38095e-05,2.38095e-05,2.38095e-05,2.38095e-05,2.38095e-05,2.38095e-05,64.23,64.47,63.66,63.72,5587300,64.23,64.47,63.66,63.72,5587300,388.17999,392.17001,386.39001,389.70001,1649000,372.5,374.79999,368.0,373.81,676100,372.5,374.79999,368.0,373.81,676100,88.45,86.4,88.59,85.24,220870.0,2.03,12.95,13.32,12.42,12.45,47236900,358.53,361.92999,352.45999,353.54999,95384800,92.15,92.99,91.62,92.81,7171700,92.15,92.99,91.62,92.81,7171700,450.95001,452.97,445.70999,446.60001,118024400,450.95001,452.97,445.70999,446.60001,118024400,34.41,34.48,34.22,34.24,2673700,1.836,1.759,1.847,1.757,1.836,1.759,1.847,1.757
2022-02-04,37149.26562,41527.78516,37093.62891,41500.875,1.14351,1.14837,1.14134,1.14358,1804.79504,1815.43506,1790.94495,1807.49402,1804.79504,1815.43506,1790.94495,1807.49402,2.38095e-05,2.38095e-05,2.37784e-05,2.37812e-05,2.38095e-05,2.38095e-05,2.37784e-05,2.37812e-05,63.86,64.47,63.77,64.22,4833100,63.86,64.47,63.77,64.22,4833100,388.0,392.84,385.32001,389.32999,1645800,372.29999,374.92001,367.0,369.75,532400,372.29999,374.92001,367.0,369.75,532400,90.33,88.33,90.98,88.18,175470.0,2.13,12.47,13.09,12.265,12.94,38989200,354.079987,361.39999,351.97,358.01001,86318300,92.36,93.9,92.11,93.010002,6321400,92.36,93.9,92.11,93.010002,6321400,446.35001,452.78,443.82999,448.70001,118454400,446.35001,452.78,443.82999,448.70001,118454400,34.080002,34.33,33.98,34.15,5681700,1.916,1.834,1.936,1.809,1.916,1.834,1.936,1.809
2022-02-07,42406.78125,44401.86328,41748.15625,43840.28516,1.14546,1.146,1.14167,1.14551,1806.98999,1824.055054,1806.94495,1820.31006,1806.98999,1824.055054,1806.94495,1820.31006,2.37784e-05,2.38095e-05,2.37784e-05,2.37784e-05,2.37784e-05,2.38095e-05,2.37784e-05,2.37784e-05,64.37,64.65,64.22,64.26,4655600,64.37,64.65,64.22,64.26,4655600,392.0,395.57999,388.29999,392.34,1243000,370.54001,375.60001,368.20999,373.16,539800,370.54001,375.60001,368.20999,373.16,539800,89.77,89.88,90.97,89.08,247670.0,-0.62,13.025,13.6,12.94,12.98,45646100,358.62,361.049988,353.84,355.13,58198100,93.46,94.73,93.010002,94.029999,4932700,93.46,94.73,93.010002,94.029999,4932700,449.51001,450.98999,445.85001,447.26001,84472900,449.51001,450.98999,445.85001,447.26001,84472900,34.27,34.45,34.23,34.34,5821100,1.919,1.908,1.939,1.896,1.919,1.908,1.939,1.896
2022-02-08,43854.65234,45293.86719,42807.83594,44118.44531,1.14409,1.14508,1.13971,1.1443,1820.59497,1829.089966,1815.064941,1825.48486,1820.59497,1829.089966,1815.064941,1825.48486,2.37784e-05,2.38095e-05,2.37784e-05,2.37784e-05,2.37784e-05,2.38095e-05,2.37784e-05,2.37784e-05,64.3,64.7,64.21,64.63,4644500,64.3,64.7,64.21,64.63,4644500,395.67999,396.84,390.60001,396.040009,1311400,374.29001,380.0,371.66,379.32001,607500,374.29001,380.0,371.66,379.32001,607500,87.9,89.98,90.07,87.07,188540.0,-2.08,12.75,13.189,12.62,13.15,30317100,353.95999,360.23999,352.79999,359.12,64720900,93.83,95.32,92.87,95.07,8173200,93.83,95.32,92.87,95.07,8173200,446.73001,451.92001,445.22,450.94,81012000,446.73001,451.92001,445.22,450.94,81012000,34.41,34.53,34.26,34.49,2822000,1.965,1.921,1.97,1.921,1.965,1.921,1.97,1.921
2022-02-09,44096.70312,44727.80078,43232.96875,44338.79688,1.14211,1.1447,1.14033,1.14213,1826.045044,1836.34998,1824.5,1832.42554,1826.045044,1836.34998,1824.5,1832.42554,2.37812e-05,2.38095e-05,2.37812e-05,2.38095e-05,2.37812e-05,2.38095e-05,2.37812e-05,2.38095e-05,65.3,65.53,65.2,65.52,3594800,65.3,65.53,65.2,65.52,3594800,395.5,397.62,393.69,394.54001,1541900,380.10999,384.67001,379.62,384.35999,702800,380.10999,384.67001,379.62,384.35999,702800,88.53,88.4,89.17,87.15,255170.0,0.72,13.29,13.89,13.26,13.87,34451900,363.76001,366.81,362.12,366.73001,55766400,96.029999,96.32,95.48,96.0,5394900,96.029999,96.32,95.48,96.0,5394900,455.22,457.88,455.01001,457.54001,92589900,455.22,457.88,455.01001,457.54001,92589900,34.7,34.77,34.61,34.76,3166600,1.945,1.954,1.958,1.909,1.945,1.954,1.958,1.909
2022-02-10,44347.80078,45661.17188,43402.80859,43565.11328,1.14213,1.14943,1.13808,1.14215,1832.94495,1842.35498,1821.46497,1826.57007,1832.94495,1842.35498,1821.46497,1826.57007,2.38095e-05,2.38095e-05,2.38095e-05,2.38095e-05,2.38095e-05,2.38095e-05,2.38095e-05,2.38095e-05,64.39,65.26,64.38,64.48,4958500,64.39,65.26,64.38,64.48,4958500,393.040009,395.66,383.92999,385.42999,2301100,382.76001,386.34,379.92999,382.019989,906000,382.76001,386.34,379.92999,382.019989,906000,88.56,88.84,90.26,87.87,255080.0,0.03,13.5,14.165,13.37,13.56,41998200,359.51999,366.48999,356.54001,358.42999,112468500,95.32,96.96,94.55,95.059998,6534300,95.32,96.96,94.55,95.059998,6534300,451.34,457.70999,447.20001,449.32001,140103700,451.34,457.70999,447.20001,449.32001,140103700,34.6,35.09,34.57,34.62,4280100,2.043,1.939,2.056,1.923,2.043,1.939,2.056,1.923
2022-02-11,43571.12891,43810.83203,42114.53906,42407.9375,1.14117,1.1419,1.13713,1.14155,1827.25,1865.625,1820.79004,1859.95911,1827.25,1865.625,1820.79004,1859.95911,2.37954e-05,2.37954e-05,2.37954e-05,2.37954e-05,2.37954e-05,2.37954e-05,2.37954e-05,2.37954e-05,64.51,64.72,63.86,63.96,11583000,64.51,64.72,63.86,63.96,11583000,386.76001,398.85001,385.35001,396.19,3276400,382.98999,401.22,380.26001,399.32001,1772600,382.98999,401.22,380.26001,399.32001,1772600,91.42,88.56,92.74,87.79,310810.0,3.23,13.45,13.92,12.97,13.13,41831600,358.42999,360.070007,345.79999,347.059998,101569100,95.25,96.050003,94.080002,95.27,6532900,95.25,96.050003,94.080002,95.27,6532900,449.41,451.60999,438.94,440.45999,153214600,449.41,451.60999,438.94,440.45999,153214600,34.66,34.94,34.38,34.46,7448700,1.918,2.033,2.063,1.913,1.918,2.033,2.063,1.913
2022-02-14,42157.39844,42775.77734,41681.95703,42586.91797,1.13658,1.13689,1.12928,1.13651,1861.54504,1874.40503,1850.45496,1870.2948,1861.54504,1874.40503,1850.45496,1870.2948,2.38095e-05,2.38095e-05,2.38095e-05,2.38095e-05,2.38095e-05,2.38095e-05,2.38095e-05,2.38095e-05,64.040001,64.15,63.65,63.96,7318100,64.040001,64.15,63.65,63.96,7318100,393.98001,395.51999,383.79001,386.97,2799800,397.0,397.34,382.78,390.60001,1709900,397.0,397.34,382.78,390.60001,1709900,93.5,92.06,93.83,90.45,213150.0,2.28,13.1,13.795,12.98,13.26,40617900,346.48999,350.98001,343.89001,347.48999,80254400,95.51,95.6,92.89,93.57,6419200,95.51,95.6,92.89,93.57,6419200,439.92001,441.60001,435.34,439.019989,123006300,439.92001,441.60001,435.34,439.019989,123006300,34.23,34.24,33.93,34.099998,5803800,1.986,1.967,2.026,1.903,1.986,1.967,2.026,1.903
2022-02-15,42586.46484,44667.21875,42491.03516,44575.20312,1.13061,1.13688,1.13058,1.13063,1870.94495,1879.89001,1844.26501,1853.060059,1870.94495,1879.89001,1844.26501,1853.060059,2.38095e-05,2.38095e-05,2.38095e-05,2.38095e-05,2.38095e-05,2.38095e-05,2.38095e-05,2.38095e-05,64.29,64.74,64.29,64.67,4076100,64.29,64.74,64.29,64.67,4076100,381.91,387.29999,378.32001,382.22,2418600,387.17999,388.92001,380.29999,384.76999,787600,387.17999,388.92001,380.29999,384.76999,787600,90.21,92.84,93.16,88.94,258030.0,-3.52,13.52,14.185,13.41,14.17,48523700,352.91,356.37,351.82001,356.13,55128800,93.59,94.9,93.57,94.040001,4616000,93.59,94.9,93.57,94.040001,4616000,443.73001,446.28,443.17999,446.10001,88482700,443.73001,446.28,443.17999,446.10001,88482700,34.3,34.51,34.2,34.48,3557600,2.043,1.984,2.056,1.968,2.043,1.984,2.056,1.968
2022-02-16,44578.27734,44578.27734,43456.69141,43961.85938,1.13556,1.13932,1.13455,1.13568,1853.39502,1873.15503,1849.93994,1868.36743,1853.39502,1873.15503,1849.93994,1868.36743,2.37954e-05,2.37954e-05,2.37954e-05,2.37954e-05,2.37954e-05,2.37954e-05,2.37954e-05,2.37954e-05,64.28,64.82,64.27,64.68,4671200,64.28,64.82,64.27,64.68,4671200,382.85001,388.70999,382.0,386.89999,1776800,384.98999,394.26001,384.79999,393.66,1086100,384.98999,394.26001,384.79999,393.66,1086100,91.83,90.31,93.07,88.2,351330.0,1.8,13.91,14.26,13.66,13.97,58624400,353.82001,357.089996,350.70999,356.040009,58947100,94.010002,95.27,93.92,94.75,4560900,94.010002,95.27,93.92,94.75,4560900,443.92999,448.059998,441.94,446.60001,84863600,443.92999,448.059998,441.94,446.60001,84863600,34.35,34.73,34.35,34.66,4609500,2.04,2.04,2.065,2.007,2.04,2.04,2.065,2.007
2022-02-17,43937.07031,44132.97266,40249.37109,40538.01172,1.13733,1.13869,1.13276,1.13753,1868.84497,1901.56995,1867.17505,1897.26965,1868.84497,1901.56995,1867.17505,1897.26965,2.38095e-05,2.38095e-05,2.38095e-05,2.38095e-05,2.38095e-05,2.38095e-05,2.38095e-05,2.38095e-05,64.19,64.25,63.66,63.73,5787200,64.19,64.25,63.66,63.73,5787200,386.12,391.69,385.76999,388.76999,1248800,392.76999,401.35999,391.41,398.10999,887800,392.76999,401.35999,391.41,398.10999,887800,90.04,89.25,91.51,88.83,442040.0,-1.95,12.39,12.7,11.7,11.77,151385400,352.73999,353.45999,345.019989,345.45001,61801400,93.97,95.17,93.44,94.36,5753300,93.97,95.17,93.44,94.36,5753300,443.22,446.57001,436.42001,437.059998,102259100,443.22,446.57001,436.42001,437.059998,102259100,34.49,34.49,34.23,34.3,4959400,1.968,2.024,2.035,1.953,1.968,2.024,2.035,1.953
2022-02-18,40552.13281,40929.15234,39637.61719,40030.97656,1.13639,1.13767,1.13158,1.13665,1897.94495,1902.83618,1886.15503,1897.86804,1897.94495,1902.83618,1886.15503,1897.86804,2.37954e-05,2.37954e-05,2.37954e-05,2.37954e-05,2.37954e-05,2.37954e-05,2.37954e-05,2.37954e-05,63.78,63.9,63.42,63.63,6155100,63.78,63.9,63.42,63.63,6155100,389.14001,391.079987,385.70999,386.45999,1459900,397.5,399.47,391.070007,391.25,1472200,397.5,399.47,391.070007,391.25,1472200,90.21,90.06,91.07,87.46,566360.0,0.19,11.92,12.01,10.57,11.02,137808100,346.41,346.81,339.14001,341.51001,80001500,94.14,95.010002,92.99,93.37,6544800,94.14,95.010002,92.99,93.37,6544800,437.32999,438.66,431.82001,434.23001,132642900,437.32999,438.66,431.82001,434.23001,132642900,34.43,34.49,34.17,34.27,3378900,1.927,1.954,1.995,1.916,1.927,1.954,1.995,1.916
2022-02-22,37068.76953,38359.85547,36488.93359,38286.02734,1.13097,1.13638,1.12891,1.13097,1905.88953,1914.44495,1891.15503,1898.1344,1905.88953,1914.44495,1891.15503,1898.1344,2.38095e-05,2.38095e-05,2.37954e-05,2.38095e-05,2.38095e-05,2.38095e-05,2.37954e-05,2.38095e-05,63.24,63.61,62.91,63.12,9463900,63.24,63.61,62.91,63.12,9463900,391.26999,393.42001,385.070007,386.20001,1680900,394.87,396.51001,386.88,390.73001,719200,394.87,396.51001,386.88,390.73001,719200,91.91,91.32,94.95,89.06,789040.0,-0.8,10.7,11.185,10.3,10.48,104501500,338.48999,344.040009,334.35001,338.079987,85967100,93.62,94.74,92.79,93.54,5862200,93.62,94.74,92.79,93.54,5862200,431.89001,435.5,425.85999,429.57001,124391800,431.89001,435.5,425.85999,429.57001,124391800,34.13,34.29,33.88,34.09,5654400,1.944,1.875,1.96,1.846,1.944,1.875,1.96,1.846
2022-02-23,38285.28125,39122.39453,37201.81641,37296.57031,1.13305,1.13598,1.13074,1.13291,1898.44495,1911.0,1889.22998,1907.54944,1898.44495,1911.0,1889.22998,1907.54944,2.38095e-05,2.38095e-05,2.37954e-05,2.38095e-05,2.38095e-05,2.38095e-05,2.37954e-05,2.38095e-05,63.4,63.45,62.36,62.47,10861300,63.4,63.45,62.36,62.47,10861300,389.17001,390.28,384.5,388.89999,1839500,392.39999,394.60001,384.84,386.079987,666100,392.39999,394.60001,384.84,386.079987,666100,90.69,90.31,92.36,89.34,150130.0,-1.33,10.83,11.26,10.4,10.43,93964500,341.32001,342.17999,329.10001,329.42001,86215400,94.3,94.53,92.050003,92.24,6903300,94.3,94.53,92.050003,92.24,6903300,432.66,433.26001,421.35001,421.95001,132578000,432.66,433.26001,421.35001,421.95001,132578000,34.48,34.5,33.99,34.099998,5626300,1.998,1.949,2.0,1.949,1.998,1.949,2.0,1.949
2022-02-24,37278.56641,38968.83984,34459.21875,38332.60938,1.13059,1.13059,1.11105,1.13057,1907.995,1974.47998,1879.045044,1903.14404,1907.995,1974.47998,1879.045044,1903.14404,2.38095e-05,2.38095e-05,2.37954e-05,2.37954e-05,2.38095e-05,2.38095e-05,2.37954e-05,2.37954e-05,61.19,62.13,60.84,62.11,16191500,61.19,62.13,60.84,62.11,16191500,398.23001,398.98001,387.42001,395.70999,4140900,395.62,402.89999,389.98999,395.48999,1548300,395.62,402.89999,389.98999,395.48999,1548300,90.94,91.08,98.44,89.65,289120.0,0.28,9.75,11.87,9.74,11.83,118793000,318.84,341.040009,318.26001,340.48999,130614100,93.0,94.65,89.31,94.25,9698500,93.0,94.65,89.31,94.25,9698500,411.019989,428.76001,410.64001,428.29999,213942900,411.019989,428.76001,410.64001,428.29999,213942900,32.72,33.02,32.34,32.94,11730800,1.97,1.97,1.981,1.846,1.97,1.97,1.981,1.846
2022-02-25,38333.74609,39630.32422,38111.34375,39214.21875,1.11908,1.12661,1.11681,1.11907,1903.54504,1921.5437,1883.10498,1887.56079,1903.54504,1921.5437,1883.10498,1887.56079,2.37954e-05,2.37954e-05,2.37954e-05,2.37954e-05,2.37954e-05,2.37954e-05,2.37954e-05,2.37954e-05,62.75,63.57,62.64,63.55,11623300,62.75,63.57,62.64,63.55,11623300,395.23001,414.45001,395.22,409.48999,3376300,393.34,411.079987,393.34,409.67001,1260000,393.34,411.079987,393.34,409.67001,1260000,89.89,91.48,93.73,88.49,160460.0,-1.15,11.59,11.89,11.0,11.47,75433700,341.31,345.98001,337.39001,345.76999,78842100,94.39,98.27,94.2,98.12,8692300,94.39,98.27,94.2,98.12,8692300,429.60999,437.84,427.85999,437.75,121804500,429.60999,437.84,427.85999,437.75,121804500,33.5,34.25,33.5,34.22,7636400,1.97,1.972,2.016,1.934,1.97,1.972,2.016,1.934
2022-02-28,37706.0,43760.45703,37518.21484,43193.23438,1.11811,1.12445,1.11432,1.11811,1920.86377,1929.35864,1890.58997,1907.90283,1920.86377,1929.35864,1890.58997,1907.90283,2.38095e-05,2.38095e-05,2.37954e-05,2.38095e-05,2.38095e-05,2.38095e-05,2.37954e-05,2.38095e-05,62.89,63.4,62.75,62.94,7837900,62.89,63.4,62.75,62.94,7837900,413.81,433.89999,413.5,433.79999,5808600,414.31,442.94,413.92999,442.14001,2603800,414.31,442.94,413.92999,442.14001,2603800,93.5,92.97,96.92,92.42,176430.0,4.02,11.96,12.18,11.39,11.85,75390500,342.51001,348.54001,341.32001,346.79999,77515500,99.019997,102.96,98.4,102.7,16726100,99.019997,102.96,98.4,102.7,16726100,432.029999,438.20001,430.70001,436.63,145615000,432.029999,438.20001,430.70001,436.63,145615000,33.4,33.88,33.32,33.49,6595400,1.822,1.892,1.927,1.816,1.822,1.892,1.927,1.816
2022-03-01,43194.50391,44793.60156,42952.58594,44354.63672,1.12147,1.12322,1.11021,1.12159,1908.19495,1950.45496,1900.93005,1943.21899,1908.19495,1950.45496,1900.93005,1943.21899,2.38095e-05,2.38095e-05,2.37954e-05,2.38095e-05,2.38095e-05,2.38095e-05,2.37954e-05,2.38095e-05,62.84,62.97,61.86,62.080002,8873400,62.84,62.97,61.86,62.080002,8873400,435.0,458.53,435.0,456.60999,5719300,444.32999,457.089996,443.72,456.10001,2236300,444.32999,457.089996,443.72,456.10001,2236300,100.21,93.88,103.06,93.21,285550.0,7.18,11.99,12.52,11.71,12.18,64867200,345.75,348.079987,338.89999,341.48999,67407000,102.77,104.34,102.18,102.73,12340900,102.77,104.34,102.18,102.73,12340900,435.040009,437.17001,427.10999,429.98001,137785900,435.040009,437.17001,427.10999,429.98001,137785900,33.49,33.66,32.74,33.0099983,6626800,1.716,1.84,1.866,1.682,1.716,1.84,1.866,1.682
2022-03-02,44357.61719,45077.57812,43432.85156,43924.11719,1.1131,1.11419,1.10585,1.11328,1943.69495,1948.17505,1913.82251,1926.11084,1943.69495,1948.17505,1913.82251,1926.11084,2.38095e-05,2.38095e-05,2.37954e-05,2.37954e-05,2.38095e-05,2.38095e-05,2.37954e-05,2.37954e-05,62.0099983,62.36,61.89,62.29,5574600,62.0099983,62.36,61.89,62.29,5574600,445.37,451.56,429.28,450.0,5003400,451.76999,457.54001,436.059998,453.39001,1784400,451.76999,457.54001,436.059998,453.39001,1784400,107.06,103.43,108.91,101.86,219170.0,6.84,12.21,12.21,11.42,12.06,56698300,343.079987,348.59,340.23999,347.22,70609000,102.2,102.51,99.78,100.74,12834600,102.2,102.51,99.78,100.74,12834600,432.37,439.72,431.57001,437.89001,117726500,432.37,439.72,431.57001,437.89001,117726500,33.47,33.76,33.39,33.73,6350000,1.878,1.741,1.91,1.7,1.878,1.741,1.91,1.7
2022-03-03,43925.19531,44021.57812,41914.75,42451.78906,1.11136,1.11161,1.10398,1.11123,1926.495,1941.47498,1921.73499,1935.20996,1926.495,1941.47498,1921.73499,1935.20996,2.38095e-05,2.38095e-05,2.37954e-05,2.37954e-05,2.38095e-05,2.38095e-05,2.37954e-05,2.37954e-05,62.3,62.34,61.66,61.98,6012300,62.3,62.34,61.66,61.98,6012300,444.72,455.89999,437.44,447.82001,4603500,452.39999,455.089996,441.37,449.69,1426100,452.39999,455.089996,441.37,449.69,1426100,104.61,107.27,112.65,103.14,190660.0,-2.29,12.01,12.055,11.235,11.34,46172000,349.92999,350.040009,340.35001,342.26001,71089400,101.059998,101.35,98.63,99.83,8613500,101.059998,101.35,98.63,99.83,8613500,440.47,441.10999,433.79999,435.70999,105501700,440.47,441.10999,433.79999,435.70999,105501700,33.24,33.33,32.62,32.79,8562200,1.84,1.852,1.897,1.83,1.84,1.852,1.897,1.83
2022-03-04,42458.14062,42479.61328,38805.84766,39137.60547,1.10693,1.10693,1.089004,1.10668,1935.64502,1970.80005,1929.77502,1968.45349,1935.64502,1970.80005,1929.77502,1968.45349,2.38095e-05,2.38095e-05,2.38095e-05,2.38095e-05,2.38095e-05,2.38095e-05,2.38095e-05,2.38095e-05,60.94,61.33,60.85,61.18,7230500,60.94,61.33,60.85,61.18,7230500,450.049988,462.66,443.070007,458.14999,3320300,454.14001,472.94,450.01001,468.57001,1675700,454.14001,472.94,450.01001,468.57001,1675700,112.11,105.04,112.54,104.36,167990.0,7.17,11.7,11.77,10.74,10.96,43502200,339.84,341.31,334.92001,337.29999,76936300,99.95,99.95,98.23,99.59,8627200,99.95,99.95,98.23,99.59,8627200,431.75,433.37,427.88,432.17001,113978200,431.75,433.37,427.88,432.17001,113978200,31.65,31.7,31.049999,31.41,9970900,1.737,1.854,1.854,1.698,1.737,1.854,1.854,1.698
2022-03-07,38429.30469,39430.22656,37260.20312,38062.03906,1.087394,1.093075,1.080859,1.087453,1977.094971,2002.90002,1960.76001,1998.10999,1977.094971,2002.90002,1960.76001,1998.10999,2.37954e-05,2.38095e-05,2.37954e-05,2.38095e-05,2.37954e-05,2.38095e-05,2.37954e-05,2.38095e-05,60.040001,60.060001,58.91,59.029999,9728000,60.040001,60.060001,58.91,59.029999,9728000,463.01001,479.98999,463.0,466.14999,5210100,472.42001,490.82001,471.95001,477.95001,2401800,472.42001,490.82001,471.95001,477.95001,2401800,115.8,116.03,126.42,111.87,202560.0,3.29,11.43,11.75,11.1,11.11,63070600,337.29001,338.48001,324.64999,324.85999,89933800,101.29,103.099998,98.12,98.19,12759000,101.29,103.099998,98.12,98.19,12759000,431.54999,432.29999,419.35999,419.42999,137896600,431.54999,432.29999,419.35999,419.42999,137896600,31.38,31.46,30.55,30.78,11764300,1.777,1.683,1.806,1.668,1.777,1.683,1.806,1.668
2022-03-08,38059.90234,39304.44141,37957.38672,38737.26953,1.086957,1.092216,1.085117,1.086531,1998.29504,2070.29492,1981.000122,2052.40991,1998.29504,2070.29492,1981.000122,2052.40991,2.38095e-05,2.38095e-05,2.38095e-05,2.38095e-05,2.38095e-05,2.38095e-05,2.38095e-05,2.38095e-05,58.43,59.040001,57.93,58.18,14054500,58.43,59.040001,57.93,58.18,14054500,463.78,468.0,448.35999,448.98999,4133700,476.16,477.79001,448.20001,449.20999,2448200,476.16,477.79001,448.20001,449.20999,2448200,119.65,116.98,124.98,113.66,200160.0,3.32,10.93,11.39,10.719,11.04,49279600,324.049988,333.20999,319.94,323.35001,116153900,98.010002,98.4,94.69,94.85,9410600,98.010002,98.4,94.69,94.85,9410600,419.62,427.20999,415.12,416.25,164772700,419.62,427.20999,415.12,416.25,164772700,31.15,31.66,30.9,31.17,13473800,1.84,1.773,1.878,1.758,1.84,1.773,1.878,1.758
2022-03-09,38742.81641,42465.67188,38706.09375,41982.92578,1.090085,1.10911,1.089788,1.089823,2052.74512,2059.24512,1976.29504,1991.48999,2052.74512,2059.24512,1976.29504,1991.48999,2.37812e-05,2.37812e-05,2.37812e-05,2.37812e-05,2.37812e-05,2.37812e-05,2.37812e-05,2.37812e-05,59.42,59.84,59.11,59.75,7410400,59.42,59.84,59.11,59.75,7410400,437.5,455.73999,432.42999,448.72,3477300,441.51999,456.84,437.45001,449.92001,1730700,441.51999,456.84,437.45001,449.92001,1730700,105.05,120.66,122.73,99.55,249980.0,-12.2,11.41,12.02,11.27,11.65,43591400,331.75,336.38,329.089996,334.98999,64723400,95.25,99.080002,95.25,98.52,7100500,95.25,99.080002,95.25,98.52,7100500,425.14001,429.51001,422.82001,427.41,116990800,425.14001,429.51001,422.82001,427.41,116990800,31.71,32.37,31.66,32.14,6886800,1.951,1.865,1.957,1.837,1.951,1.865,1.957,1.837
2022-03-10,41974.07031,42004.72656,38832.94141,39437.46094,1.10733,1.11162,1.098213,1.10738,1991.94495,2009.57495,1970.65686,1995.85864,1991.94495,2009.57495,1970.65686,1995.85864,2.38095e-05,2.38095e-05,2.38095e-05,2.38095e-05,2.38095e-05,2.38095e-05,2.38095e-05,2.38095e-05,59.64,59.88,59.26,59.5,15922900,59.64,59.88,59.26,59.5,15922900,450.63,456.95999,442.23999,444.35999,3049600,450.48999,463.12,441.84,444.60999,1442900,450.48999,463.12,441.84,444.60999,1442900,102.99,106.59,110.91,102.38,203840.0,-1.96,11.38,11.97,11.32,11.87,52295400,330.82001,332.51001,326.70999,331.26999,69362700,98.17,99.8,97.66,98.51,5118400,98.17,99.8,97.66,98.51,5118400,422.51999,426.42999,420.44,425.48001,93972700,422.51999,426.42999,420.44,425.48001,93972700,31.72,31.93,31.54,31.71,4397400,1.993,1.951,2.021,1.911,1.993,1.951,2.021,1.911
2022-03-11,39439.96875,40081.67969,38347.43359,38794.97266,1.10121,1.10419,1.09347,1.10139,1996.14502,1999.2229,1958.79504,1985.28845,1996.14502,1999.2229,1958.79504,1985.28845,2.37954e-05,2.37954e-05,2.37954e-05,2.37954e-05,2.37954e-05,2.37954e-05,2.37954e-05,2.37954e-05,59.6,59.65,58.47,58.54,5751100,59.6,59.65,58.47,58.54,5751100,442.0,448.69,438.60999,439.040009,2649100,447.67999,449.85999,435.69,436.29999,1175900,447.67999,449.85999,435.69,436.29999,1175900,106.3,103.0,107.17,101.27,166350.0,3.21,11.86,12.0050001,11.37,11.39,37817400,334.32001,334.64001,323.89999,324.39999,66228400,98.78,99.75,96.8,96.92,4354300,98.78,99.75,96.8,96.92,4354300,428.12,428.76999,419.53,420.070007,95636300,428.12,428.76999,419.53,420.070007,95636300,31.91,31.98,31.47,31.5,4439900,1.997,1.99,2.022,1.96,1.997,1.99,2.022,1.96
2022-03-14,37846.31641,39742.5,37680.73438,39666.75391,1.093255,1.098696,1.090251,1.093207,1985.495,1990.32996,1949.87476,1951.11499,1985.495,1990.32996,1949.87476,1951.11499,2.37954e-05,2.38095e-05,2.37954e-05,2.38095e-05,2.37954e-05,2.38095e-05,2.37954e-05,2.38095e-05,58.91,59.19,58.47,58.62,4843700,58.91,59.19,58.47,58.62,4843700,449.44,449.78,439.20999,444.45001,2475700,439.29999,442.64999,431.23001,441.42001,913600,439.29999,442.64999,431.23001,441.42001,913600,101.18,106.64,106.65,97.89,162180.0,-4.82,11.17,11.41,10.41,10.5,49762600,323.13,326.59,317.45001,318.17001,79802600,97.17,97.66,95.41,97.040001,5581700,97.17,97.66,95.41,97.040001,5581700,420.89001,424.54999,415.79001,417.0,95729200,420.89001,424.54999,415.79001,417.0,95729200,31.85,32.080002,31.64,31.69,6082200,2.142,2.034,2.147,2.025,2.142,2.034,2.147,2.025
2022-03-15,39664.25,39794.62891,38310.21094,39338.78516,1.094535,1.10183,1.093948,1.094319,1951.015503,1954.95496,1906.72998,1917.84265,1951.015503,1954.95496,1906.72998,1917.84265,2.38095e-05,2.38095e-05,2.38095e-05,2.38095e-05,2.38095e-05,2.38095e-05,2.38095e-05,2.38095e-05,58.93,59.73,58.84,59.58,11392200,58.93,59.73,58.84,59.58,11392200,444.75,450.42001,440.28,448.67001,1778700,443.54001,448.37,436.87,447.82001,827500,443.54001,448.37,436.87,447.82001,827500,94.79,100.55,100.92,92.2,205700.0,-6.32,10.47,10.85,10.27,10.77,40451200,320.88,328.95001,319.23001,328.14999,76471000,97.88,98.099998,96.57,97.62,5417600,97.88,98.099998,96.57,97.62,5417600,419.76999,426.84,418.42001,426.17001,106219100,419.76999,426.84,418.42001,426.17001,106219100,31.86,32.0,31.62,31.93,4882200,2.149,2.135,2.169,2.078,2.149,2.135,2.169,2.078
2022-03-16,39335.57031,41465.45312,39022.34766,41143.92969,1.096732,1.10387,1.095578,1.096936,1918.095093,1929.87,1895.22363,1927.9292,1918.095093,1929.87,1895.22363,1927.9292,2.38095e-05,2.38095e-05,2.37812e-05,2.37812e-05,2.38095e-05,2.38095e-05,2.37812e-05,2.37812e-05,60.46,60.99,59.75,60.91,11191800,60.46,60.99,59.75,60.91,11191800,435.049988,436.89001,411.35999,421.34,5815500,430.42001,443.10999,416.23001,424.42999,1878000,430.42001,443.10999,416.23001,424.42999,1878000,93.59,93.7,97.93,92.68,163420.0,-1.27,10.95,11.82,10.94,11.79,62746600,332.17001,340.44,328.39999,340.32001,105243000,97.040001,97.64,94.07,95.8,8813000,97.040001,97.64,94.07,95.8,8813000,429.89001,435.67999,424.79999,435.62,144954800,429.89001,435.67999,424.79999,435.62,144954800,32.31,32.79,32.11,32.79,3755500,2.192,2.149,2.246,2.135,2.192,2.149,2.246,2.135
2022-03-17,41140.84375,41287.53516,40662.87109,40951.37891,1.10224,1.11105,1.10212,1.1022,1927.56006,1950.099976,1923.39502,1942.64001,1927.56006,1950.099976,1923.39502,1942.64001,2.38095e-05,2.38095e-05,2.37812e-05,2.38095e-05,2.38095e-05,2.38095e-05,2.37812e-05,2.38095e-05,61.040001,61.51,60.93,61.48,7810500,61.040001,61.51,60.93,61.48,7810500,427.059998,431.78,424.79999,428.59,2947700,431.040009,434.98999,424.62,428.79999,978400,431.040009,434.98999,424.62,428.79999,978400,101.65,94.08,102.69,93.41,221540.0,8.61,11.72,12.37,11.66,12.32,43948900,338.37,344.5,337.040009,344.44,67810000,96.6,97.79,95.83,97.75,6537200,96.6,97.79,95.83,97.75,6537200,433.59,441.070007,433.19,441.070007,102676900,433.59,441.070007,433.19,441.070007,102676900,32.64,33.19,32.6,33.080002,4244600,2.167,2.185,2.214,2.106,2.167,2.185,2.214,2.106
2022-03-18,40944.83984,42195.74609,40302.39844,41801.15625,1.10989,1.11179,1.10053,1.10995,1942.90002,1945.505,1917.93005,1921.087036,1942.90002,1945.505,1917.93005,1921.087036,2.37812e-05,2.38095e-05,2.37812e-05,2.37812e-05,2.37812e-05,2.38095e-05,2.37812e-05,2.37812e-05,61.59,62.36,61.52,62.27,8713800,61.59,62.36,61.52,62.27,8713800,434.67001,437.48999,421.70001,426.17999,5215700,428.040009,433.41,424.35001,427.95001,1826100,428.040009,433.41,424.35001,427.95001,1826100,103.09,102.23,104.67,100.96,207440.0,1.42,12.28,13.02,12.215,12.82,59125500,342.73999,351.79001,341.54999,351.48999,85446300,98.0,98.28,96.33,97.52,10438500,98.0,98.28,96.33,97.52,10438500,438.0,444.85999,437.22,444.51999,106345500,438.0,444.85999,437.22,444.51999,106345500,32.75,33.37,32.73,33.34,4694500,2.153,2.158,2.19,2.133,2.153,2.158,2.19,2.133
2022-03-21,41246.13281,41454.41016,40668.04297,41077.99609,1.10422,1.10667,1.10261,1.10431,1922.245,1940.69495,1918.01001,1935.95239,1922.245,1940.69495,1918.01001,1935.95239,2.38095e-05,2.38095e-05,2.37812e-05,2.38095e-05,2.38095e-05,2.38095e-05,2.37812e-05,2.38095e-05,62.37,62.6,62.029999,62.25,5907500,62.37,62.6,62.029999,62.25,5907500,431.63,447.92999,431.63,440.0,3245200,435.23999,448.26999,432.10999,446.60001,1293500,435.23999,448.26999,432.10999,446.60001,1293500,109.97,103.62,111.08,102.47,279310.0,6.67,12.72,13.05,12.42,12.59,39410900,350.20001,352.48001,345.57999,350.079987,73799100,97.84,100.82,97.8,99.94,6673700,97.84,100.82,97.8,99.94,6673700,444.34,446.45999,440.67999,444.39001,88349800,444.34,446.45999,440.67999,444.39001,88349800,33.36,33.49,33.21,33.35,3762200,2.297,2.149,2.32,2.148,2.297,2.149,2.32,2.148
2022-03-22,41074.10547,43124.70703,40948.28125,42358.80859,1.10164,1.10457,1.096155,1.10172,1935.86499,1938.58997,1910.89001,1921.44165,1935.86499,1938.58997,1910.89001,1921.44165,2.37812e-05,2.37812e-05,2.37812e-05,2.37812e-05,2.37812e-05,2.37812e-05,2.37812e-05,2.37812e-05,62.16,62.57,62.14,62.44,7408800,62.16,62.57,62.14,62.44,7408800,439.45001,443.84,434.19,440.59,2113800,447.10999,448.0,438.54001,446.29999,741300,447.10999,448.0,438.54001,446.29999,741300,109.27,110.91,113.35,107.1,318630.0,-0.64,12.52,13.48,12.52,13.27,46210700,350.59,357.85001,350.20001,356.95999,63345900,99.8,101.63,98.91,101.38,6048300,99.8,101.63,98.91,101.38,6048300,445.85999,450.57999,445.85999,449.59,74650400,445.85999,450.57999,445.85999,449.59,74650400,33.78,33.83,33.64,33.77,5121900,2.381,2.293,2.392,2.293,2.381,2.293,2.392,2.293
2022-03-23,42364.37891,42893.50781,41877.50781,42892.95703,1.10301,1.1042,1.096575,1.10297,1922.35498,1948.54504,1915.32446,1943.38086,1922.35498,1948.54504,1915.32446,1943.38086,2.38095e-05,2.38095e-05,2.37812e-05,2.38095e-05,2.38095e-05,2.38095e-05,2.37812e-05,2.38095e-05,62.42,62.59,62.02,62.07,5475400,62.42,62.59,62.02,62.07,5475400,444.0,447.5,442.35001,445.25,1715100,448.0,452.0,442.51999,446.92001,587100,448.0,452.0,442.51999,446.92001,587100,111.99,105.84,112.34,105.69,120340.0,2.49,13.16,13.55,13.02,13.18,33699400,354.01001,357.66,351.76999,351.82999,70615500,101.16,102.48,101.11,101.23,4471800,101.16,102.48,101.11,101.23,4471800,446.91,448.48999,443.70999,443.79999,79426100,446.91,448.48999,443.70999,443.79999,79426100,33.53,33.66,33.42,33.46,4578100,2.29,2.392,2.417,2.286,2.29,2.392,2.417,2.286
2022-03-24,42886.65234,44131.85547,42726.16406,43960.93359,1.10063,1.10133,1.096996,1.10063,1944.88,1966.19495,1937.17505,1957.47998,1944.88,1966.19495,1937.17505,1957.47998,2.37812e-05,2.38095e-05,2.37812e-05,2.37812e-05,2.37812e-05,2.38095e-05,2.37812e-05,2.37812e-05,62.5,62.79,62.4,62.75,3229800,62.5,62.79,62.4,62.75,3229800,445.29999,451.5,443.23001,449.73001,1375400,446.98999,455.14001,446.079987,454.57001,665100,446.98999,455.14001,446.079987,454.57001,665100,109.43,111.41,113.51,107.79,106020.0,-2.29,13.25,13.42,12.83,13.39,29535300,353.79999,359.70001,351.59,359.64999,53555300,101.66,102.2,101.13,101.71,3894600,101.66,102.2,101.13,101.71,3894600,445.94,450.5,444.76001,450.48999,64736900,445.94,450.5,444.76001,450.48999,64736900,33.61,33.76,33.54,33.69,3121300,2.37,2.306,2.397,2.304,2.37,2.306,2.397,2.304
2022-03-25,43964.54688,44999.49219,43706.28516,44348.73047,1.1009,1.10387,1.098298,1.10096,1957.48999,1964.48999,1943.54504,1957.40002,1957.48999,1964.48999,1943.54504,1957.40002,2.38095e-05,2.38095e-05,2.38095e-05,2.38095e-05,2.38095e-05,2.38095e-05,2.38095e-05,2.38095e-05,62.56,62.83,62.37,62.74,3381800,62.56,62.83,62.37,62.74,3381800,450.029999,457.53,450.0,453.66,1646300,453.35999,460.42999,453.35999,458.17999,480000,453.35999,460.42999,453.35999,458.17999,480000,111.06,108.29,111.26,105.86,103660.0,1.49,13.36,13.395,12.71,12.97,24796900,359.59,360.67001,354.94,359.35001,57584200,102.0,102.97,101.92,102.43,3521400,102.0,102.97,101.92,102.43,3521400,451.16,452.98001,448.42999,452.69,77101300,451.16,452.98001,448.42999,452.69,77101300,33.67,33.86,33.63,33.86,2767700,2.488,2.372,2.503,2.339,2.488,2.372,2.503,2.339
2022-03-28,46821.85156,48086.83594,46690.20312,47128.00391,1.098189,1.099674,1.094535,1.098189,1958.75,1959.35962,1916.82996,1923.20251,1958.75,1959.35962,1916.82996,1923.20251,2.37812e-05,2.37812e-05,2.37812e-05,2.37812e-05,2.37812e-05,2.37812e-05,2.37812e-05,2.37812e-05,61.63,61.82,61.54,61.8,4666700,61.63,61.82,61.54,61.8,4666700,449.32001,450.45999,443.31,444.98001,1676200,453.85999,455.79999,444.60001,446.79999,661200,453.85999,455.79999,444.60001,446.79999,661200,103.42,110.22,110.22,100.43,125750.0,-6.88,13.01,13.44,12.855,13.42,27152000,359.34,365.01001,358.070007,364.91,56833900,101.67,102.16,100.92,101.59,4053300,101.67,102.16,100.92,101.59,4053300,452.059998,455.91,450.059998,455.91,68529800,452.059998,455.91,450.059998,455.91,68529800,33.52,33.57,33.33,33.54,2873900,2.466,2.473,2.557,2.414,2.466,2.473,2.557,2.414
2022-03-29,47100.4375,48022.28906,47100.4375,47465.73047,1.099384,1.11364,1.097045,1.099384,1922.95496,1929.40503,1890.030029,1919.18506,1922.95496,1929.40503,1890.030029,1919.18506,2.37954e-05,2.38095e-05,2.37954e-05,2.37954e-05,2.37954e-05,2.38095e-05,2.37954e-05,2.37954e-05,62.98,63.23,62.58,63.02,4713400,62.98,63.23,62.58,63.02,4713400,433.25,438.12,429.32001,437.14999,2451100,434.69,450.60999,431.38,446.31,893800,434.69,450.60999,431.38,446.31,893800,102.05,101.29,105.45,96.52,119630.0,-1.32,13.65,14.28,13.35,14.2,46433700,368.89999,371.82999,366.059998,371.19,68073000,100.85,101.4,99.37,101.080002,5038200,100.85,101.4,99.37,101.080002,5038200,460.019989,462.070007,457.17999,461.54999,86581500,460.019989,462.070007,457.17999,461.54999,86581500,33.84,33.92,33.52,33.81,3868900,2.398,2.442,2.535,2.38,2.398,2.442,2.535,2.38
2022-03-30,47456.89844,47655.14844,46746.21094,47062.66406,1.10915,1.117,1.10891,1.10915,1920.069946,1938.53003,1915.73999,1933.059448,1920.069946,1938.53003,1915.73999,1933.059448,2.38095e-05,2.38095e-05,2.38095e-05,2.38095e-05,2.38095e-05,2.38095e-05,2.38095e-05,2.38095e-05,62.54,62.85,62.080002,62.36,9557000,62.54,62.85,62.080002,62.36,9557000,439.32001,447.059998,439.31,445.95001,1719500,449.48999,456.48999,448.48999,453.32999,624000,449.48999,456.48999,448.48999,453.32999,624000,105.68,103.04,106.44,102.41,83360.0,3.56,14.04,14.36,13.74,13.88,32164000,369.28,370.98001,365.57001,367.089996,68757700,101.63,102.38,99.76,100.83,5168100,101.63,102.38,99.76,100.83,5168100,460.34,461.20001,456.47,458.70001,79666900,460.34,461.20001,456.47,458.70001,79666900,33.87,34.080002,33.84,33.95,2331200,2.358,2.4,2.435,2.334,2.358,2.4,2.435,2.334
2022-03-31,47062.14844,47512.02734,45390.53906,45538.67578,1.11618,1.11831,1.1074,1.11618,1932.79504,1949.91504,1918.97998,1937.22998,1932.79504,1949.91504,1918.97998,1937.22998,2.3753e-05,2.38095e-05,2.3753e-05,2.3753e-05,2.3753e-05,2.38095e-05,2.3753e-05,2.3753e-05,62.14,62.39,61.55,61.61,5961500,62.14,62.39,61.55,61.61,5961500,441.95999,448.87,441.0,441.39999,1660700,449.97,457.92999,446.70001,447.22,648000,449.97,457.92999,446.70001,447.22,648000,98.52,105.3,105.64,97.88,185640.0,-6.78,13.9,14.06,13.63,13.73,22840000,367.23999,367.60001,361.67999,362.54001,67011400,99.28,100.91,99.0,99.07,5505600,99.28,100.91,99.0,99.07,5505600,457.89001,458.76001,451.16,451.64001,121699900,457.89001,458.76001,451.16,451.64001,121699900,33.89,33.97,33.61,33.64,8415900,2.345,2.345,2.365,2.309,2.345,2.345,2.365,2.309
2022-04-01,45554.16406,46616.24219,44403.14062,46281.64453,1.10724,1.10754,1.10297,1.10724,1937.505,1939.98755,1917.55505,1924.30005,1937.505,1939.98755,1917.55505,1924.30005,2.38095e-05,2.38095e-05,2.38095e-05,2.38095e-05,2.38095e-05,2.38095e-05,2.38095e-05,2.38095e-05,61.67,61.97,61.54,61.93,5813800,61.67,61.97,61.54,61.93,5813800,442.22,448.98999,438.82001,445.98001,1174200,446.57999,454.85999,444.059998,454.79001,699200,446.57999,454.85999,444.059998,454.79001,699200,97.9,99.77,100.0,96.22,132550.0,-0.63,13.77,14.065,13.5,13.83,23831600,362.81,363.60999,358.59,361.85001,54527800,99.76,100.45,98.98,100.17,3608600,99.76,100.45,98.98,100.17,3608600,453.31,453.45999,449.14001,452.92001,89048800,453.31,453.45999,449.14001,452.92001,89048800,33.72,33.93,33.65,33.93,2924900,2.389,2.352,2.456,2.352,2.389,2.352,2.456,2.352
2022-04-04,46445.27344,46791.08984,45235.81641,46622.67578,1.10473,1.10571,1.098093,1.10473,1924.94495,1937.050049,1915.54504,1932.43909,1924.94495,1937.050049,1915.54504,1932.43909,2.3753e-05,2.3753e-05,2.3753e-05,2.3753e-05,2.3753e-05,2.3753e-05,2.3753e-05,2.3753e-05,62.0,62.49,61.94,62.43,5171900,62.0,62.49,61.94,62.43,5171900,447.48001,448.0,439.54999,444.01001,1166300,455.42999,456.54999,444.37,452.29001,713300,455.42999,456.54999,444.37,452.29001,713300,101.84,97.68,102.44,96.83,123550.0,4.02,14.03,14.66,14.02,14.63,40066800,362.70999,369.31,362.44,369.29999,45950200,100.12,100.4,98.56,99.3,3812300,100.12,100.4,98.56,99.3,3812300,453.13,456.91,452.26001,456.79999,59601000,453.13,456.91,452.26001,456.79999,59601000,33.82,33.92,33.76,33.9,2440000,2.393,2.408,2.434,2.369,2.393,2.408,2.434,2.369
2022-04-05,46624.50781,47106.14062,45544.80859,45555.99219,1.097586,1.099143,1.092132,1.097586,1933.375,1944.72998,1917.73999,1923.75745,1933.375,1944.72998,1917.73999,1923.75745,2.38095e-05,2.38095e-05,2.3753e-05,2.37812e-05,2.38095e-05,2.38095e-05,2.3753e-05,2.37812e-05,61.47,61.53,60.67,60.8,5356200,61.47,61.53,60.67,60.8,5356200,445.0,454.81,443.38,447.23999,2240200,450.48999,463.5,450.48999,454.01001,576200,450.48999,463.5,450.48999,454.01001,576200,100.68,102.16,104.07,98.63,107310.0,-1.14,14.61,14.86,13.795,13.89,37677300,367.81,368.54001,359.92999,361.10001,62738700,99.48,100.51,98.61,98.81,4217100,99.48,100.51,98.61,98.81,4217100,455.22,457.82999,449.82001,451.029999,74214500,455.22,457.82999,449.82001,451.029999,74214500,33.95,34.16,33.82,33.95,6506800,2.554,2.393,2.567,2.384,2.554,2.393,2.567,2.384
2022-04-06,45544.35547,45544.35547,43193.95312,43206.73828,1.090643,1.093745,1.087571,1.090643,1923.69006,1933.64502,1915.245,1925.48083,1923.69006,1933.64502,1915.245,1925.48083,2.3753e-05,2.3753e-05,2.3753e-05,2.3753e-05,2.3753e-05,2.3753e-05,2.3753e-05,2.3753e-05,59.95,60.16,59.6,59.89,6237600,59.95,60.16,59.6,59.89,6237600,446.38,457.56,446.38,454.57999,1941400,455.0,466.42001,454.88,461.45999,806400,455.0,466.42001,454.88,461.45999,806400,95.41,99.95,102.63,94.93,159990.0,-5.23,13.52,13.54,12.85,13.0,40647700,355.64999,356.78,350.56,353.26001,90077100,98.32,99.28,98.13,98.46,5260800,98.32,99.28,98.13,98.46,5260800,446.89001,448.92999,443.47,446.51999,106898000,446.89001,448.92999,443.47,446.51999,106898000,33.85,34.14,33.71,33.99,4924300,2.598,2.566,2.659,2.566,2.598,2.566,2.659,2.566
2022-04-07,43207.5,43860.69922,42899.90625,43503.84766,1.089823,1.093506,1.08672,1.089823,1925.32495,1938.074951,1920.27002,1932.17407,1925.32495,1938.074951,1920.27002,1932.17407,2.37812e-05,2.37812e-05,2.37812e-05,2.37812e-05,2.37812e-05,2.37812e-05,2.37812e-05,2.37812e-05,59.49,59.96,59.32,59.68,5535100,59.49,59.96,59.32,59.68,5535100,453.0,467.39999,450.79001,465.51001,2032700,460.0,472.64001,459.029999,470.76999,761600,460.0,472.64001,459.029999,470.76999,761600,95.51,96.29,97.95,93.21,168760.0,0.1,12.95,13.34,12.48,12.84,34727400,352.23999,356.35001,348.69,354.10001,63777400,98.25,101.27,97.9,100.98,6151500,98.25,101.27,97.9,100.98,6151500,445.59,450.69,443.53,448.76999,78097200,445.59,450.69,443.53,448.76999,78097200,33.93,34.17,33.72,34.14,3987300,2.665,2.594,2.673,2.555,2.665,2.594,2.673,2.555
2022-04-08,43505.13672,43903.01953,42183.28906,42287.66406,1.086484,1.089194,1.083694,1.086484,1931.92493,1948.45532,1927.375,1945.84998,1931.92493,1948.45532,1927.375,1945.84998,2.38095e-05,2.38095e-05,2.3753e-05,2.37812e-05,2.38095e-05,2.38095e-05,2.3753e-05,2.37812e-05,59.3,59.67,59.26,59.43,4851400,59.3,59.67,59.26,59.43,4851400,467.72,471.59,459.60999,461.51999,1710700,472.76001,477.26001,459.35001,463.66,909500,472.76001,477.26001,459.35001,463.66,909500,97.73,96.31,98.12,94.72,135350.0,2.32,12.7,13.05,12.57,12.7,24962500,352.32001,353.089996,348.5,349.14999,61956100,101.98,102.74,100.07,100.4,4811400,101.98,102.74,100.07,100.4,4811400,447.97,450.63,445.94,447.57001,79272700,447.97,450.63,445.94,447.57001,79272700,34.0099983,34.28,33.97,34.2,2960900,2.704,2.647,2.73,2.624,2.704,2.647,2.73,2.624
2022-04-11,42201.03906,42424.58984,39373.05859,39521.90234,1.088495,1.093279,1.087465,1.088495,1947.14502,1969.40503,1940.045044,1953.43237,1947.14502,1969.40503,1940.045044,1953.43237,2.3753e-05,2.3753e-05,2.3753e-05,2.3753e-05,2.3753e-05,2.3753e-05,2.3753e-05,2.3753e-05,58.71,58.86,58.39,58.5,5837800,58.71,58.86,58.39,58.5,5837800,463.79001,474.45001,462.19,464.25,1911200,466.38,470.95001,461.70001,462.14001,869000,466.38,470.95001,461.70001,462.14001,869000,93.92,97.84,97.95,92.6,156570.0,-3.9,12.45,12.82,12.13,12.66,26095800,344.81,345.75,340.54001,340.89001,66107400,100.64,102.95,100.64,102.11,5707600,100.64,102.95,100.64,102.11,5707600,444.10999,445.0,439.39001,439.92001,89770500,444.10999,445.0,439.39001,439.92001,89770500,34.09,34.12,33.83,33.84,4403800,2.774,2.723,2.793,2.711,2.774,2.723,2.793,2.711
2022-04-12,39533.71484,40617.58594,39388.32812,40127.18359,1.087796,1.090394,1.085187,1.087796,1953.995,1978.62549,1949.47998,1966.58997,1953.995,1978.62549,1949.47998,1966.58997,2.3753e-05,2.38095e-05,2.3753e-05,2.38095e-05,2.3753e-05,2.38095e-05,2.3753e-05,2.38095e-05,58.26,58.33,57.62,57.73,5750800,58.26,58.33,57.62,57.73,5750800,466.20001,471.73999,461.38,467.54999,1502300,463.31,466.67999,459.32001,463.28,632600,463.31,466.67999,459.32001,463.28,632600,100.15,94.84,100.82,94.52,168890.0,6.63,12.88,13.2,12.425,12.46,26226500,345.76001,347.69,338.040009,339.45001,72790200,102.18,103.98,102.07,102.6,4839200,102.18,103.98,102.07,102.6,4839200,443.079987,445.75,436.64999,438.29001,84363600,443.079987,445.75,436.64999,438.29001,84363600,33.83,33.92,33.6,33.67,7943200,2.727,2.803,2.836,2.674,2.727,2.803,2.836,2.674
2022-04-13,40123.57031,41430.05469,39712.74609,41166.73047,1.082614,1.087382,1.081034,1.082614,1967.21497,1981.82495,1962.58997,1977.72278,1967.21497,1981.82495,1962.58997,1977.72278,2.38095e-05,2.38095e-05,2.3753e-05,2.38095e-05,2.38095e-05,2.38095e-05,2.3753e-05,2.38095e-05,58.080002,58.63,58.049999,58.56,5269400,58.080002,58.63,58.049999,58.56,5269400,471.0,474.60999,466.25,469.19,1212400,468.0,470.059998,460.32999,464.51999,563000,468.0,470.059998,460.32999,464.51999,563000,103.79,100.35,104.0,99.51,186110.0,3.63,12.35,12.94,12.231,12.9,21152900,339.79999,347.42999,339.059998,346.35001,61367800,103.32,104.45,102.64,103.37,5351900,103.32,104.45,102.64,103.37,5351900,438.029999,444.10999,437.84,443.31,74070400,438.029999,444.10999,437.84,443.31,74070400,33.72,34.09,33.69,34.080002,5196200,2.703,2.727,2.79,2.646,2.703,2.727,2.79,2.646
2022-04-14,41160.21875,41451.48047,39695.74609,39935.51562,1.089657,1.092263,1.075859,1.089657,1977.77954,1980.81006,1960.89502,1973.51953,1977.77954,1980.81006,1960.89502,1973.51953,2.3753e-05,2.3753e-05,2.3753e-05,2.3753e-05,2.3753e-05,2.3753e-05,2.3753e-05,2.3753e-05,58.92,59.080002,58.37,58.4,6082100,58.92,59.080002,58.37,58.4,6082100,471.91,473.73001,466.040009,467.66,1965200,468.48001,470.25,463.34,467.20001,1120300,468.48001,470.25,463.34,467.20001,1120300,106.38,103.79,107.0,101.69,159770.0,2.5,12.92,12.92,12.41,12.42,23284100,346.44,346.97,338.20999,338.42999,73519400,103.89,104.98,103.67,104.27,4027400,103.89,104.98,103.67,104.27,4027400,443.54999,444.73001,437.67999,437.79001,97869500,443.54999,444.73001,437.67999,437.79001,97869500,34.11,34.21,33.99,34.099998,4712500,2.828,2.699,2.835,2.648,2.828,2.699,2.835,2.648
2022-04-18,39721.20312,40986.32031,38696.19141,40826.21484,1.081525,1.081584,1.078365,1.081525,1972.84497,1998.59998,1971.045044,1978.4967,1972.84497,1998.59998,1971.045044,1978.4967,2.3753e-05,2.38095e-05,2.3753e-05,2.3753e-05,2.3753e-05,2.38095e-05,2.3753e-05,2.3753e-05,57.79,58.029999,57.55,57.7,6205700,57.79,58.029999,57.55,57.7,6205700,467.0,471.97,459.10999,467.44,1638900,467.20001,473.37,462.079987,465.57999,569300,467.20001,473.37,462.079987,465.57999,569300,107.61,106.46,109.2,105.43,202720.0,1.16,12.35,12.415,11.88,12.15,25395600,337.35001,341.040009,335.79001,338.69,58560600,104.26,105.46,103.91,104.3,3873300,104.26,105.46,103.91,104.3,3873300,436.81,439.75,435.60999,437.97,66002500,436.81,439.75,435.60999,437.97,66002500,33.97,34.18,33.89,33.94,3506700,2.857,2.847,2.884,2.81,2.857,2.847,2.884,2.81
2022-04-19,40828.17578,41672.96094,40618.63281,41502.75,1.078179,1.08121,1.076195,1.078179,1979.19495,1982.30505,1943.79504,1949.83997,1979.19495,1982.30505,1943.79504,1949.83997,2.38095e-05,2.38095e-05,2.3753e-05,2.38095e-05,2.38095e-05,2.38095e-05,2.3753e-05,2.38095e-05,57.15,57.75,57.12,57.71,5594200,57.15,57.75,57.12,57.71,5594200,462.48999,475.5,458.42999,459.89999,2044000,465.70001,473.85001,463.48001,464.41,542500,465.70001,473.85001,463.48001,464.41,542500,102.05,107.06,108.37,101.51,339810.0,-5.17,12.08,13.02,12.07,12.91,31753900,338.029999,346.85001,336.98001,346.26001,56515700,104.44,105.66,104.16,104.55,4572800,104.44,105.66,104.16,104.55,4572800,437.85999,445.79999,437.67999,445.040009,77821000,437.85999,445.79999,437.67999,445.040009,77821000,33.78,34.02,33.78,34.02,3439400,2.94,2.849,2.948,2.836,2.94,2.849,2.948,2.836
2022-04-20,41501.74609,42126.30078,40961.09766,41374.37891,1.079447,1.08672,1.078481,1.079447,1950.34497,1958.56995,1939.15503,1957.40503,1950.34497,1958.56995,1939.15503,1957.40503,2.38095e-05,2.38095e-05,2.3753e-05,2.3753e-05,2.38095e-05,2.38095e-05,2.3753e-05,2.3753e-05,58.35,58.45,58.049999,58.25,6034700,58.35,58.45,58.049999,58.25,6034700,459.88,461.35999,452.78,453.87,1636200,465.91,469.13,462.48001,463.39999,603500,465.91,469.13,462.48001,463.39999,603500,102.19,102.38,103.96,99.88,299030.0,0.14,13.08,13.17,12.74,12.79,31528600,347.089996,347.56,339.95999,341.20999,65500000,105.68,106.019997,104.28,104.97,4232200,105.68,106.019997,104.28,104.97,4232200,446.92001,447.57001,443.48001,444.70999,65224400,446.92001,447.57001,443.48001,444.70999,65224400,34.060001,34.22,33.98,34.17,4336500,2.834,2.96,2.981,2.819,2.834,2.96,2.981,2.819
2022-04-21,41371.51562,42893.58203,40063.82812,40527.36328,1.084987,1.09347,1.082439,1.084987,1957.83997,1958.0,1936.78503,1951.495,1957.83997,1958.0,1936.78503,1951.495,2.3753e-05,2.38095e-05,2.3753e-05,2.3753e-05,2.3753e-05,2.38095e-05,2.3753e-05,2.3753e-05,58.73,58.88,57.73,57.77,10169200,58.73,58.88,57.73,57.77,10169200,455.0,455.95001,438.85001,439.54001,1937600,464.64999,465.53,443.029999,443.45001,947900,464.64999,465.53,443.029999,443.45001,947900,102.96,101.66,104.47,101.25,74660.0,0.75,13.02,13.33,12.225,12.33,32009000,345.19,347.87,333.20001,334.14999,75801000,105.85,106.019997,101.4,101.73,5795300,105.85,106.019997,101.4,101.73,5795300,448.54001,450.01001,437.10001,438.059998,85417300,448.54001,450.01001,437.10001,438.059998,85417300,34.25,34.26,33.67,33.73,4773200,2.908,2.836,2.954,2.836,2.908,2.836,2.954,2.836
2022-04-22,40525.86328,40777.75781,39315.41797,39740.32031,1.083518,1.085423,1.077284,1.083518,1951.495,1955.92505,1926.51501,1929.72998,1951.495,1955.92505,1926.51501,1929.72998,2.38095e-05,2.38095e-05,2.38095e-05,2.38095e-05,2.38095e-05,2.38095e-05,2.38095e-05,2.38095e-05,57.7,57.79,56.85,56.91,8183800,57.7,57.79,56.85,56.91,8183800,440.89001,450.89999,438.39001,445.79001,1451700,443.73999,456.66,443.67001,447.39999,727000,443.73999,456.66,443.67001,447.39999,727000,101.05,102.01,103.34,100.08,60240.0,-1.86,12.33,12.73,11.86,11.96,30386100,334.31,335.56,324.95999,325.39999,82562100,101.45,102.56,100.37,100.49,4683300,101.45,102.56,100.37,100.49,4683300,436.91,438.079987,425.44,426.040009,132471800,436.91,438.079987,425.44,426.040009,132471800,33.46,33.46,32.94,32.98,3467200,2.905,2.929,2.974,2.864,2.905,2.929,2.974,2.864
2022-04-25,39472.60547,40491.75391,38338.37891,40458.30859,1.081105,1.081221,1.070034,1.081105,1931.094971,1934.70862,1891.050049,1897.6925,1931.094971,1934.70862,1891.050049,1897.6925,2.3753e-05,2.38095e-05,2.3753e-05,2.3753e-05,2.3753e-05,2.38095e-05,2.3753e-05,2.3753e-05,56.88,57.29,56.63,57.26,9450500,56.88,57.29,56.63,57.26,9450500,443.0,444.82001,433.26999,442.89001,1499800,443.98999,445.0,434.14999,444.019989,608200,443.98999,445.0,434.14999,444.019989,608200,97.67,100.38,100.48,94.47,87650.0,-3.34,11.83,12.16,11.68,12.11,31727600,323.73001,329.89999,322.42999,329.57999,101755900,99.85,99.92,97.57,99.61,5612500,99.85,99.92,97.57,99.61,5612500,423.67001,428.69,418.84,428.51001,119647700,423.67001,428.69,418.84,428.51001,119647700,32.4,32.64,32.13,32.58,5105300,2.818,2.889,2.895,2.76,2.818,2.889,2.895,2.76
2022-04-26,40448.42188,40713.89062,37884.98438,38117.46094,1.071421,1.073883,1.064464,1.071421,1897.95496,1911.5,1895.38,1905.55762,1897.95496,1911.5,1895.38,1905.55762,2.3753e-05,2.3753e-05,2.3753e-05,2.3753e-05,2.3753e-05,2.3753e-05,2.3753e-05,2.3753e-05,56.92,56.94,56.029999,56.049999,10172500,56.92,56.94,56.029999,56.049999,10172500,447.040009,452.32001,443.17999,446.089996,1440400,444.67999,452.48001,440.41,442.51001,614300,444.67999,452.48001,440.41,442.51001,614300,100.41,97.77,101.5,96.37,100120.0,2.81,11.94,12.05,11.1,11.12,38666500,327.47,327.66,316.85999,317.14001,105819600,96.9,100.95,96.78,99.19,7199200,96.9,100.95,96.78,99.19,7199200,425.82999,426.040009,416.070007,416.10001,103996300,425.82999,426.040009,416.070007,416.10001,103996300,32.35,32.39,31.75,31.75,3339300,2.728,2.818,2.866,2.724,2.728,2.818,2.866,2.724
2022-04-27,38120.30078,39397.91797,37997.3125,39241.12109,1.064362,1.065644,1.051669,1.064362,1905.45496,1907.25208,1881.39001,1886.11536,1905.45496,1907.25208,1881.39001,1886.11536,2.38095e-05,2.38095e-05,2.3753e-05,2.3753e-05,2.38095e-05,2.38095e-05,2.3753e-05,2.3753e-05,56.41,56.76,56.22,56.27,11996200,56.41,56.76,56.22,56.27,11996200,446.23001,452.0,439.26999,444.98001,1017500,444.17999,450.69,439.76999,439.76999,838400,444.17999,450.69,439.76999,439.76999,838400,100.68,100.76,101.68,98.65,76990.0,0.27,11.01,11.195,10.53,10.56,54508500,317.23999,322.88,315.0,316.76001,111204200,99.22,99.91,97.6,98.84,6632100,99.22,99.91,97.6,98.84,6632100,417.23999,422.92001,415.01001,417.26999,122030000,417.23999,422.92001,415.01001,417.26999,122030000,32.0,32.2,31.81,32.02,5053400,2.826,2.74,2.839,2.715,2.826,2.74,2.839,2.715
2022-04-28,39241.42969,40269.46484,38941.42188,39773.82812,1.055509,1.056223,1.047285,1.055509,1886.14001,1897.31995,1872.19495,1894.34229,1886.14001,1897.31995,1872.19495,1894.34229,2.38095e-05,2.38095e-05,2.3753e-05,2.38095e-05,2.38095e-05,2.38095e-05,2.3753e-05,2.38095e-05,56.85,57.42,56.41,57.3,9540500,56.85,57.42,56.41,57.3,9540500,449.0,449.0,437.51999,441.70999,1348800,437.0,449.78,432.39001,445.17001,1112400,437.0,449.78,432.39001,445.17001,1112400,103.47,100.59,103.77,98.75,104930.0,2.77,10.69,11.045,10.37,10.95,40074500,321.85001,329.89001,317.51999,328.01001,99450000,99.0,99.26,96.9,98.080002,6544200,99.0,99.26,96.9,98.080002,6544200,422.29001,429.64001,417.60001,427.81,105449100,422.29001,429.64001,417.60001,427.81,105449100,32.17,32.53,31.95,32.46,3677400,2.832,2.834,2.888,2.796,2.832,2.834,2.888,2.796
2022-04-29,39768.61719,39887.26953,38235.53516,38609.82422,1.05042,1.059042,1.05042,1.05042,1894.43005,1919.97498,1892.24658,1896.39587,1894.43005,1919.97498,1892.24658,1896.39587,2.3753e-05,2.3753e-05,2.3753e-05,2.3753e-05,2.3753e-05,2.3753e-05,2.3753e-05,2.3753e-05,57.5,57.94,56.54,56.62,11952200,57.5,57.94,56.54,56.62,11952200,444.42999,445.01001,430.38,432.12,1479500,447.60999,449.34,438.029999,439.39999,945600,447.60999,449.34,438.029999,439.39999,945600,102.94,103.12,105.99,102.14,98350.0,-0.51,10.9,11.23,10.36,10.4,30937500,323.70001,327.23001,312.60001,313.25,91977900,98.47,98.89,94.61,94.91,5883000,98.47,98.89,94.61,94.91,5883000,423.59,425.87,411.20999,412.0,145491100,423.59,425.87,411.20999,412.0,145491100,32.5,32.76,32.25,32.3,10074200,2.938,2.854,2.943,2.831,2.938,2.854,2.943,2.831
2022-05-02,38472.1875,39074.97266,38156.5625,38529.32812,1.053596,1.05677,1.050398,1.053596,1896.094971,1900.10498,1854.745,1862.76758,1896.094971,1900.10498,1854.745,1862.76758,2.38095e-05,2.38095e-05,2.38095e-05,2.38095e-05,2.38095e-05,2.38095e-05,2.38095e-05,2.38095e-05,56.45,56.67,56.040001,56.6,9722000,56.45,56.67,56.040001,56.6,9722000,429.60001,437.48999,426.14999,430.81,1397100,437.12,444.63,431.92001,438.62,759900,437.12,444.63,431.92001,438.62,759900,103.42,102.15,104.19,98.87,89430.0,0.47,10.38,10.755,10.18,10.74,41193800,312.82999,318.72,309.64999,318.48001,115511800,94.51,95.33,92.4,94.22,7870600,94.51,95.33,92.4,94.22,7870600,412.070007,415.92001,405.019989,414.48001,158312500,412.070007,415.92001,405.019989,414.48001,158312500,32.25,32.32,31.73,32.13,8433800,2.977,2.932,3.01,2.907,2.977,2.932,3.01,2.907
2022-05-03,38528.10938,38629.99609,37585.62109,37750.45312,1.050906,1.057765,1.049439,1.050906,1863.050049,1878.18506,1850.32996,1867.78503,1863.050049,1878.18506,1850.32996,1867.78503,2.38095e-05,2.38095e-05,2.38095e-05,2.38095e-05,2.38095e-05,2.38095e-05,2.38095e-05,2.38095e-05,56.82,57.23,56.65,57.049999,7571400,56.82,57.23,56.65,57.049999,7571400,434.38,437.60001,430.95999,434.76999,1332000,444.45001,453.23001,439.69,451.25,1076000,444.45001,453.23001,439.69,451.25,1076000,100.9,103.19,104.06,100.58,97510.0,-2.44,10.69,10.98,10.44,10.55,31372700,318.5,321.17001,315.98001,318.82001,78185500,95.18,96.13,94.32,95.4,5612200,95.18,96.13,94.32,95.4,5612200,415.01001,418.92999,413.35999,416.38,100028200,415.01001,418.92999,413.35999,416.38,100028200,32.61,32.72,32.47,32.59,4870400,2.979,2.991,3.01,2.913,2.979,2.991,3.01,2.913
2022-05-04,37748.01172,39902.94922,37732.05859,39698.37109,1.052853,1.056636,1.050652,1.052853,1868.035034,1889.745,1861.17004,1880.92285,1868.035034,1889.745,1861.17004,1880.92285,2.3753e-05,2.38095e-05,2.3753e-05,2.3753e-05,2.3753e-05,2.38095e-05,2.3753e-05,2.3753e-05,57.049999,58.2,56.42,58.060001,8781200,57.049999,58.2,56.42,58.060001,8781200,437.029999,445.98999,434.89001,445.73999,1172600,453.57001,464.0,450.26999,462.57001,792100,453.57001,464.0,450.26999,462.57001,792100,106.22,101.99,107.0,101.41,92050.0,5.27,10.53,11.01,10.08,10.98,43239900,319.31,330.29001,313.89001,329.60001,116083400,94.99,98.019997,94.95,97.76,6160800,94.99,98.019997,94.95,97.76,6160800,417.079987,429.66,413.70999,429.059998,144247900,417.079987,429.66,413.70999,429.059998,144247900,32.58,33.12,32.27,33.040001,7580700,2.946,3.001,3.011,2.901,2.946,3.001,3.011,2.901
2022-05-05,39695.74609,39789.28125,35856.51562,36575.14062,1.062248,1.064,1.050464,1.062248,1881.46997,1910.030029,1872.47998,1876.84082,1881.46997,1910.030029,1872.47998,1876.84082,2.38095e-05,2.38095e-05,2.38095e-05,2.38095e-05,2.38095e-05,2.38095e-05,2.38095e-05,2.38095e-05,57.41,57.46,56.11,56.47,13209300,57.41,57.46,56.11,56.47,13209300,445.73999,447.47,438.60999,443.14999,1183800,463.23999,470.23001,457.14999,466.66,1559700,463.23999,470.23001,457.14999,466.66,1559700,106.74,106.07,109.77,104.95,97440.0,0.49,10.8,10.8,9.98,10.12,40523600,325.17001,325.25,309.62,313.0,154607400,97.8,98.2,95.41,96.32,5906500,97.8,98.2,95.41,96.32,5906500,424.54999,425.0,409.44,413.81,172929100,424.54999,425.0,409.44,413.81,172929100,32.52,32.55,31.82,32.040001,5839100,3.035,2.964,3.108,2.925,3.035,2.964,3.108,2.925
2022-05-06,36573.18359,36624.35938,35482.13281,36040.92188,1.053974,1.059839,1.048537,1.053974,1877.29504,1892.92505,1865.84497,1882.95654,1877.29504,1892.92505,1865.84497,1882.95654,2.3753e-05,2.38095e-05,2.3753e-05,2.3753e-05,2.3753e-05,2.38095e-05,2.3753e-05,2.3753e-05,56.63,56.95,56.3,56.69,12736600,56.63,56.95,56.3,56.69,12736600,441.53,449.57999,439.91,449.42999,1409800,464.38,469.45999,457.67999,468.70001,925400,464.38,469.45999,457.67999,468.70001,925400,108.33,107.07,109.53,105.72,119330.0,1.49,10.0,10.05,9.42,9.48,69691300,310.95001,315.089996,305.10999,309.25,139572800,95.71,96.050003,93.72,95.3,5295000,95.71,96.050003,93.72,95.3,5295000,411.10001,414.79999,405.73001,411.34,151770800,411.10001,414.79999,405.73001,411.34,151770800,31.61,31.75,31.35,31.59,8872900,3.142,3.052,3.146,3.039,3.142,3.052,3.146,3.039
2022-05-09,34060.01563,34222.07422,30296.95312,30296.95312,1.053219,1.057217,1.049659,1.053219,1883.79504,1885.95496,1851.35999,1853.92065,1883.79504,1885.95496,1851.35999,1853.92065,2.38095e-05,2.38095e-05,2.3753e-05,2.38095e-05,2.38095e-05,2.38095e-05,2.3753e-05,2.38095e-05,55.6,55.68,54.99,55.09,9131400,55.6,55.68,54.99,55.09,9131400,447.029999,448.78,437.12,438.84,1354500,465.95999,466.92001,452.35001,453.98001,880700,465.95999,466.92001,452.35001,453.98001,880700,101.77,108.97,109.0,100.81,148440.0,-6.06,7.78,7.85,7.32,7.46,170871700,303.48001,309.35001,295.72,297.14999,113387300,94.53,94.79,91.25,91.75,6071900,94.53,94.79,91.25,91.75,6071900,405.10001,406.41,396.5,398.17001,155586100,405.10001,406.41,396.5,398.17001,155586100,31.049999,31.11,30.66,30.71,6239100,3.034,3.142,3.203,3.028,3.034,3.142,3.203,3.028
2022-05-10,30273.6543,32596.30859,29944.80273,31022.90625,1.05658,1.058582,1.052731,1.05658,1853.73999,1865.76001,1835.45996,1838.14307,1853.73999,1865.76001,1835.45996,1838.14307,2.38095e-05,2.38095e-05,2.38095e-05,2.38095e-05,2.38095e-05,2.38095e-05,2.38095e-05,2.38095e-05,55.68,55.77,54.87,55.17,7341400,55.68,55.77,54.87,55.17,7341400,439.94,446.5,437.5,439.13,978500,452.45001,456.35001,447.14001,449.97,924000,452.45001,456.35001,447.14001,449.97,924000,98.45,100.96,102.78,97.61,156440.0,-3.26,7.56,7.703,6.93,7.29,86932400,304.51001,305.76001,296.57001,300.76001,124124600,92.44,93.86,91.36,91.69,7526300,92.44,93.86,91.36,91.69,7526300,404.48999,406.079987,394.82001,399.089996,132497200,404.48999,406.079987,394.82001,399.089996,132497200,31.13,31.23,30.73,30.95,5807100,2.989,3.034,3.072,2.942,2.989,3.034,3.072,2.942
2022-05-11,31016.18359,32013.40234,28170.41406,28936.35547,1.053297,1.057563,1.050707,1.053297,1838.40503,1857.995,1831.83276,1852.12024,1838.40503,1857.995,1831.83276,1852.12024,2.38095e-05,2.38095e-05,2.3753e-05,2.38095e-05,2.38095e-05,2.38095e-05,2.3753e-05,2.38095e-05,54.9,55.53,54.54,54.57,9707500,54.9,55.53,54.54,54.57,9707500,437.5,444.98999,436.62,440.41,1018200,449.67999,458.37,445.070007,446.48001,805100,449.67999,458.37,445.070007,446.48001,805100,104.03,97.74,104.74,96.93,179720.0,5.67,7.28,7.54,6.66,6.71,72894900,298.44,304.089996,290.95001,291.84,140326100,91.27,94.13,90.81,91.0,6493900,91.27,94.13,90.81,91.0,6493900,398.070007,404.040009,391.95999,392.75,142361000,398.070007,404.040009,391.95999,392.75,142361000,31.13,31.46,30.71,30.71,9517500,2.925,2.991,3.076,2.907,2.925,2.991,3.076,2.907
2022-05-12,28936.73438,30032.43945,26350.49023,29047.75195,1.051248,1.052975,1.037355,1.051248,1852.57996,1859.29504,1820.93005,1821.71997,1852.57996,1859.29504,1820.93005,1821.71997,2.3753e-05,2.3753e-05,2.3753e-05,2.3753e-05,2.3753e-05,2.3753e-05,2.3753e-05,2.3753e-05,55.09,55.54,54.8,55.18,8562000,55.09,55.54,54.8,55.18,8562000,439.26001,441.32001,428.35001,434.59,1390200,448.12,450.91,442.70001,450.78,942000,448.12,450.91,442.70001,450.78,942000,104.4,103.94,105.55,101.11,179610.0,0.36,6.55,7.38,6.44,7.34,82147300,287.45001,295.75,284.94,291.14999,120910900,90.85,92.47,89.94,91.48,6356200,90.85,92.47,89.94,91.48,6356200,389.37,395.79999,385.14999,392.34,125090800,389.37,395.79999,385.14999,392.34,125090800,30.53,30.86,30.35,30.56,8135400,2.855,2.911,2.911,2.816,2.855,2.911,2.911,2.816
2022-05-13,29030.91016,30924.80273,28782.33008,29283.10352,1.037958,1.041938,1.035197,1.037958,1822.47998,1829.060059,1799.245,1811.15442,1822.47998,1829.060059,1799.245,1811.15442,2.3753e-05,2.3753e-05,2.3753e-05,2.3753e-05,2.3753e-05,2.3753e-05,2.3753e-05,2.3753e-05,55.96,56.35,55.92,56.32,5384700,55.96,56.35,55.92,56.32,5384700,435.35999,437.70999,429.0,435.17001,1114700,451.73001,454.45001,447.34,452.82999,576900,451.73001,454.45001,447.34,452.82999,576900,108.63,104.91,108.77,104.64,134310.0,4.05,7.52,8.35,7.52,8.34,69242700,295.72,303.0,294.079987,301.94,83684900,92.050003,92.61,91.089996,91.92,5465600,92.050003,92.61,91.089996,91.92,5465600,396.70999,403.17999,395.60999,401.72,104174400,396.70999,403.17999,395.60999,401.72,104174400,31.049999,31.57,31.049999,31.53,2986800,2.928,2.862,2.944,2.852,2.928,2.862,2.944,2.852
2022-05-16,31304.375,31305.3418,29251.88477,29862.91797,1.040063,1.043798,1.039134,1.040063,1811.050049,1827.23499,1786.94995,1823.79041,1811.050049,1827.23499,1786.94995,1823.79041,2.38095e-05,2.38095e-05,2.38095e-05,2.38095e-05,2.38095e-05,2.38095e-05,2.38095e-05,2.38095e-05,56.0,56.25,55.84,56.02,3937300,56.0,56.25,55.84,56.02,3937300,435.0,440.37,432.16,437.54999,1004700,453.67001,461.32001,452.95001,458.079987,586600,453.67001,461.32001,452.95001,458.079987,586600,111.82,109.0,112.47,106.27,166040.0,2.94,8.17,8.43,8.01,8.04,46153200,300.14999,302.26001,297.13,298.44,59190400,91.85,93.54,91.81,92.48,5158500,91.85,93.54,91.81,92.48,5158500,399.98001,403.97,397.60001,400.089996,78622400,399.98001,403.97,397.60001,400.089996,78622400,31.58,32.060001,31.54,31.9,4481000,2.886,2.94,2.953,2.853,2.886,2.94,2.953,2.853
2022-05-17,29862.4082,30694.49023,29570.30273,30425.85742,1.043896,1.055376,1.043242,1.043896,1824.18005,1836.54504,1812.67505,1814.66846,1824.18005,1836.54504,1812.67505,1814.66846,2.38095e-05,2.38095e-05,2.3753e-05,2.3753e-05,2.38095e-05,2.38095e-05,2.3753e-05,2.3753e-05,56.24,56.47,56.11,56.43,4673100,56.24,56.47,56.11,56.43,4673100,439.81,442.22,431.26001,441.0,798100,458.57999,462.20999,453.48001,459.28,580900,458.57999,462.20999,453.48001,459.28,580900,109.63,111.61,113.2,108.96,204750.0,-1.96,8.1,8.46,8.01,8.36,38620800,304.45001,306.56,300.54999,306.17001,62715300,94.33,95.14,93.5,94.95,4447200,94.33,95.14,93.5,94.95,4447200,406.53,408.57001,402.57999,408.32001,83029700,406.53,408.57001,402.57999,408.32001,83029700,32.49,32.59,32.36,32.54,2658900,2.995,2.886,2.997,2.875,2.995,2.886,2.997,2.875
2022-05-18,30424.47852,30618.7168,28720.27148,28720.27148,1.054786,1.056412,1.049241,1.054786,1815.19995,1825.02002,1807.29504,1815.60999,1815.19995,1825.02002,1807.29504,1815.60999,2.3753e-05,2.3753e-05,2.3753e-05,2.3753e-05,2.3753e-05,2.3753e-05,2.3753e-05,2.3753e-05,56.49,56.6,55.77,55.89,5409600,56.49,56.6,55.77,55.89,5409600,441.0,442.070007,433.10001,434.32999,986900,459.23001,462.28,451.26001,454.87,758100,459.23001,462.28,451.26001,454.87,758100,107.04,110.77,112.39,106.06,311840.0,-2.36,8.21,8.43,7.92,8.01,29304600,301.54001,302.25,289.85001,291.14001,79477100,94.33,95.2,92.28,92.61,5843100,94.33,95.2,92.28,92.61,5843100,403.5,403.79999,390.54999,391.85999,117674500,403.5,403.79999,390.54999,391.85999,117674500,32.18,32.23,31.61,31.64,3194900,2.884,2.988,3.015,2.873,2.884,2.988,3.015,2.873
2022-05-19,28720.35938,30430.75195,28708.95508,30314.33398,1.047274,1.059805,1.046605,1.047274,1816.60498,1849.45996,1810.55005,1841.71875,1816.60498,1849.45996,1810.55005,1841.71875,2.38095e-05,2.38095e-05,2.38095e-05,2.38095e-05,2.38095e-05,2.38095e-05,2.38095e-05,2.38095e-05,56.099998,56.67,56.099998,56.37,7807200,56.099998,56.67,56.099998,56.37,7807200,430.85001,432.98999,419.29001,425.62,1539800,449.38,453.39001,439.20001,448.5,758600,449.38,453.39001,439.20001,448.5,758600,109.89,106.96,110.16,103.24,340080.0,2.66,7.97,8.581,7.945,8.31,35780900,289.29001,294.39001,287.57999,289.57999,79920700,91.38,92.46,89.54,90.25,5234700,91.38,92.46,89.54,90.25,5234700,388.62,394.14001,387.10999,389.45999,98510700,388.62,394.14001,387.10999,389.45999,98510700,31.38,31.94,31.38,31.76,3690400,2.837,2.864,2.922,2.772,2.837,2.864,2.922,2.772
2022-05-20,30311.11914,30664.97656,28793.60547,29200.74023,1.057899,1.059883,1.054107,1.057899,1842.12,1849.59497,1832.34998,1845.68005,1842.12,1849.59497,1832.34998,1845.68005,2.3753e-05,2.3753e-05,2.3753e-05,2.3753e-05,2.3753e-05,2.3753e-05,2.3753e-05,2.3753e-05,57.25,57.27,56.47,57.09,9977100,57.25,57.27,56.47,57.09,9977100,428.0,428.0,417.29001,424.14999,1632500,450.17999,450.89001,437.51999,443.32999,636900,450.17999,450.89001,437.51999,443.32999,636900,110.28,109.26,111.04,108.13,229930.0,0.35,8.26,8.4,7.71,8.08,40879100,293.13,293.79999,280.20999,288.67999,91764200,90.84,91.17,88.43,90.080002,6585500,90.84,91.17,88.43,90.080002,6585500,393.25,397.029999,380.54001,389.63,131432200,393.25,397.029999,380.54001,389.63,131432200,32.17,32.25,31.69,32.080002,2442600,2.788,2.848,2.88,2.774,2.788,2.848,2.88,2.774
2022-05-23,30309.39648,30590.58594,28975.56055,29098.91016,1.056982,1.069027,1.05687,1.056982,1846.53003,1865.64502,1844.076294,1853.21851,1846.53003,1865.64502,1844.076294,1853.21851,2.38095e-05,2.38095e-05,2.38095e-05,2.38095e-05,2.38095e-05,2.38095e-05,2.38095e-05,2.38095e-05,57.41,57.81,57.39,57.64,7226600,57.41,57.81,57.39,57.64,7226600,427.44,435.64999,427.44,433.029999,1038200,446.64999,458.26999,446.29999,456.76999,561400,446.64999,458.26999,446.29999,456.76999,561400,107.54,107.34,108.76,106.32,70510.0,-2.48,8.01,8.17,7.8,8.01,27755200,289.75,293.87,287.29001,293.48001,63648400,90.6,92.019997,90.0,91.83,4701300,90.6,92.019997,90.0,91.83,4701300,392.82999,397.73001,390.38,396.92001,76414900,392.82999,397.73001,390.38,396.92001,76414900,32.59,32.83,32.58,32.71,2390200,2.861,2.806,2.873,2.797,2.861,2.806,2.873,2.797
2022-05-24,29101.125,29774.35547,28786.58984,29655.58594,1.068205,1.074633,1.0662,1.068205,1853.59497,1869.98999,1849.060059,1865.90002,1853.59497,1869.98999,1849.060059,1865.90002,2.38095e-05,2.38095e-05,2.38095e-05,2.38095e-05,2.38095e-05,2.38095e-05,2.38095e-05,2.38095e-05,57.38,57.57,57.17,57.42,5665400,57.38,57.57,57.17,57.42,5665400,433.0,443.31,433.0,442.78,1034100,455.57999,472.44,455.57999,471.10001,794100,455.57999,472.44,455.57999,471.10001,794100,107.2,107.68,108.76,105.94,65220.0,-0.32,7.98,7.99,7.37,7.55,47218700,288.13,288.85999,282.25,287.23999,73491100,91.2,93.42,90.47,93.21,5932000,91.2,93.42,90.47,93.21,5932000,392.56,395.14999,386.95999,393.89001,91448800,392.56,395.14999,386.95999,393.89001,91448800,32.61,32.84,32.47,32.77,2392900,2.754,2.844,2.864,2.718,2.754,2.844,2.864,2.718
2022-05-25,29653.13477,30157.78516,29384.94922,29562.36133,1.073653,1.073653,1.064407,1.073653,1865.089966,1868.39502,1842.94495,1852.83069,1865.089966,1868.39502,1842.94495,1852.83069,2.3753e-05,2.3753e-05,2.3753e-05,2.3753e-05,2.3753e-05,2.3753e-05,2.3753e-05,2.3753e-05,57.099998,57.7,57.099998,57.54,2924600,57.099998,57.7,57.099998,57.54,2924600,443.48001,448.63,441.29999,447.54001,1032200,471.14001,474.42001,467.16,467.62,594300,471.14001,474.42001,467.16,467.62,594300,107.75,107.68,108.97,106.71,56920.0,0.51,7.52,8.018,7.51,7.96,35068900,285.70999,293.39001,285.5,291.26001,67144500,93.32,94.099998,92.59,93.56,3742000,93.32,94.099998,92.59,93.56,3742000,392.31,399.45001,391.89001,397.37,91472900,392.31,399.45001,391.89001,397.37,91472900,32.67,33.040001,32.67,32.94,2688500,2.751,2.756,2.776,2.708,2.751,2.756,2.776,2.708
2022-05-26,29564.77734,29834.16016,28261.90625,29267.22461,1.068661,1.072869,1.06645,1.068661,1853.47998,1854.70996,1841.13501,1850.02356,1853.47998,1854.70996,1841.13501,1850.02356,2.3753e-05,2.3753e-05,2.3753e-05,2.3753e-05,2.3753e-05,2.3753e-05,2.3753e-05,2.3753e-05,57.55,58.14,57.55,57.99,3052800,57.55,58.14,57.55,57.99,3052800,450.0,454.059998,447.76999,447.98999,1143100,470.73001,476.48999,466.63,467.42999,760400,470.73001,476.48999,466.63,467.42999,760400,111.25,108.05,111.88,107.6,78220.0,3.25,7.84,8.4,7.77,8.36,39738900,290.44,300.92001,290.14999,299.32999,59462200,94.52,95.86,94.11,95.0,5545800,94.52,95.86,94.11,95.0,5545800,398.67001,407.040009,398.45001,405.31,82168300,398.67001,407.040009,398.45001,405.31,82168300,32.91,33.099998,32.89,33.049999,4309300,2.742,2.743,2.797,2.706,2.742,2.743,2.797,2.706
2022-05-27,29251.14062,29346.94336,28326.61328,28627.57422,1.073295,1.076507,1.069805,1.073295,1850.47998,1862.29504,1847.76001,1852.72998,1850.47998,1862.29504,1847.76001,1852.72998,2.38095e-05,2.38095e-05,2.3753e-05,2.38095e-05,2.38095e-05,2.38095e-05,2.3753e-05,2.38095e-05,58.080002,58.38,58.040001,58.34,2547800,58.080002,58.38,58.040001,58.34,2547800,451.14001,451.47,444.45999,450.56,1265800,466.14999,471.049988,462.57999,470.76001,646000,466.14999,471.049988,462.57999,470.76001,646000,112.23,111.25,112.42,110.06,57720.0,0.88,8.5,8.85,8.434,8.85,37064000,302.54001,309.25,302.42001,309.10001,66985600,95.63,96.72,95.2,96.71,3394200,95.63,96.72,95.2,96.71,3394200,407.91,415.38,407.70001,415.26001,84768700,407.91,415.38,407.70001,415.26001,84768700,33.18,33.32,33.11,33.21,1994300,2.743,2.752,2.769,2.709,2.743,2.752,2.769,2.709
2022-05-31,31723.86523,32249.86328,31286.1543,31792.31055,1.077354,1.077493,1.068216,1.077354,1856.39502,1857.69495,1834.89502,1837.092529,1856.39502,1857.69495,1834.89502,1837.092529,2.3753e-05,2.3753e-05,2.3753e-05,2.3753e-05,2.3753e-05,2.3753e-05,2.3753e-05,2.3753e-05,57.81,57.95,57.5,57.6,4690700,57.81,57.95,57.5,57.6,4690700,443.0,445.0,438.41,440.10999,2539100,465.97,468.69,456.84,467.97,1762600,465.97,468.69,456.84,467.97,1762600,111.91,112.1,117.07,111.5,113510.0,-4.85,8.97,9.1,8.56,8.68,41672300,309.070007,311.32999,304.32999,308.28,60968300,95.36,95.97,94.63,95.12,6478700,95.36,95.97,94.63,95.12,6478700,413.54999,416.45999,410.029999,412.92999,95937000,413.54999,416.45999,410.029999,412.92999,95937000,33.29,33.44,33.13,33.17,2725500,2.849,2.81,2.884,2.799,2.849,2.81,2.884,2.799
2022-06-01,31792.55469,31957.28516,29501.58789,29799.08008,1.073411,1.073664,1.063174,1.073411,1837.37,1850.39502,1828.28003,1845.55005,1837.37,1850.39502,1828.28003,1845.55005,2.38095e-05,2.38095e-05,2.38095e-05,2.38095e-05,2.38095e-05,2.38095e-05,2.38095e-05,2.38095e-05,58.36,58.43,57.46,57.63,4964800,58.36,58.43,57.46,57.63,4964800,443.029999,443.85001,436.48999,439.29999,1199000,467.78,471.91,458.76001,464.25,798600,467.78,471.91,458.76001,464.25,798600,112.72,112.74,115.0,111.86,91070.0,0.72,8.72,8.979,8.38,8.46,34438100,310.47,312.64999,303.73001,306.0,65341700,96.010002,96.28,94.099998,94.81,4245900,96.010002,96.28,94.099998,94.81,4245900,415.17001,416.23999,406.92999,409.59,86585800,415.17001,416.23999,406.92999,409.59,86585800,33.23,33.25,32.56,32.71,2898300,2.911,2.864,2.951,2.833,2.911,2.864,2.951,2.833
2022-06-02,29794.89062,30604.73438,29652.70508,30467.48828,1.065417,1.073849,1.064566,1.065417,1846.44495,1870.69495,1843.755,1868.12769,1846.44495,1870.69495,1843.755,1868.12769,2.38095e-05,2.38095e-05,2.3753e-05,2.3753e-05,2.38095e-05,2.38095e-05,2.3753e-05,2.3753e-05,57.76,58.23,57.49,58.22,3078100,57.76,58.23,57.49,58.22,3078100,441.76001,442.54001,430.44,441.10999,1210000,466.070007,467.0,449.69,462.87,1151400,466.070007,467.0,449.69,462.87,1151400,114.3,112.27,115.1,108.94,114860.0,1.4,8.54,9.39,8.461,9.3,41347000,304.85001,314.56,303.39999,314.38,59291300,95.77,96.31,94.059998,96.24,3460300,95.77,96.31,94.059998,96.24,3460300,409.42001,417.44,407.040009,417.39001,79609600,409.42001,417.44,407.040009,417.39001,79609600,32.96,33.33,32.77,33.33,3775700,2.913,2.911,2.944,2.889,2.913,2.911,2.944,2.889
2022-06-03,30467.80664,30633.03516,29375.68945,29704.39062,1.075107,1.076542,1.070664,1.075107,1868.53003,1874.30005,1847.02002,1850.76562,1868.53003,1874.30005,1847.02002,1850.76562,2.38095e-05,2.38095e-05,2.3753e-05,2.38095e-05,2.38095e-05,2.38095e-05,2.3753e-05,2.38095e-05,57.23,57.31,56.94,57.0099983,3138400,57.23,57.31,56.94,57.0099983,3138400,440.0,446.57999,439.16,442.69,928000,462.17001,478.60001,462.17001,478.37,872400,462.17001,478.60001,462.17001,478.37,872400,116.23,114.9,117.77,112.73,74480.0,1.69,9.04,9.25,8.86,8.94,36585800,309.029999,310.47,304.92001,306.20001,60914700,95.36,96.62,95.29,96.33,2837000,95.36,96.62,95.29,96.33,2837000,412.39999,414.040009,409.51001,410.54001,71874300,412.39999,414.040009,409.51001,410.54001,71874300,32.87,33.0099983,32.78,32.88,3233300,2.941,2.915,2.986,2.906,2.941,2.915,2.986,2.906
2022-06-06,29910.2832,31693.29102,29894.1875,31370.67188,1.072605,1.075269,1.068604,1.072605,1850.29248,1858.14502,1840.50244,1840.99817,1850.29248,1858.14502,1840.50244,1840.99817,2.3753e-05,2.38095e-05,2.3753e-05,2.3753e-05,2.3753e-05,2.38095e-05,2.3753e-05,2.3753e-05,57.73,57.82,57.2,57.32,3561700,57.73,57.82,57.2,57.32,3561700,443.82001,446.0,441.56,443.41,690000,479.26999,483.94,477.45999,478.85999,586500,479.26999,483.94,477.45999,478.85999,586500,116.06,118.17,118.28,115.15,77610.0,-0.15,9.11,9.21,8.78,8.98,35101100,310.75,312.35001,305.62,307.22,51785000,96.99,97.49,96.39,97.21,3080300,96.99,97.49,96.39,97.21,3080300,414.78,416.60999,410.54999,411.79001,57508900,414.78,416.60999,410.54999,411.79001,57508900,33.27,33.31,32.99,33.07,2861200,3.04,2.935,3.049,2.933,3.04,2.935,3.049,2.933
2022-06-07,31371.74219,31489.68359,29311.68359,31155.47852,1.069141,1.070893,1.06528,1.069141,1841.59998,1855.85999,1836.72998,1851.97412,1841.59998,1855.85999,1836.72998,1851.97412,2.38095e-05,2.38095e-05,2.3753e-05,2.38095e-05,2.38095e-05,2.38095e-05,2.3753e-05,2.38095e-05,56.83,57.51,56.83,57.5,2300500,56.83,57.51,56.83,57.5,2300500,442.0,456.67001,441.39999,456.29999,1126000,478.79999,492.29999,476.69,492.059998,742900,478.79999,492.29999,476.69,492.059998,742900,117.1,116.66,118.0,115.04,140800.0,0.9,8.89,9.14,8.73,9.13,28049400,303.81,310.67001,302.69,309.87,44900300,97.18,100.68,96.66,100.51,5634600,97.18,100.68,96.66,100.51,5634600,408.10001,416.22,407.60999,415.73999,59272400,408.10001,416.22,407.60999,415.73999,59272400,32.88,33.4,32.87,33.35,1563600,2.979,3.044,3.064,2.957,2.979,3.044,3.064,2.957
2022-06-08,31151.48047,31253.69141,29944.4043,30214.35547,1.069862,1.07483,1.067327,1.069862,1852.51001,1859.89502,1844.34998,1853.255,1852.51001,1859.89502,1844.34998,1853.255,2.38095e-05,2.38095e-05,2.3753e-05,2.38095e-05,2.38095e-05,2.38095e-05,2.3753e-05,2.38095e-05,56.88,57.12,56.69,56.75,3007400,56.88,57.12,56.69,56.75,3007400,452.0,454.64001,442.91,443.41,1151600,487.82001,491.54001,472.059998,472.45001,853000,487.82001,491.54001,472.059998,472.45001,853000,119.78,117.7,120.75,117.02,131930.0,2.29,9.18,9.42,9.09,9.18,29056300,309.049988,311.72,306.76999,307.64001,38342100,99.73,100.33,98.96,99.23,6666600,99.73,100.33,98.96,99.23,6666600,413.92999,415.82001,410.38,411.22,64350000,413.92999,415.82001,410.38,411.22,64350000,32.99,33.13,32.85,32.88,2605700,3.027,2.986,3.042,2.983,3.027,2.986,3.042,2.983
2022-06-09,30215.2793,30609.31055,30020.26562,30111.99805,1.071765,1.077006,1.064713,1.071765,1853.53003,1855.52002,1839.59998,1847.6095,1853.53003,1855.52002,1839.59998,1847.6095,2.3753e-05,2.38095e-05,2.3753e-05,2.3753e-05,2.3753e-05,2.38095e-05,2.3753e-05,2.3753e-05,56.5,56.65,55.78,55.8,3797700,56.5,56.65,55.78,55.8,3797700,443.42001,443.54999,432.5,432.72,995100,470.26001,471.25,462.42999,462.92001,843500,470.26001,471.25,462.42999,462.92001,843500,119.09,120.11,120.4,118.52,122090.0,-0.58,9.13,9.16,8.67,8.68,30527400,305.91,309.049988,299.23001,299.39999,55900500,98.33,99.17,97.32,97.38,4566900,98.33,99.17,97.32,97.38,4566900,409.34,411.73999,401.44,401.44,86289800,409.34,411.73999,401.44,401.44,86289800,32.099998,32.2,31.61,31.61,2593500,3.046,3.034,3.073,3.007,3.046,3.034,3.073,3.007
2022-06-10,30110.33008,30245.80859,28978.14648,29083.80469,1.061921,1.064215,1.050773,1.061921,1848.085083,1876.47498,1825.015015,1870.95996,1848.085083,1876.47498,1825.015015,1870.95996,2.38095e-05,2.38095e-05,2.38095e-05,2.38095e-05,2.38095e-05,2.38095e-05,2.38095e-05,2.38095e-05,55.29,55.36,54.71,54.79,12990600,55.29,55.36,54.71,54.79,12990600,431.0,434.35001,425.75,430.19,1165700,459.35001,465.84,453.0,463.82001,964400,459.35001,465.84,453.0,463.82001,964400,118.12,119.07,120.15,115.84,133850.0,-0.81,8.48,8.58,8.14,8.26,30225800,293.64999,294.87,288.38,288.84,85963500,95.82,96.69,94.45,95.49,5615900,95.82,96.69,94.45,95.49,5615900,394.88,395.78,389.75,389.79999,132893900,394.88,395.78,389.75,389.79999,132893900,31.0,31.02,30.74,30.88,3358000,3.165,3.055,3.178,2.99,3.165,3.055,3.178,2.99
2022-06-13,26737.57812,26795.58984,22141.25781,22487.38867,1.048999,1.049759,1.041905,1.048999,1875.79504,1877.37683,1818.77417,1818.77417,1875.79504,1877.37683,1818.77417,1818.77417,2.3753e-05,2.38095e-05,2.3753e-05,2.3753e-05,2.3753e-05,2.38095e-05,2.3753e-05,2.3753e-05,53.86,54.029999,53.13,53.26,6839000,53.86,54.029999,53.13,53.26,6839000,424.39999,428.35999,421.51999,423.92999,1483000,459.76999,465.76001,457.56,460.67999,1328000,459.76999,465.76001,457.56,460.67999,1328000,118.25,117.71,119.57,114.9,150050.0,0.11,7.99,8.0,7.5,7.64,40943000,279.75,282.34,274.53,275.41,94442000,93.49,93.53,91.38,91.95,5419200,93.49,93.53,91.38,91.95,5419200,379.85001,381.81,373.29999,375.0,170004900,379.85001,381.81,373.29999,375.0,170004900,30.059999,30.27,29.77,29.95,7253200,3.362,3.172,3.44,3.155,3.362,3.172,3.44,3.155
2022-06-14,22487.98633,23018.95117,20950.81836,22206.79297,1.041515,1.04824,1.039825,1.041515,1819.099976,1832.19495,1804.65002,1808.099976,1819.099976,1832.19495,1804.65002,1808.099976,2.38095e-05,2.38095e-05,2.38095e-05,2.38095e-05,2.38095e-05,2.38095e-05,2.38095e-05,2.38095e-05,53.3,53.48,52.5,52.9,5854000,53.3,53.48,52.5,52.9,5854000,424.01001,424.16,411.10999,416.17001,1497800,459.97,462.95999,448.54001,454.45999,818500,459.97,462.95999,448.54001,454.45999,818500,116.26,118.45,120.88,114.2,203950.0,-1.68,7.735,7.98,7.585,7.82,30564100,277.66,278.66,273.34,275.91,64697500,92.43,92.71,90.73,91.32,3977900,92.43,92.71,90.73,91.32,3977900,376.85001,377.94,370.59,373.87,104011800,376.85001,377.94,370.59,373.87,104011800,29.7,29.88,29.2,29.49,8151400,3.479,3.379,3.498,3.267,3.479,3.379,3.498,3.267
2022-06-15,22196.73047,22642.67188,20178.37695,22572.83984,1.044059,1.050718,1.038627,1.044059,1808.35498,1841.745,1807.23914,1833.37927,1808.35498,1841.745,1807.23914,1833.37927,2.38095e-05,2.38095e-05,2.38095e-05,2.38095e-05,2.38095e-05,2.38095e-05,2.38095e-05,2.38095e-05,52.94,53.74,52.48,53.49,12453200,52.94,53.74,52.48,53.49,12453200,417.56,419.0,408.87,414.10001,1241700,456.26001,462.64999,447.69,458.45001,874400,456.26001,462.64999,447.69,458.45001,874400,113.09,116.41,116.93,112.37,198930.0,-2.73,7.92,8.3,7.815,8.12,38235300,279.42001,286.82999,276.60999,282.79999,86051400,92.099998,93.19,90.8,92.28,4139200,92.099998,93.19,90.8,92.28,4139200,377.35999,383.89999,372.12,379.20001,125666800,377.35999,383.89999,372.12,379.20001,125666800,30.11,30.44,29.68,30.27,7630500,3.292,3.448,3.464,3.28,3.292,3.448,3.464,3.28
2022-06-16,22576.30469,22868.92188,20265.22656,20381.65039,1.04562,1.053031,1.03826,1.04562,1833.98999,1857.9137,1815.94995,1856.70752,1833.98999,1857.9137,1815.94995,1856.70752,2.38095e-05,2.38095e-05,2.38095e-05,2.38095e-05,2.38095e-05,2.38095e-05,2.38095e-05,2.38095e-05,52.52,52.99,52.25,52.64,6355200,52.52,52.99,52.25,52.64,6355200,410.42999,412.89001,403.019989,404.79001,1580300,454.64999,458.73999,447.57001,449.019989,1055200,454.64999,458.73999,447.57001,449.019989,1055200,115.25,114.09,115.73,110.43,291850.0,1.91,7.84,7.985,7.58,7.67,36793500,275.59,276.059998,269.28,271.39001,81910300,91.050003,91.18,89.010002,89.52,4517700,91.050003,91.18,89.010002,89.52,4517700,370.51001,370.94,364.079987,366.64999,134473300,370.51001,370.94,364.079987,366.64999,134473300,29.61,29.87,29.47,29.63,6125700,3.195,3.303,3.495,3.178,3.195,3.303,3.495,3.178
2022-06-17,20385.71875,21243.3125,20326.51953,20471.48242,1.054685,1.055175,1.044561,1.054685,1857.33997,1858.2926,1833.72498,1839.34998,1857.33997,1858.2926,1833.72498,1839.34998,2.38095e-05,2.38095e-05,2.38095e-05,2.38095e-05,2.38095e-05,2.38095e-05,2.38095e-05,2.38095e-05,52.12,52.35,51.73,52.060001,6988500,52.12,52.35,51.73,52.060001,6988500,403.57001,405.39999,394.66,404.01001,3757100,447.0,451.73999,436.070007,443.92999,1368400,447.0,451.73999,436.070007,443.92999,1368400,107.99,114.74,116.58,106.4,426000.0,-6.3,7.7,8.33,7.69,8.24,45493900,272.17999,277.19,270.51001,274.69,82703400,89.46,90.010002,87.61,88.88,7577200,89.46,90.010002,87.61,88.88,7577200,365.51001,369.38,362.17001,365.85999,111113900,365.51001,369.38,362.17001,365.85999,111113900,29.6,29.71,29.11,29.18,14889000,3.231,3.227,3.313,3.194,3.231,3.227,3.313,3.194
2022-06-21,20594.29492,21620.62891,20415.0625,20710.59766,1.052078,1.05819,1.051425,1.052078,1838.37415,1844.14502,1828.28503,1832.55847,1838.37415,1844.14502,1828.28503,1832.55847,2.3753e-05,2.38095e-05,2.3753e-05,2.3753e-05,2.3753e-05,2.38095e-05,2.3753e-05,2.3753e-05,52.43,52.75,52.43,52.6,4359800,52.43,52.75,52.43,52.6,4359800,412.0,420.5,409.01001,418.95999,1474400,448.64001,464.78,448.62,463.76999,780500,448.64001,464.78,448.62,463.76999,780500,109.52,108.75,111.16,106.82,427260.0,0.62,8.59,9.05,8.56,8.71,48887600,278.75,283.45001,278.64001,281.079987,51633700,90.85,93.35,90.11,92.92,5834200,90.85,93.35,90.11,92.92,5834200,371.89001,376.53,371.81,375.070007,76811900,371.89001,376.53,371.81,375.070007,76811900,29.99,30.049999,29.89,29.95,5452100,3.279,3.275,3.317,3.258,3.279,3.275,3.317,3.258
2022-06-22,20719.41406,20835.75,19848.07813,19987.0293,1.053264,1.060288,1.047186,1.053264,1832.95996,1848.44495,1823.23499,1837.38635,1832.95996,1848.44495,1823.23499,1837.38635,2.38095e-05,2.38095e-05,2.36967e-05,2.38095e-05,2.38095e-05,2.38095e-05,2.36967e-05,2.38095e-05,52.12,52.7,52.11,52.34,4038700,52.12,52.7,52.11,52.34,4038700,414.059998,420.42001,411.79001,415.45001,1073300,454.22,464.01001,453.01001,458.60999,539800,454.22,464.01001,453.01001,458.60999,539800,103.99,107.33,107.56,99.66,141200.0,-5.05,8.52,9.285,8.45,9.01,43430600,278.51999,285.17999,277.91,280.67001,67472900,91.2,93.82,91.080002,92.56,4481500,91.2,93.82,91.080002,92.56,4481500,370.62,378.72,370.17999,374.39001,90059400,370.62,378.72,370.17999,374.39001,90059400,29.5,29.9,29.46,29.62,2951900,3.16,3.284,3.284,3.124,3.16,3.284,3.284,3.124
2022-06-23,19986.60742,21135.76172,19950.11719,21085.87695,1.056412,1.058067,1.048449,1.056412,1837.87,1846.19495,1821.875,1822.42932,1837.87,1846.19495,1821.875,1822.42932,2.36967e-05,2.38095e-05,2.36967e-05,2.36967e-05,2.36967e-05,2.38095e-05,2.36967e-05,2.36967e-05,52.61,52.82,52.29,52.66,4152200,52.61,52.82,52.29,52.66,4152200,415.37,416.26999,407.17999,410.62,988700,458.45001,460.64999,449.45001,456.23999,614400,458.45001,460.64999,449.45001,456.23999,614400,101.58,102.53,104.62,100.24,120060.0,-2.32,9.02,9.5,8.84,9.46,44618000,283.20999,285.72,280.31,284.85001,57457800,92.5,93.32,90.77,91.76,3310500,92.5,93.32,90.77,91.76,3310500,376.64001,378.82999,372.89001,378.059998,79292100,376.64001,378.82999,372.89001,378.059998,79292100,29.51,29.57,29.15,29.44,2587800,3.089,3.152,3.175,3.005,3.089,3.152,3.175,3.005
2022-06-24,21084.64844,21472.91797,20777.51172,21231.65625,1.052011,1.056915,1.05137,1.052011,1822.88,1832.14502,1816.69995,1826.18005,1822.88,1832.14502,1816.69995,1826.18005,2.38095e-05,2.38095e-05,2.38095e-05,2.38095e-05,2.38095e-05,2.38095e-05,2.38095e-05,2.38095e-05,53.02,53.74,53.02,53.7,5458600,53.02,53.74,53.02,53.7,5458600,415.84,419.48001,410.67999,419.040009,1768000,460.0,464.41,455.60001,463.70001,807800,460.0,464.41,455.60001,463.70001,807800,104.45,101.31,105.44,100.84,116650.0,2.83,9.53,10.2,9.48,10.19,67740700,287.73999,295.040009,287.5,294.60999,58422300,92.5,94.37,91.88,94.2,4782200,92.5,94.37,91.88,94.2,4782200,381.39999,390.089996,381.37,390.079987,98050300,381.39999,390.089996,381.37,390.079987,98050300,29.9,30.39,29.87,30.38,2511000,3.138,3.079,3.141,3.039,3.138,3.079,3.141,3.039
2022-06-27,21028.23828,21478.08984,20620.19922,20735.47852,1.056613,1.061425,1.055086,1.056613,1838.14502,1841.34497,1820.40002,1822.72998,1838.14502,1841.34497,1820.40002,1822.72998,2.36967e-05,2.36967e-05,2.36967e-05,2.36967e-05,2.36967e-05,2.36967e-05,2.36967e-05,2.36967e-05,53.4,53.5,53.17,53.23,4542800,53.4,53.5,53.17,53.23,4542800,419.040009,423.19,417.47,419.25,779000,461.38,468.88,461.28,466.82001,542600,461.38,468.88,461.28,466.82001,542600,106.38,104.37,107.28,102.48,90130.0,1.85,10.15,10.16,9.51,9.62,44768000,296.0,296.57999,291.29001,292.45001,54151500,94.44,95.050003,93.84,94.81,2942600,94.44,95.050003,93.84,94.81,2942600,391.049988,391.35999,387.44,388.59,66009600,391.049988,391.35999,387.44,388.59,66009600,30.32,30.55,30.25,30.34,1746900,3.202,3.134,3.219,3.121,3.202,3.134,3.219,3.121
2022-06-28,20731.54492,21164.42383,20228.8125,20280.63477,1.058089,1.060502,1.050575,1.058089,1822.84998,1830.094971,1818.19995,1819.69495,1822.84998,1830.094971,1818.19995,1819.69495,2.36967e-05,2.3753e-05,2.36967e-05,2.36967e-05,2.36967e-05,2.3753e-05,2.36967e-05,2.36967e-05,53.92,54.060001,53.11,53.15,4698900,53.92,54.060001,53.11,53.15,4698900,423.0,427.56,419.35001,420.70999,953300,468.13,473.82001,464.17001,464.67001,583200,468.13,473.82001,464.17001,464.67001,583200,108.89,107.0,109.31,106.59,107610.0,2.36,9.57,9.88,9.19,9.31,45589000,293.0,295.64999,283.35001,283.54001,61609800,95.43,96.79,93.68,93.78,3358800,95.43,96.79,93.68,93.78,3358800,390.23001,393.16,380.53,380.64999,86548900,390.23001,393.16,380.53,380.64999,86548900,30.55,30.7,30.26,30.26,3558000,3.177,3.202,3.259,3.171,3.177,3.202,3.259,3.171
2022-06-29,20281.16992,20364.15625,19937.79102,20104.02344,1.052355,1.05363,1.046803,1.052355,1819.95496,1833.245,1812.099976,1817.10901,1819.95496,1833.245,1812.099976,1817.10901,2.36967e-05,2.3753e-05,2.36967e-05,2.36967e-05,2.36967e-05,2.3753e-05,2.36967e-05,2.36967e-05,53.02,53.099998,52.75,52.91,3677700,53.02,53.099998,52.75,52.91,3677700,423.059998,424.41,416.42999,418.89001,733800,468.0,468.0,459.32001,461.81,586900,468.0,468.0,459.32001,461.81,586900,107.01,109.0,111.14,106.45,101280.0,-1.73,9.35,9.42,9.07,9.23,40408700,283.39999,285.34,280.84,283.79999,57302700,94.22,94.3,92.3,93.3,2504100,94.22,94.3,92.3,93.3,2504100,381.23001,382.26999,378.42001,380.34,65676000,381.23001,382.26999,378.42001,380.34,65676000,30.36,30.4,30.16,30.19,2218000,3.087,3.179,3.187,3.087,3.087,3.179,3.187,3.087
2022-06-30,20108.3125,20141.16016,18729.65625,19784.72656,1.044659,1.047878,1.038389,1.044659,1817.80005,1825.89502,1802.19995,1806.88696,1817.80005,1825.89502,1802.19995,1806.88696,2.36967e-05,2.3753e-05,2.36967e-05,2.36967e-05,2.36967e-05,2.3753e-05,2.36967e-05,2.36967e-05,52.31,52.88,52.11,52.83,6955700,52.31,52.88,52.11,52.83,6955700,418.16,430.32001,416.88,429.95999,1269500,458.10999,480.049988,458.10999,478.57001,1355000,458.10999,480.049988,458.10999,478.57001,1355000,103.1,106.67,107.76,102.68,156010.0,-3.65,9.02,9.19,8.72,9.07,33636400,280.75,283.94,275.78,280.28,79313600,92.97,96.27,92.71,96.11,6319100,92.97,96.27,92.71,96.11,6319100,376.23999,380.66,372.56,377.25,112508300,376.23999,380.66,372.56,377.25,112508300,29.65,29.99,29.52,29.96,4673100,3.017,3.078,3.108,2.97,3.017,3.078,3.108,2.97
2022-07-01,19820.4707,20632.67188,19073.70898,19269.36719,1.047768,1.04779,1.036989,1.047768,1807.31006,1812.094971,1784.099976,1810.18005,1807.31006,1812.094971,1784.099976,1810.18005,2.36967e-05,2.3753e-05,2.36967e-05,2.36967e-05,2.36967e-05,2.3753e-05,2.36967e-05,2.36967e-05,52.34,53.080002,52.29,53.049999,5005300,52.34,53.080002,52.29,53.049999,5005300,429.73999,434.95999,424.48001,433.51999,1296900,478.57001,487.89999,473.63,486.37,607000,478.57001,487.89999,473.63,486.37,607000,105.39,103.33,106.26,101.94,99690.0,2.22,9.11,9.43,9.031,9.27,33483300,278.95001,282.53,277.029999,282.13,56675100,96.050003,97.32,95.34,97.019997,4221000,96.050003,97.32,95.34,97.019997,4221000,376.56,381.70001,373.79999,381.23999,74839700,376.56,381.70001,373.79999,381.23999,74839700,29.42,29.91,29.23,29.89,2771600,2.889,3.024,3.028,2.791,2.889,3.024,3.028,2.791
2022-07-05,20225.35352,20635.4668,19341.23242,20190.11523,1.043319,1.044856,1.02373,1.043319,1808.73547,1812.41504,1763.48499,1764.35278,1808.73547,1812.41504,1763.48499,1764.35278,2.36967e-05,2.3753e-05,2.36967e-05,2.36967e-05,2.36967e-05,2.3753e-05,2.36967e-05,2.36967e-05,52.2,52.74,52.060001,52.71,5572000,52.2,52.74,52.060001,52.71,5572000,424.79001,425.76999,407.20999,415.25,1712800,479.059998,480.20001,455.45999,464.35999,1254400,479.059998,480.20001,455.45999,464.35999,1254400,96.52,105.6,108.28,94.62,199370.0,-12.57,9.14,10.1,9.0,10.07,55854800,278.31,287.079987,276.75,286.95999,61829300,94.92,95.45,91.41,92.92,4938700,94.92,95.45,91.41,92.92,4938700,375.88,381.98001,372.89999,381.95999,81438000,375.88,381.98001,372.89999,381.95999,81438000,28.9,29.02,28.55,29.01,4124800,2.818,2.93,2.978,2.78,2.818,2.93,2.978,2.78
2022-07-06,20194.61914,20595.5293,19823.51172,20548.24609,1.025767,1.02739,1.016219,1.025767,1764.87,1773.060059,1731.75,1738.30347,1764.87,1773.060059,1731.75,1738.30347,2.36967e-05,2.3753e-05,2.36967e-05,2.36967e-05,2.36967e-05,2.3753e-05,2.36967e-05,2.36967e-05,52.73,52.78,52.4,52.7,4402500,52.73,52.78,52.4,52.7,4402500,416.89999,427.85999,415.28,425.89001,1044900,464.89001,484.95999,463.48999,481.87,899600,464.89001,484.95999,463.48999,481.87,899600,94.98,97.44,99.11,92.18,166600.0,-1.6,10.01,10.31,9.74,9.8,54604300,287.35001,290.95001,285.59,288.79999,63194700,93.0,94.72,92.24,93.92,4294700,93.0,94.72,92.24,93.92,4294700,382.10999,385.87,379.60001,383.25,70426200,382.10999,385.87,379.60001,383.25,70426200,29.049999,29.15,28.82,29.14,4000200,2.934,2.825,2.935,2.746,2.934,2.825,2.935,2.746
2022-07-07,20547.81445,21771.81641,20296.10352,21637.58789,1.018641,1.02192,1.015332,1.018641,1738.93005,1749.13953,1735.94995,1739.61145,1738.93005,1749.13953,1735.94995,1739.61145,2.36967e-05,2.3753e-05,2.36967e-05,2.36967e-05,2.36967e-05,2.3753e-05,2.36967e-05,2.36967e-05,53.13,53.5,53.13,53.45,4022100,53.13,53.5,53.13,53.45,4022100,424.48001,428.0,419.54999,422.19,1177100,480.0,486.85999,478.51001,479.38,612700,480.0,486.85999,478.51001,479.38,612700,99.25,94.62,100.78,93.0,144920.0,4.5,9.76,10.28,9.75,10.18,35672500,289.63,295.70001,289.63,294.98001,56620100,94.55,95.0,93.81,93.94,3212600,94.55,95.0,93.81,93.94,3212600,385.12,389.82999,383.26999,388.98999,64525900,385.12,389.82999,383.26999,388.98999,64525900,29.37,29.6,29.37,29.6,2369600,3.0,2.932,3.017,2.897,3.0,2.932,3.017,2.897
2022-07-08,21637.1543,22314.94141,21257.45312,21731.11719,1.016984,1.019108,1.0079731,1.016984,1740.050049,1752.49622,1733.245,1741.81995,1740.050049,1752.49622,1733.245,1741.81995,2.36967e-05,2.3753e-05,2.36967e-05,2.36967e-05,2.36967e-05,2.3753e-05,2.36967e-05,2.36967e-05,53.48,53.84,53.38,53.72,3224700,53.48,53.84,53.38,53.72,3224700,425.54001,426.97,419.97,420.35001,682000,480.64001,483.20999,478.60999,480.42999,380900,480.64001,483.20999,478.60999,480.42999,380900,101.53,98.92,101.97,98.4,124090.0,2.3,9.92,10.38,9.83,10.17,36693200,292.079987,296.75,291.12,295.35001,59895500,94.29,95.72,93.94,95.12,2763200,94.29,95.72,93.94,95.12,2763200,387.26999,390.64001,385.66,388.67001,72397800,387.26999,390.64001,385.66,388.67001,72397800,29.42,29.61,29.27,29.49,14246600,3.08,3.0,3.101,2.967,3.08,3.0,3.101,2.967
2022-07-11,20856.35352,20856.35352,19924.53906,19970.55664,1.016611,1.016777,1.0054293,1.016611,1742.85999,1744.91504,1731.01001,1733.67261,1742.85999,1744.91504,1731.01001,1733.67261,2.36967e-05,2.3753e-05,2.36967e-05,2.36967e-05,2.36967e-05,2.3753e-05,2.36967e-05,2.36967e-05,53.34,53.4,52.93,52.99,2243900,53.34,53.4,52.93,52.99,2243900,417.89999,423.0,415.38,419.070007,602600,478.62,481.76999,472.60001,475.51001,497200,478.62,481.76999,472.60001,475.51001,497200,101.21,101.33,102.0,97.94,142490.0,-0.32,9.98,9.994,9.53,9.56,34015100,292.88,293.10999,288.14001,289.040009,55273900,94.29,95.14,94.050003,94.71,2501400,94.29,95.14,94.050003,94.71,2501400,385.85001,386.87,383.5,384.23001,58366900,385.85001,386.87,383.5,384.23001,58366900,29.17,29.32,29.030001,29.15,9049300,2.993,3.097,3.103,2.967,2.993,3.097,3.103,2.967
2022-07-12,19970.47461,20043.44531,19308.53125,19323.91406,1.0047525,1.0073842,1.00011003,1.0047525,1733.995,1743.495,1722.93005,1725.80603,1733.995,1743.495,1722.93005,1725.80603,2.36967e-05,2.3753e-05,2.36967e-05,2.36967e-05,2.36967e-05,2.3753e-05,2.36967e-05,2.36967e-05,52.84,53.29,52.84,53.0099983,3076900,52.84,53.29,52.84,53.0099983,3076900,419.47,419.89001,412.60001,413.98999,680500,476.67999,478.41,467.48001,468.88,534800,476.67999,478.41,467.48001,468.88,534800,93.31,100.57,100.57,92.83,191250.0,-7.81,9.66,9.96,9.27,9.49,42765800,290.32001,292.28,284.60999,286.23999,55797100,94.16,95.25,93.81,94.5,4667400,94.16,95.25,93.81,94.5,4667400,383.64999,386.16,378.98999,380.82999,62219200,383.64999,386.16,378.98999,380.82999,62219200,29.07,29.34,29.049999,29.17,2974500,2.971,2.989,2.989,2.899,2.971,2.989,2.989,2.899
2022-07-13,19325.97266,20223.05273,18999.95312,20212.07422,1.0033109,1.011624,0.99988997,1.0033109,1726.16504,1745.53503,1707.375,1735.23145,1726.16504,1745.53503,1707.375,1735.23145,2.36967e-05,2.3753e-05,2.36967e-05,2.36967e-05,2.36967e-05,2.3753e-05,2.36967e-05,2.36967e-05,52.26,52.87,52.2,52.73,2901900,52.26,52.87,52.2,52.73,2901900,409.10999,417.76999,407.73001,408.0,1155500,464.97,476.91,464.0,465.20001,531500,464.97,476.91,464.0,465.20001,531500,93.83,93.3,95.34,91.14,187170.0,0.56,9.22,9.55,9.05,9.28,32461300,280.60001,288.049988,280.019989,285.64999,73939400,92.81,94.33,91.71,91.81,5653700,92.81,94.33,91.71,91.81,5653700,375.10001,381.92001,374.66,378.82999,84224600,375.10001,381.92001,374.66,378.82999,84224600,28.83,29.26,28.78,29.11,2161600,2.935,2.965,3.071,2.899,2.935,2.965,3.071,2.899
2022-07-14,20211.4668,20789.89453,19689.25781,20569.91992,1.0032706,1.0049241,0.99536163,1.0032706,1735.69556,1736.93665,1697.48499,1709.4491,1735.69556,1736.93665,1697.48499,1709.4491,2.36967e-05,2.3753e-05,2.36967e-05,2.36967e-05,2.36967e-05,2.3753e-05,2.36967e-05,2.36967e-05,51.8,52.28,51.56,52.21,4250700,51.8,52.28,51.56,52.21,4250700,403.19,405.37,397.51999,400.31,1160700,458.89001,461.75,454.73999,458.98999,571400,458.89001,461.75,454.73999,458.98999,571400,92.83,94.14,94.49,88.23,255520.0,-1.07,9.23,9.28,8.85,8.9,26702100,282.98999,287.56,279.79999,286.67001,63741800,90.040001,90.7,89.050003,90.080002,5029700,90.040001,90.7,89.050003,90.080002,5029700,373.60999,379.049988,371.040009,377.91,89704800,373.60999,379.049988,371.040009,377.91,89704800,28.39,28.53,28.16,28.51,2472800,2.958,2.941,3.028,2.911,2.958,2.941,3.028,2.911
2022-07-15,20573.15625,21138.24414,20397.0,20836.32812,1.0025666,1.0097951,1.0010611,1.0025666,1709.81494,1716.92004,1698.81995,1706.78003,1709.81494,1716.92004,1698.81995,1706.78003,2.36967e-05,2.3753e-05,2.36967e-05,2.36967e-05,2.36967e-05,2.3753e-05,2.36967e-05,2.36967e-05,52.47,52.77,52.31,52.76,5483100,52.47,52.77,52.31,52.76,5483100,403.70999,403.70999,397.81,398.38,1223200,463.0,463.17999,455.01001,461.20001,1451900,463.0,463.17999,455.01001,461.20001,1451900,94.57,93.51,96.05,91.64,189250.0,1.87,9.01,9.12,8.65,9.04,34887900,289.73001,291.98001,288.079987,291.87,63818100,91.0,91.46,90.3,91.23,3965200,91.0,91.46,90.3,91.23,3965200,382.54999,385.25,380.54001,385.13,79060400,382.54999,385.25,380.54001,385.13,79060400,28.75,29.049999,28.65,29.040001,2023600,2.928,2.956,2.973,2.899,2.928,2.956,2.973,2.899
2022-07-18,20781.91211,22633.0332,20781.91211,22485.68945,1.0096319,1.019888,1.0082374,1.0096319,1707.94495,1724.045044,1705.8938,1709.011841,1707.94495,1724.045044,1705.8938,1709.011841,2.36967e-05,2.3753e-05,2.36967e-05,2.36967e-05,2.36967e-05,2.3753e-05,2.36967e-05,2.36967e-05,53.16,53.34,52.8,52.86,3237100,53.16,53.34,52.8,52.86,3237100,399.97,400.0,387.029999,387.28,2759700,463.0,464.39001,448.20001,449.26001,706200,463.0,464.39001,448.20001,449.26001,706200,99.42,94.34,99.62,92.88,291700.0,5.13,9.25,9.45,9.0050001,9.03,32428400,294.72,296.16,288.20001,289.39999,59519600,92.24,92.32,89.48,89.8,5364300,92.24,92.32,89.48,89.8,5364300,388.38,389.089996,380.66,381.95001,63203600,388.38,389.089996,380.66,381.95001,63203600,29.55,29.64,29.2,29.25,2661400,2.989,2.919,3.019,2.911,2.989,2.919,3.019,2.911
2022-07-19,22467.84961,23666.96289,21683.40625,23389.43359,1.014518,1.026821,1.012566,1.014518,1709.27002,1718.64001,1704.95996,1711.065552,1709.27002,1718.64001,1704.95996,1711.065552,2.36967e-05,2.3753e-05,2.36967e-05,2.36967e-05,2.36967e-05,2.3753e-05,2.36967e-05,2.36967e-05,53.34,53.66,53.33,53.62,3139300,53.34,53.66,53.33,53.62,3139300,378.82001,390.57001,373.67001,390.38,3023800,444.10001,458.26001,443.13,457.39001,751300,444.10001,458.26001,443.13,457.39001,751300,100.74,98.86,100.99,96.52,327210.0,1.33,9.15,9.37,8.89,9.34,29033800,293.10999,298.60001,291.47,298.29999,55172600,89.26,94.010002,89.21,93.82,5027600,89.26,94.010002,89.21,93.82,5027600,386.079987,392.87,385.39001,392.26999,78506000,386.079987,392.87,385.39001,392.26999,78506000,29.74,29.94,29.73,29.89,1953900,3.028,2.986,3.038,2.956,3.028,2.986,3.038,2.956
2022-07-20,23393.19141,24196.81836,23009.94922,23231.73242,1.023133,1.02719,1.017594,1.023133,1711.29504,1714.94495,1692.5332,1696.43298,1711.29504,1714.94495,1692.5332,1696.43298,2.36967e-05,2.3753e-05,2.36967e-05,2.36967e-05,2.36967e-05,2.3753e-05,2.36967e-05,2.36967e-05,53.91,54.080002,53.7,53.85,3041300,53.91,54.080002,53.7,53.85,3041300,390.66,397.48001,385.67001,395.22,1560300,458.0,460.76999,452.14001,456.070007,593900,458.0,460.76999,452.14001,456.070007,593900,99.88,100.34,100.72,98.16,315620.0,-0.85,9.44,10.2,9.44,10.11,40845200,298.73001,304.23999,297.92999,303.029999,67769400,93.6,95.14,93.13,94.83,3849200,93.6,95.14,93.13,94.83,3849200,392.47,396.26001,391.029999,394.76999,71843800,392.47,396.26001,391.029999,394.76999,71843800,29.77,29.81,29.45,29.59,3185000,3.03,3.028,3.042,2.943,3.03,3.028,3.042,2.943
2022-07-21,23233.20117,23388.32227,22431.14844,23164.62891,1.018278,1.027538,1.016312,1.018278,1696.72998,1720.69495,1680.77502,1718.49243,1696.72998,1720.69495,1680.77502,1718.49243,2.36967e-05,2.3753e-05,2.36967e-05,2.36967e-05,2.36967e-05,2.3753e-05,2.36967e-05,2.36967e-05,53.91,54.55,53.91,54.53,3068400,53.91,54.55,53.91,54.53,3068400,394.32001,395.54999,389.64001,395.20001,941000,454.32001,455.14001,448.79999,453.79999,528500,454.32001,455.14001,448.79999,453.79999,528500,93.78,96.88,96.93,91.84,106700.0,-6.11,10.37,10.76,10.22,10.49,51691200,303.5,307.44,300.78,307.38,55049400,94.58,95.040001,93.58,94.89,3124500,94.58,95.040001,93.58,94.89,3124500,394.16,398.84,391.63,398.79001,64903900,394.16,398.84,391.63,398.79001,64903900,29.25,29.76,29.2,29.71,1973500,2.882,3.021,3.083,2.871,2.882,3.021,3.083,2.871
2022-07-22,23163.75195,23671.92773,22603.41602,22714.97852,1.022108,1.025515,1.013397,1.022108,1718.61011,1739.28406,1712.92908,1726.45996,1718.61011,1739.28406,1712.92908,1726.45996,2.36967e-05,2.3753e-05,2.36967e-05,2.36967e-05,2.36967e-05,2.3753e-05,2.36967e-05,2.36967e-05,55.0,55.24,54.49,54.7,4480400,55.0,55.24,54.49,54.7,4480400,399.95001,401.97,393.45999,394.73999,769400,457.37,463.26001,450.01001,451.85001,864700,457.37,463.26001,450.01001,451.85001,864700,92.43,93.78,95.24,91.77,106600.0,-1.44,10.35,10.57,9.73,9.84,38889900,306.42999,308.54999,300.12,301.98999,57127700,95.15,95.71,93.96,94.21,3254200,95.15,95.71,93.96,94.21,3254200,398.92001,400.17999,392.75,395.089996,72197300,398.92001,400.17999,392.75,395.089996,72197300,29.78,29.95,29.5,29.64,2134000,2.754,2.878,2.904,2.732,2.754,2.878,2.904,2.732
2022-07-25,22607.15625,22649.12109,21361.64258,21361.70117,1.020023,1.025641,1.01806,1.020023,1728.14502,1736.42505,1714.57495,1718.78003,1728.14502,1736.42505,1714.57495,1718.78003,2.36967e-05,2.3753e-05,2.36967e-05,2.36967e-05,2.36967e-05,2.3753e-05,2.36967e-05,2.36967e-05,54.68,54.77,54.5,54.69,2552800,54.68,54.77,54.5,54.69,2552800,394.37,403.73001,393.63,399.79999,1038300,451.89001,459.73999,451.10999,453.32001,826500,451.89001,459.73999,451.10999,453.32001,826500,94.42,92.83,94.62,90.79,92700.0,2.15,9.83,9.85,9.52,9.68,21485000,302.019989,302.5,298.22,300.26999,40582400,94.61,95.41,94.029999,94.57,4769200,94.61,95.41,94.029999,94.57,4769200,395.75,396.47,393.20999,395.57001,53631500,395.75,396.47,393.20999,395.57001,53631500,30.0,30.07,29.86,30.059999,2557200,2.807,2.783,2.845,2.772,2.807,2.783,2.845,2.772
2022-07-26,21361.12109,21361.12109,20776.81641,21239.75391,1.022495,1.024905,1.011398,1.022495,1719.68994,1728.36084,1713.19995,1717.000488,1719.68994,1728.36084,1713.19995,1717.000488,2.36967e-05,2.3753e-05,2.36967e-05,2.36967e-05,2.36967e-05,2.3753e-05,2.36967e-05,2.36967e-05,54.44,54.53,54.07,54.09,3191800,54.44,54.53,54.07,54.09,3191800,400.17999,402.98001,396.57001,396.81,992400,453.14999,455.10999,444.31,444.64999,702500,453.14999,455.10999,444.31,444.64999,702500,92.88,93.95,96.6,92.64,89070.0,-1.63,9.66,9.66,9.38,9.4,21997800,298.53,298.79001,293.54001,294.37,50074100,92.51,93.37,90.19,90.24,8253200,92.51,93.37,90.19,90.24,8253200,393.84,394.059998,389.95001,390.89001,52946400,393.84,394.059998,389.95001,390.89001,52946400,29.99,30.059999,29.88,29.88,3062700,2.803,2.801,2.81,2.707,2.803,2.801,2.81,2.707
2022-07-27,21244.16992,22986.5293,21070.80664,22930.54883,1.012956,1.017191,1.010744,1.012956,1717.41003,1740.59998,1711.46448,1733.89221,1717.41003,1740.59998,1711.46448,1733.89221,2.37248e-05,2.3753e-05,2.37248e-05,2.3753e-05,2.37248e-05,2.3753e-05,2.37248e-05,2.3753e-05,54.58,55.25,54.47,55.18,3820100,54.58,55.25,54.47,55.18,3820100,397.79001,399.25,394.0,398.54001,838600,445.57999,447.67001,441.39999,445.81,744600,445.57999,447.67001,441.39999,445.81,744600,95.29,93.51,96.53,92.3,105400.0,2.59,9.67,10.03,9.5,10.02,29810900,299.040009,308.54001,298.45999,306.81,69304400,90.83,90.83,89.059998,90.27,5558900,90.83,90.83,89.059998,90.27,5558900,394.35999,402.88,394.049988,401.040009,82342100,394.35999,402.88,394.049988,401.040009,82342100,30.2,30.64,30.1,30.6,4834900,2.785,2.801,2.82,2.723,2.785,2.801,2.82,2.723
2022-07-28,22933.64062,24110.4707,22722.26562,23843.88672,1.020929,1.023311,1.011572,1.020929,1734.60999,1757.42505,1733.59497,1755.10815,1734.60999,1757.42505,1733.59497,1755.10815,2.3753e-05,2.3753e-05,2.37248e-05,2.37248e-05,2.3753e-05,2.3753e-05,2.37248e-05,2.37248e-05,55.43,55.72,55.060001,55.63,3916100,55.43,55.72,55.060001,55.63,3916100,399.14999,406.76999,396.14001,406.079987,1014600,438.39001,455.88,433.87,454.45999,1016600,438.39001,455.88,433.87,454.45999,1016600,94.65,96.09,97.82,94.28,96140.0,-0.67,10.03,10.2,9.74,10.13,27172900,306.59,310.39999,302.75,309.81,55139900,90.25,92.67,90.25,92.39,4490900,90.25,92.67,90.25,92.39,4490900,401.89001,406.79999,398.14999,406.070007,73966600,401.89001,406.79999,398.14999,406.070007,73966600,30.4,30.56,30.16,30.5,2371000,2.671,2.759,2.827,2.649,2.671,2.759,2.827,2.649
2022-07-29,23845.21289,24294.78711,23481.17383,23804.63281,1.019233,1.025378,1.014858,1.019233,1755.81006,1768.17004,1752.18506,1765.21997,1755.81006,1768.17004,1752.18506,1765.21997,2.3753e-05,2.38095e-05,2.3753e-05,2.38095e-05,2.3753e-05,2.38095e-05,2.3753e-05,2.38095e-05,55.47,56.18,55.35,56.15,4488600,55.47,56.18,55.35,56.15,4488600,406.48999,414.14999,402.0,413.81,1493500,457.72,479.79999,456.059998,478.89999,1199000,457.72,479.79999,456.059998,478.89999,1199000,96.75,95.42,99.75,94.59,116640.0,2.22,10.01,10.35,9.92,10.35,31058100,311.39001,316.39001,309.92999,315.45999,57501000,91.98,93.39,91.89,93.21,4848400,91.98,93.39,91.89,93.21,4848400,407.57999,413.029999,406.76999,411.98999,87003700,407.57999,413.029999,406.76999,411.98999,87003700,30.49,30.92,30.45,30.91,3335700,2.658,2.678,2.728,2.618,2.658,2.678,2.728,2.618
2022-08-01,23336.71875,23464.78711,22890.79688,23314.19922,1.020825,1.027749,1.020825,1.020825,1765.045044,1775.22498,1758.047974,1771.72925,1765.045044,1775.22498,1758.047974,1771.72925,2.3753e-05,2.38095e-05,2.3753e-05,2.38095e-05,2.3753e-05,2.38095e-05,2.3753e-05,2.38095e-05,56.68,57.060001,56.57,56.87,5003000,56.68,57.060001,56.57,56.87,5003000,418.23999,428.5,416.64001,419.28,1721900,481.37,488.17001,472.22,475.63,933400,481.37,488.17001,472.22,475.63,933400,92.39,96.44,96.68,90.96,144820.0,-4.51,10.25,10.7,10.122,10.47,31694700,313.64999,318.81,312.53,315.26999,46358800,93.59,94.96,93.089996,93.24,5623100,93.59,94.96,93.089996,93.24,5623100,409.14999,413.41,408.39999,410.76999,69997500,409.14999,413.41,408.39999,410.76999,69997500,30.99,31.13,30.83,30.9,3538800,2.588,2.669,2.696,2.575,2.588,2.669,2.696,2.575
2022-08-02,23308.43359,23415.04102,22710.08398,22978.11719,1.026136,1.029315,1.018371,1.026136,1772.22998,1788.245,1759.74658,1759.74658,1772.22998,1788.245,1759.74658,1759.74658,2.3753e-05,2.38095e-05,2.3753e-05,2.3753e-05,2.3753e-05,2.38095e-05,2.3753e-05,2.3753e-05,56.39,56.51,55.78,55.79,4891900,56.39,56.51,55.78,55.79,4891900,425.01001,432.84,419.10001,428.78,2453900,481.84,488.35999,472.20001,481.049988,687400,481.84,488.35999,472.20001,481.049988,687400,93.22,92.2,95.09,91.11,133900.0,0.9,10.32,11.23,10.26,10.92,40958800,312.92001,318.54999,311.84,314.32999,48676500,93.74,94.78,92.7,93.75,4066800,93.74,94.78,92.7,93.75,4066800,409.12,413.0,406.82001,408.059998,63435400,409.12,413.0,406.82001,408.059998,63435400,30.93,30.99,30.62,30.63,2215100,2.748,2.568,2.774,2.516,2.748,2.568,2.774,2.516
2022-08-03,22981.30273,23578.65039,22747.83594,22846.50781,1.015569,1.020762,1.01232,1.015569,1760.53491,1772.89502,1754.33496,1764.896,1760.53491,1772.89502,1754.33496,1764.896,2.38095e-05,2.38095e-05,2.3753e-05,2.38095e-05,2.38095e-05,2.38095e-05,2.3753e-05,2.38095e-05,55.6,55.81,55.27,55.67,2552200,55.6,55.81,55.27,55.67,2552200,427.26999,431.76001,419.64001,429.29999,1330500,480.0,484.10999,471.019989,481.75,845000,480.0,484.10999,471.019989,481.75,845000,89.74,92.69,95.33,89.47,141600.0,-3.73,11.08,11.34,11.04,11.2,35796500,316.049988,323.73001,315.98999,322.89001,53735700,93.75,94.93,92.41,94.53,4491100,93.75,94.93,92.41,94.53,4491100,410.29999,415.67999,410.0,414.45001,67820600,410.29999,415.67999,410.0,414.45001,67820600,30.79,30.87,30.6,30.81,2125700,2.706,2.745,2.851,2.699,2.706,2.745,2.851,2.699
2022-08-04,22848.21484,23198.00977,22485.70117,22630.95703,1.015765,1.023248,1.0156,1.015765,1765.34045,1795.28503,1763.0,1790.96704,1765.34045,1795.28503,1763.0,1790.96704,2.38095e-05,2.38095e-05,2.3753e-05,2.38095e-05,2.38095e-05,2.38095e-05,2.3753e-05,2.38095e-05,55.44,55.74,55.39,55.65,2513500,55.44,55.74,55.39,55.65,2513500,430.70999,434.64999,426.89001,428.13,1126400,482.0,486.14999,477.51999,478.040009,654900,482.0,486.14999,477.51999,478.040009,654900,87.56,89.99,90.88,86.62,107060.0,-2.43,11.19,11.41,11.03,11.32,32093400,322.97,324.72,320.76999,324.39999,38973700,94.64,94.86,92.72,92.78,4443700,94.64,94.86,92.72,92.78,4443700,414.37,415.089996,412.44,414.17001,45656600,414.37,415.089996,412.44,414.17001,45656600,30.74,30.84,30.67,30.81,1746900,2.694,2.717,2.745,2.656,2.694,2.717,2.745,2.656
2022-08-05,22626.83398,23422.82812,22612.17773,23289.31445,1.024779,1.024905,1.014363,1.024779,1791.16003,1795.28503,1764.88,1774.15002,1791.16003,1795.28503,1764.88,1774.15002,2.38095e-05,2.38095e-05,2.3753e-05,2.38095e-05,2.38095e-05,2.38095e-05,2.3753e-05,2.38095e-05,55.17,55.42,55.0,55.31,3092300,55.17,55.42,55.0,55.31,3092300,425.26001,427.84,419.53,426.41,932500,475.67999,478.38,469.39001,477.59,522300,475.67999,478.38,469.39001,477.59,522300,88.08,87.04,89.72,86.06,134180.0,0.59,11.01,11.62,10.85,11.45,50139100,319.19,323.82999,318.39001,321.75,53894000,92.16,93.099998,91.84,93.029999,3320200,92.16,93.099998,91.84,93.029999,3320200,409.66,414.14999,409.60001,413.47,56814900,409.66,414.14999,409.60001,413.47,56814900,30.41,30.7,30.4,30.64,1705000,2.827,2.677,2.869,2.674,2.827,2.677,2.869,2.674
2022-08-08,23179.52734,24203.68945,23176.54688,23809.48633,1.017087,1.022181,1.016002,1.017087,1773.57495,1790.255,1770.93506,1788.52393,1773.57495,1790.255,1770.93506,1788.52393,2.38095e-05,2.38095e-05,2.3753e-05,2.3753e-05,2.38095e-05,2.38095e-05,2.3753e-05,2.3753e-05,55.68,55.92,55.26,55.29,4977500,55.68,55.92,55.26,55.29,4977500,427.5,429.37,421.67999,423.85999,814800,478.95001,480.079987,465.78,470.049988,614100,478.95001,480.079987,465.78,470.049988,614100,89.93,87.52,90.06,86.33,130080.0,2.1,9.77,10.4,9.71,9.82,125272600,322.69,326.47,319.20999,320.70999,43878500,93.7,93.7,90.96,91.2,4607400,93.7,93.7,90.96,91.2,4607400,415.25,417.62,411.82999,412.98999,53886100,415.25,417.62,411.82999,412.98999,53886100,30.95,31.02,30.69,30.73,1667100,2.75,2.834,2.853,2.739,2.75,2.834,2.853,2.739
2022-08-09,23811.48438,23898.61523,22982.0,23164.31836,1.019763,1.024695,1.018921,1.019763,1789.20996,1800.44995,1782.84998,1794.084595,1789.20996,1800.44995,1782.84998,1794.084595,2.38095e-05,2.38095e-05,2.3753e-05,2.38095e-05,2.38095e-05,2.38095e-05,2.3753e-05,2.38095e-05,54.96,55.02,54.68,54.74,3482900,54.96,55.02,54.68,54.74,3482900,426.95001,431.88,425.70001,428.54999,747400,473.98999,482.17999,473.01001,473.73001,667500,473.98999,482.17999,473.01001,473.73001,667500,89.67,89.87,91.8,88.29,130890.0,-0.29,9.54,9.57,9.01,9.25,58788900,318.76999,319.029999,315.42001,317.079987,39764200,91.51,92.3,91.059998,91.94,3137500,91.51,92.3,91.059998,91.94,3137500,412.22,412.75,410.22,411.35001,44931800,412.22,412.75,410.22,411.35001,44931800,30.88,30.96,30.74,30.77,3484500,2.779,2.75,2.816,2.746,2.779,2.75,2.816,2.746
2022-08-10,23162.89844,24127.41406,22771.51953,23947.64258,1.020814,1.036914,1.020304,1.020814,1794.21497,1807.89502,1787.32495,1792.12781,1794.21497,1807.89502,1787.32495,1792.12781,2.3753e-05,2.3753e-05,2.3753e-05,2.3753e-05,2.3753e-05,2.3753e-05,2.3753e-05,2.3753e-05,56.080002,56.48,56.02,56.31,4594200,56.080002,56.48,56.02,56.31,4594200,430.070007,432.25,426.34,429.98999,1409300,474.48999,475.0,469.54999,473.14001,711100,474.48999,475.0,469.54999,473.14001,711100,91.2,89.71,91.63,87.04,157220.0,1.71,9.51,9.66,9.32,9.59,46054900,324.59,326.23001,322.059998,325.92999,51459600,92.97,93.72,92.45,93.42,3351300,92.97,93.72,92.45,93.42,3351300,418.78,420.14001,416.72,419.98999,68665700,418.78,420.14001,416.72,419.98999,68665700,31.22,31.4,31.11,31.27,2124900,2.785,2.788,2.818,2.674,2.785,2.788,2.818,2.674
2022-08-11,23948.3457,24822.62891,23900.99609,23957.5293,1.030078,1.036592,1.027633,1.030078,1792.39001,1799.39502,1783.245,1789.45044,1792.39001,1799.39502,1783.245,1789.45044,2.38095e-05,2.38095e-05,2.38095e-05,2.38095e-05,2.38095e-05,2.38095e-05,2.38095e-05,2.38095e-05,56.58,56.78,56.21,56.29,3955600,56.58,56.78,56.21,56.29,3955600,429.23999,432.48999,427.20001,428.85001,949300,474.0,474.26001,467.82001,470.31,690400,474.0,474.26001,467.82001,470.31,690400,93.53,90.82,94.17,90.57,162980.0,2.55,9.76,10.05,9.4,9.42,44790900,328.31,330.35999,323.35999,324.079987,45897700,93.74,94.45,93.059998,93.15,3487900,93.74,94.45,93.059998,93.15,3487900,422.98999,424.95001,419.20999,419.98999,59489700,422.98999,424.95001,419.20999,419.98999,59489700,31.19,31.25,31.040001,31.1,5917600,2.889,2.791,2.902,2.73,2.889,2.791,2.902,2.73
2022-08-12,23957.20312,24412.56641,23657.26562,24402.81836,1.031672,1.032738,1.023961,1.031672,1790.060059,1802.86499,1784.51501,1801.76123,1790.060059,1802.86499,1784.51501,1801.76123,2.38095e-05,2.38095e-05,2.3753e-05,2.3753e-05,2.38095e-05,2.38095e-05,2.3753e-05,2.3753e-05,56.75,57.029999,56.6,57.029999,3663100,56.75,57.029999,56.6,57.029999,3663100,428.89999,434.29001,427.19,434.23999,978000,470.51999,479.76001,469.22,479.57999,701600,470.51999,479.76001,469.22,479.57999,701600,91.46,93.33,94.02,90.53,132280.0,-2.21,9.55,9.97,9.42,9.91,30495100,326.17999,330.59,325.10001,330.39001,40928400,93.28,95.07,93.28,95.010002,3652200,93.28,95.07,93.28,95.010002,3652200,422.029999,427.20999,421.029999,427.10001,61694500,422.029999,427.20999,421.029999,427.10001,61694500,30.97,31.27,30.89,31.27,6412100,2.842,2.888,2.906,2.835,2.842,2.888,2.906,2.835
2022-08-15,24318.31641,25135.58984,23839.77539,24136.97266,1.025641,1.026715,1.018226,1.025641,1802.045044,1802.53247,1772.75,1779.35901,1802.045044,1802.53247,1772.75,1779.35901,2.3753e-05,2.3753e-05,2.3753e-05,2.3753e-05,2.3753e-05,2.3753e-05,2.3753e-05,2.3753e-05,57.09,57.32,57.060001,57.26,2352500,57.09,57.32,57.060001,57.26,2352500,432.67999,439.97,429.85999,438.01001,884900,477.97,489.42001,475.089996,486.87,586100,477.97,489.42001,475.089996,486.87,586100,88.85,91.3,91.47,86.29,134210.0,-2.85,9.82,10.1,9.76,9.91,33263400,329.42001,333.57001,329.39999,333.059998,38266600,94.34,96.15,93.95,96.13,3376600,94.34,96.15,93.95,96.13,3376600,424.76999,429.41,424.70999,428.85999,54048300,424.76999,429.41,424.70999,428.85999,54048300,30.9,31.059999,30.84,31.01,1851200,2.793,2.839,2.864,2.759,2.793,2.839,2.864,2.759
2022-08-16,24126.13672,24228.41602,23733.5,23883.29102,1.016198,1.019441,1.01234,1.016198,1779.745,1783.37,1771.32996,1775.54175,1779.745,1783.37,1771.32996,1775.54175,2.38095e-05,2.38095e-05,2.38095e-05,2.38095e-05,2.38095e-05,2.38095e-05,2.38095e-05,2.38095e-05,56.62,57.029999,56.61,56.99,2498500,56.62,57.029999,56.61,56.99,2498500,436.92001,445.0,436.92001,440.16,851100,485.32999,488.60001,483.23001,485.5,500800,485.32999,488.60001,483.23001,485.5,500800,86.16,87.39,90.07,85.37,191530.0,-3.03,9.85,9.88,9.36,9.74,40603900,332.059998,334.42001,329.16,332.28,41186900,95.71,96.25,94.88,95.050003,5851000,95.71,96.25,94.88,95.050003,5851000,427.73001,431.73001,426.88,429.70001,59289000,427.73001,431.73001,426.88,429.70001,59289000,31.01,31.24,31.01,31.19,1458300,2.808,2.779,2.873,2.772,2.808,2.779,2.873,2.772
2022-08-17,23881.31641,24407.05859,23243.35352,23335.99805,1.017066,1.019784,1.014806,1.017066,1775.97986,1782.63,1759.58496,1761.050049,1775.97986,1782.63,1759.58496,1761.050049,2.38095e-05,2.38095e-05,2.3753e-05,2.38095e-05,2.38095e-05,2.38095e-05,2.3753e-05,2.38095e-05,56.7,57.11,56.48,56.81,4082000,56.7,57.11,56.48,56.81,4082000,436.13,445.48999,435.0,441.59,996500,482.72,496.29999,482.63,492.51001,852000,482.72,496.29999,482.63,492.51001,852000,87.69,86.71,88.66,85.48,187600.0,1.78,9.56,9.619,9.33,9.43,33933600,329.070007,331.42999,326.35999,328.48999,47842200,94.11,95.64,93.81,94.99,3311100,94.11,95.64,93.81,94.99,3311100,425.91,429.5,424.54001,426.64999,63563400,425.91,429.5,424.54001,426.64999,63563400,30.97,31.13,30.83,30.99,1715100,2.902,2.82,2.919,2.808,2.902,2.82,2.919,2.808
2022-08-18,23341.03906,23563.83203,23177.60156,23212.73828,1.018019,1.019368,1.011317,1.018019,1761.625,1772.59497,1755.36829,1758.19556,1761.625,1772.59497,1755.36829,1758.19556,2.38095e-05,2.38095e-05,2.3753e-05,2.3753e-05,2.38095e-05,2.38095e-05,2.3753e-05,2.3753e-05,56.75,56.78,56.44,56.61,2159700,56.75,56.78,56.44,56.61,2159700,441.91,444.57999,436.87,439.35001,866500,493.98999,497.20001,490.42999,492.88,592000,493.98999,497.20001,490.42999,492.88,592000,90.11,87.1,91.03,86.92,247560.0,2.76,9.42,9.47,9.12,9.15,26365600,328.44,330.48999,326.79001,329.28,41937200,94.85,95.019997,94.24,94.71,2694500,94.85,95.019997,94.24,94.71,2694500,426.85999,428.60999,425.5,427.89001,49023200,426.85999,428.60999,425.5,427.89001,49023200,30.96,31.0,30.8,30.92,653100,2.886,2.899,2.913,2.835,2.886,2.899,2.913,2.835
2022-08-19,23213.3125,23213.3125,20868.84766,20877.55273,1.00899,1.011225,1.0036231,1.00899,1759.29504,1759.88,1745.19495,1747.82898,1759.29504,1759.88,1745.19495,1747.82898,2.3753e-05,2.3753e-05,2.3753e-05,2.3753e-05,2.3753e-05,2.3753e-05,2.3753e-05,2.3753e-05,55.76,55.84,55.5,55.63,2351200,55.76,55.84,55.5,55.63,2351200,438.48001,440.92001,436.040009,440.029999,1013600,492.13,493.23999,487.84,490.75,606600,492.13,493.23999,487.84,490.75,606600,90.44,90.0,91.69,87.95,255420.0,0.37,9.0,9.01,8.48,8.51,40392100,326.17001,326.84,322.079987,322.85999,51770600,94.25,95.010002,93.14,93.4,5024700,94.25,95.010002,93.14,93.4,5024700,424.98001,425.26001,421.22,422.14001,68016900,424.98001,425.26001,421.22,422.14001,68016900,30.67,30.69,30.45,30.55,1210600,2.976,2.875,2.998,2.875,2.976,2.875,2.998,2.875
2022-08-22,21531.46289,21531.46289,20939.18359,21398.9082,1.0035224,1.0048232,0.99277264,1.0035224,1747.045044,1749.3075,1727.505,1735.70496,1747.045044,1749.3075,1727.505,1735.70496,2.38095e-05,2.38095e-05,2.3753e-05,2.38095e-05,2.38095e-05,2.38095e-05,2.3753e-05,2.38095e-05,55.38,55.41,54.96,55.060001,2795600,55.38,55.41,54.96,55.060001,2795600,438.51001,441.64001,431.84,432.32999,1086700,488.0,493.14001,483.73999,484.19,607700,488.0,493.14001,483.73999,484.19,607700,90.36,89.63,91.03,86.28,352670.0,-0.09,8.32,8.4,8.06,8.07,37824900,318.5,318.73999,313.53,314.35999,51098900,92.31,92.95,91.65,91.78,5769600,92.31,92.95,91.65,91.78,5769600,417.049988,417.23001,412.39999,413.35001,77695600,417.049988,417.23001,412.39999,413.35001,77695600,30.39,30.44,30.26,30.3,2554000,3.024,2.989,3.04,2.943,3.024,2.989,3.04,2.943
2022-08-23,21401.04492,21646.20312,20955.13867,21528.08789,0.99394679,1.0019037,0.99031466,0.99394679,1736.40002,1754.2821,1730.51501,1747.67456,1736.40002,1754.2821,1730.51501,1747.67456,2.3753e-05,2.3753e-05,2.3753e-05,2.3753e-05,2.3753e-05,2.3753e-05,2.3753e-05,2.3753e-05,54.98,55.76,54.94,55.19,3634800,54.98,55.76,54.94,55.19,3634800,432.92999,434.73001,430.29999,433.12,915200,482.84,485.62,479.67001,482.88,451500,482.84,485.62,479.67001,482.88,451500,93.25,90.1,93.65,90.1,92180.0,3.2,8.1,8.28,8.0,8.01,25658500,314.12,317.0,313.32999,314.10001,39497100,91.93,92.65,91.76,92.43,2633900,91.93,92.65,91.76,92.43,2633900,412.89999,415.42001,411.76999,412.35001,49105200,412.89999,415.42001,411.76999,412.35001,49105200,30.2,30.46,30.17,30.34,1266200,3.057,3.026,3.078,2.983,3.057,3.026,3.078,2.983
2022-08-24,21526.45508,21783.07617,21195.00586,21395.01953,0.99669099,0.99982005,0.99119812,0.99669099,1748.54504,1755.8844,1742.28503,1750.88818,1748.54504,1755.8844,1742.28503,1750.88818,2.38095e-05,2.38095e-05,2.38095e-05,2.38095e-05,2.38095e-05,2.38095e-05,2.38095e-05,2.38095e-05,55.060001,55.37,55.0,55.17,2006800,55.060001,55.37,55.0,55.17,2006800,433.98999,435.45001,430.94,433.70999,740200,485.20001,490.29999,484.57999,488.89001,612600,485.20001,490.29999,484.57999,488.89001,612600,94.4,93.23,94.92,92.36,92600.0,1.23,8.04,8.36,7.98,8.1,26576400,313.60999,316.87,312.98999,315.01001,38057100,92.97,93.58,92.8,93.31,3065800,92.97,93.58,92.8,93.31,3065800,412.10999,415.10999,411.39001,413.67001,49177800,412.10999,415.10999,411.39001,413.67001,49177800,30.0,30.29,30.0,30.18,1888300,3.109,3.055,3.126,3.022,3.109,3.055,3.126,3.022
2022-08-25,21395.45898,21789.63672,21362.44141,21600.9043,0.99690956,1.0030594,0.99567872,0.99690956,1751.54504,1765.92505,1749.70996,1758.43738,1751.54504,1765.92505,1749.70996,1758.43738,2.3753e-05,2.38095e-05,2.3753e-05,2.3753e-05,2.3753e-05,2.38095e-05,2.3753e-05,2.3753e-05,55.37,55.8,55.24,55.8,3034300,55.37,55.8,55.24,55.8,3034300,433.70999,438.84,432.42999,438.64001,727600,488.98999,494.60001,486.78,494.48001,375300,488.98999,494.60001,486.78,494.48001,375300,92.19,94.82,95.3,91.95,81500.0,-2.34,8.22,8.43,8.05,8.42,25635600,316.82999,320.60001,315.76001,320.57999,38098300,93.83,96.22,93.76,96.13,4257700,93.83,96.22,93.76,96.13,4257700,415.23999,419.56,414.089996,419.51001,50942300,415.23999,419.56,414.089996,419.51001,50942300,30.25,30.44,30.16,30.44,1727300,3.031,3.109,3.128,3.02,3.031,3.109,3.128,3.02
2022-08-26,21596.08594,21804.9082,20199.48242,20260.01953,0.99712831,1.0088272,0.99472791,0.99712831,1758.54504,1759.31494,1733.82996,1736.85999,1758.54504,1759.31494,1733.82996,1736.85999,2.38095e-05,2.38095e-05,2.38095e-05,2.38095e-05,2.38095e-05,2.38095e-05,2.38095e-05,2.38095e-05,55.58,55.68,54.44,54.44,4462700,55.58,55.68,54.44,54.44,4462700,440.39999,442.78,430.94,431.13,876200,493.37,496.75,484.70999,485.13,448500,493.37,496.75,484.70999,485.13,448500,92.39,92.68,93.62,90.69,100620.0,0.22,8.42,8.43,7.93,7.94,34150400,320.28,321.51001,307.35001,307.44,69047700,96.62,96.83,93.49,93.52,2805700,96.62,96.83,93.49,93.52,2805700,419.39001,419.95999,405.25,405.31,103087000,419.39001,419.95999,405.25,405.31,103087000,30.42,30.52,29.72,29.76,2946200,3.03,3.035,3.087,3.007,3.03,3.035,3.087,3.007
2022-08-29,19615.1543,20357.46289,19600.78516,20297.99414,0.99386781,1.0031096,0.99149305,0.99386781,1736.19495,1745.63,1720.079956,1737.82373,1736.19495,1745.63,1720.079956,1737.82373,2.3753e-05,2.3753e-05,2.3753e-05,2.3753e-05,2.3753e-05,2.3753e-05,2.3753e-05,2.3753e-05,53.9,54.099998,53.79,53.89,3589300,53.9,54.099998,53.79,53.89,3589300,427.66,433.89999,426.48001,429.67999,868100,480.049988,489.17001,477.10001,485.81,499500,480.049988,489.17001,477.10001,485.81,499500,96.19,92.28,96.46,91.66,85040.0,4.11,7.82,7.998,7.76,7.81,28566200,304.62,307.22,303.28,304.41,48321900,92.66,92.99,91.28,92.12,3799000,92.66,92.99,91.28,92.12,3799000,402.20001,405.84,401.20001,402.63,65370800,402.20001,405.84,401.20001,402.63,65370800,29.59,29.89,29.57,29.73,9286500,3.114,3.069,3.13,3.069,3.114,3.069,3.13,3.069
2022-08-30,20298.61133,20542.64453,19617.64062,19796.80859,1.0014019,1.0052272,0.99834275,1.0014019,1738.36499,1740.92505,1720.85498,1723.5498,1738.36499,1740.92505,1720.85498,1723.5498,2.38095e-05,2.38095e-05,2.38095e-05,2.38095e-05,2.38095e-05,2.38095e-05,2.38095e-05,2.38095e-05,54.49,54.56,53.75,53.83,4059700,54.49,54.56,53.75,53.83,4059700,429.44,430.37,424.01001,425.10999,976100,486.60001,486.75,478.64001,480.92999,573700,486.60001,486.75,478.64001,480.92999,573700,91.17,95.8,96.82,90.06,120370.0,-5.22,7.93,7.975,7.68,7.79,27189200,306.10001,306.73001,298.44,301.019989,51184500,92.39,92.51,90.33,90.83,3463000,92.39,92.51,90.33,90.83,3463000,403.85001,404.10001,396.0,398.20999,85652400,403.85001,404.10001,396.0,398.20999,85652400,29.74,29.76,29.26,29.29,3471000,3.112,3.097,3.153,3.05,3.112,3.097,3.153,3.05
2022-08-31,19799.58203,20420.99023,19799.58203,20049.76367,1.0025063,1.0077394,0.997168,1.0025063,1723.83008,1726.85999,1709.10498,1710.70496,1723.83008,1726.85999,1709.10498,1710.70496,2.3753e-05,2.3753e-05,2.3753e-05,2.3753e-05,2.3753e-05,2.3753e-05,2.3753e-05,2.3753e-05,53.96,54.11,53.59,53.59,5129200,53.96,54.11,53.59,53.59,5129200,422.35999,424.73999,420.019989,420.10999,909300,481.13,482.59,476.97,477.98999,725100,481.13,482.59,476.97,477.98999,725100,89.03,91.85,92.26,87.92,99450.0,-2.35,7.95,8.0,7.7,7.72,28691500,303.98999,304.91,299.16,299.26999,50044000,90.99,91.24,89.71,89.75,4665700,90.99,91.24,89.71,89.75,4665700,399.92999,401.23999,395.040009,395.17999,76029700,399.92999,401.23999,395.040009,395.17999,76029700,29.030001,29.19,28.9,28.91,2781300,3.196,3.108,3.198,3.091,3.196,3.108,3.198,3.091
2022-09-01,20050.49805,20198.39062,19653.96875,20127.14062,1.0039052,1.0045809,0.99173886,1.0039052,1711.094971,1711.81006,1688.34998,1696.089966,1711.094971,1711.81006,1688.34998,1696.089966,2.3753e-05,2.3753e-05,2.3753e-05,2.3753e-05,2.3753e-05,2.3753e-05,2.3753e-05,2.3753e-05,52.96,53.060001,52.59,52.95,6209700,52.96,53.060001,52.59,52.95,6209700,418.23999,423.57999,417.79999,422.60999,948800,475.95999,481.44,475.0,480.32001,564100,475.95999,481.44,475.0,480.32001,564100,86.22,88.31,89.1,85.62,85180.0,-3.16,7.61,7.62,7.22,7.49,39079700,296.72,299.78,292.95001,299.39999,57990700,89.41,89.55,87.48,88.029999,6151900,89.41,89.55,87.48,88.029999,6151900,392.89001,396.78,390.040009,396.42001,78740100,392.89001,396.78,390.040009,396.42001,78740100,28.41,28.44,28.16,28.42,5596000,3.259,3.198,3.297,3.183,3.259,3.198,3.297,3.183
2022-09-02,20126.07227,20401.56836,19814.76562,19969.77148,0.99523288,1.0033311,0.99512392,0.99523288,1696.34998,1718.31006,1694.64001,1711.43994,1696.34998,1718.31006,1694.64001,1711.43994,2.38095e-05,2.38095e-05,2.3753e-05,2.38095e-05,2.38095e-05,2.38095e-05,2.3753e-05,2.38095e-05,52.92,53.17,52.29,52.37,5161400,52.92,53.17,52.29,52.37,5161400,424.98999,425.69,417.54999,418.57001,869800,483.98999,485.37,474.73999,476.95001,512100,483.98999,485.37,474.73999,476.95001,512100,86.48,85.99,89.15,85.93,81800.0,0.3,7.67,7.67,7.35,7.4,25920500,302.34,303.75,293.51999,295.17001,64666800,88.97,89.76,87.29,87.59,4171600,88.97,89.76,87.29,87.59,4171600,400.28,401.56,390.32999,392.23999,99632100,400.28,401.56,390.32999,392.23999,99632100,28.75,28.92,28.32,28.41,3027500,3.195,3.265,3.29,3.174,3.195,3.265,3.29,3.174
2022-09-06,19817.72461,20155.26953,18800.17188,18837.66797,0.99522299,0.99853218,0.98651439,0.99522299,1710.56494,1727.245,1699.30005,1701.15308,1710.56494,1727.245,1699.30005,1701.15308,2.3753e-05,2.38095e-05,2.3753e-05,2.38095e-05,2.3753e-05,2.38095e-05,2.3753e-05,2.38095e-05,51.92,51.95,51.42,51.55,5610000,51.92,51.95,51.42,51.55,5610000,419.01001,423.26999,415.78,417.78,962500,476.79999,484.19,476.72,479.73999,569300,476.79999,484.19,476.72,479.73999,569300,86.51,86.49,89.99,85.88,104660.0,-2.75,7.45,7.46,7.17,7.28,30429400,295.66,296.60001,290.87,293.049988,57005400,87.71,88.36,86.59,87.16,4557400,87.71,88.36,86.59,87.16,4557400,393.13,394.12,388.42001,390.76001,76637400,393.13,394.12,388.42001,390.76001,76637400,28.92,29.0,28.62,28.66,2378400,3.351,3.223,3.355,3.208,3.351,3.223,3.355,3.208
2022-09-07,18837.68359,19427.17188,18644.4668,19290.32422,0.98979515,0.99552011,0.98778117,0.98979515,1701.60999,1719.81995,1690.90002,1717.69348,1701.60999,1719.81995,1690.90002,1717.69348,2.37954e-05,2.38095e-05,2.37954e-05,2.38095e-05,2.37954e-05,2.38095e-05,2.37954e-05,2.38095e-05,50.83,51.52,50.8,51.47,4663300,50.83,51.52,50.8,51.47,4663300,415.35001,420.89999,412.26001,420.14001,1255700,477.79999,488.22,475.97,487.78,512300,477.79999,488.22,475.97,487.78,512300,81.63,86.53,87.33,81.18,123250.0,-5.64,7.27,7.43,7.18,7.39,30330000,293.54001,299.98999,293.26999,298.97,49260400,86.32,87.71,85.35,87.45,5333100,86.32,87.71,85.35,87.45,5333100,390.42999,398.59,390.20001,397.78,70964200,390.42999,398.59,390.20001,397.78,70964200,28.32,28.66,28.25,28.63,2402500,3.267,3.343,3.365,3.25,3.267,3.343,3.365,3.25
2022-09-08,19289.94141,19417.35156,19076.71484,19329.83398,0.99957019,1.0029085,0.99334455,0.99957019,1718.39502,1728.79504,1703.5,1707.27502,1718.39502,1728.79504,1703.5,1707.27502,2.37954e-05,2.38095e-05,2.3753e-05,2.38095e-05,2.37954e-05,2.38095e-05,2.3753e-05,2.38095e-05,51.63,52.12,51.55,52.09,4333900,51.63,52.12,51.55,52.09,4333900,419.57001,421.070007,414.76999,419.64999,1112600,487.070007,489.82001,481.29999,489.73001,584900,487.070007,489.82001,481.29999,489.73001,584900,83.07,81.57,83.72,80.89,131420.0,1.76,7.33,7.53,7.27,7.53,26303600,296.85001,301.87,295.45001,300.51999,55649800,86.85,87.089996,85.45,86.56,5758400,86.85,87.089996,85.45,86.56,5758400,395.39001,400.85999,394.12,400.38,80821700,395.39001,400.85999,394.12,400.38,80821700,28.31,28.67,28.25,28.61,1708400,3.323,3.271,3.328,3.201,3.323,3.271,3.328,3.201
2022-09-09,19328.14062,21439.41016,19310.96289,21381.15234,1.0012015,1.011225,1.00093091,1.0012015,1708.84497,1729.94495,1708.21997,1716.050049,1708.84497,1729.94495,1708.21997,1716.050049,2.38095e-05,2.38095e-05,2.38095e-05,2.38095e-05,2.38095e-05,2.38095e-05,2.38095e-05,2.38095e-05,52.72,53.09,52.7,53.07,5370100,52.72,53.09,52.7,53.07,5370100,420.69,423.62,419.019989,421.53,1284600,489.47,495.38,486.26999,491.41,704600,489.47,495.38,486.26999,491.41,704600,86.36,82.3,86.68,82.23,139120.0,3.96,7.68,7.82,7.64,7.79,27822300,302.82999,307.60001,300.51999,307.089996,56125200,87.099998,88.36,86.49,88.040001,4126800,87.099998,88.36,86.49,88.040001,4126800,402.73999,407.51001,402.45999,406.60001,76706900,402.73999,407.51001,402.45999,406.60001,76706900,29.18,29.35,29.13,29.32,1589400,3.315,3.319,3.333,3.247,3.315,3.319,3.333,3.247
2022-09-12,21770.14844,22439.18164,21603.89648,22370.44922,1.0071406,1.01968,1.0064716,1.0071406,1717.045044,1735.37,1711.97498,1724.07019,1717.045044,1735.37,1711.97498,1724.07019,2.3753e-05,2.38095e-05,2.3753e-05,2.3753e-05,2.3753e-05,2.38095e-05,2.3753e-05,2.3753e-05,53.12,53.41,53.060001,53.09,6672600,53.12,53.41,53.060001,53.09,6672600,421.0,421.48999,417.5,418.64001,1349700,491.049988,491.10999,481.45999,482.29999,918500,491.049988,491.10999,481.45999,482.29999,918500,87.41,85.84,88.64,84.78,133780.0,1.22,7.86,8.03,7.82,8.01,30544800,308.5,311.079987,308.17999,310.73999,45905700,88.34,88.69,87.51,87.8,5437000,88.34,88.69,87.51,87.8,5437000,408.78,411.73001,408.45999,410.97,69256300,408.78,411.73001,408.45999,410.97,69256300,29.83,29.99,29.77,29.8,3785500,3.358,3.315,3.377,3.262,3.358,3.315,3.377,3.262
2022-09-13,22371.48047,22673.82031,20062.66992,20296.70703,1.012956,1.018745,0.9995802,1.012956,1724.75,1732.34497,1696.69995,1701.55396,1724.75,1732.34497,1696.69995,1701.55396,2.38095e-05,2.38095e-05,2.38095e-05,2.38095e-05,2.38095e-05,2.38095e-05,2.38095e-05,2.38095e-05,52.13,52.32,51.32,51.34,10922400,52.13,52.32,51.32,51.34,10922400,417.32001,420.79999,407.35999,409.32999,1621200,479.57001,487.39999,465.25,468.92999,836500,479.57001,487.39999,465.25,468.92999,836500,86.89,87.82,88.9,84.66,183480.0,-0.59,7.63,7.66,7.45,7.48,29770700,301.79999,303.019989,292.79001,293.70001,79562200,86.15,86.94,83.34,83.72,5867700,86.15,86.94,83.34,83.72,5867700,401.82999,403.10001,391.92001,393.10001,122947100,401.82999,403.10001,391.92001,393.10001,122947100,29.34,29.49,28.86,28.87,3755900,3.412,3.346,3.46,3.293,3.412,3.346,3.46,3.293
2022-09-14,20184.55469,20467.20117,19793.39648,20241.08984,0.99820328,1.0022751,0.99636334,0.99820328,1701.85999,1707.495,1693.255,1695.79504,1701.85999,1707.495,1693.255,1695.79504,2.38095e-05,2.38095e-05,2.38095e-05,2.38095e-05,2.38095e-05,2.38095e-05,2.38095e-05,2.38095e-05,52.2,52.35,51.84,52.080002,5156200,52.2,52.35,51.84,52.080002,5156200,410.19,418.39999,408.29999,416.63,1004100,472.81,485.20001,471.85001,484.88,1157400,472.81,485.20001,471.85001,484.88,1157400,88.05,87.24,89.63,85.75,208020.0,1.34,7.45,7.63,7.33,7.63,29422500,294.87,296.92999,293.059998,296.029999,54907200,84.3,87.55,83.29,86.4,7737900,84.3,87.55,83.29,86.4,7737900,394.47,396.20001,391.12,394.60001,85023700,394.47,396.20001,391.12,394.60001,85023700,28.86,28.99,28.71,28.88,1543900,3.404,3.418,3.476,3.383,3.404,3.418,3.476,3.383
2022-09-15,20242.28906,20318.16602,19636.73438,19701.21094,0.99840254,1.0017931,0.99574822,0.99840254,1696.055054,1698.62,1660.035034,1663.74084,1696.055054,1698.62,1660.035034,1663.74084,2.38095e-05,2.38095e-05,2.38095e-05,2.38095e-05,2.38095e-05,2.38095e-05,2.38095e-05,2.38095e-05,51.79,52.12,51.6,51.67,3567200,51.79,52.12,51.6,51.67,3567200,414.82999,414.82999,410.73001,413.59,1189200,482.73001,487.76001,478.54001,485.079987,758000,482.73001,487.76001,478.54001,485.079987,758000,84.65,88.7,88.7,84.09,182290.0,-3.86,7.47,8.1,7.45,8.01,51700600,294.070007,296.53,289.45999,291.10001,65299400,86.050003,86.95,85.13,85.61,5054600,86.050003,86.95,85.13,85.61,5054600,392.95999,395.95999,388.78,390.12,87633800,392.95999,395.95999,388.78,390.12,87633800,28.57,28.79,28.5,28.57,1998200,3.449,3.402,3.468,3.402,3.449,3.402,3.468,3.402
2022-09-16,19704.00586,19870.62891,19400.07617,19772.58398,0.99883133,1.0035627,0.99457955,0.99883133,1664.27002,1680.69495,1653.84998,1674.94482,1664.27002,1680.69495,1653.84998,1674.94482,2.38095e-05,2.38095e-05,2.38095e-05,2.38095e-05,2.38095e-05,2.38095e-05,2.38095e-05,2.38095e-05,51.56,51.77,51.45,51.63,3814500,51.56,51.77,51.45,51.63,3814500,411.25,415.76999,410.01001,414.29001,2023300,483.35999,487.85001,480.29999,485.20001,1115500,483.35999,487.85001,480.29999,485.20001,1115500,84.76,84.66,86.18,83.86,231140.0,0.13,7.75,7.93,7.64,7.78,42065600,287.72,289.72,285.62,289.32001,79920400,84.82,86.2,84.5,85.2,8211100,84.82,86.2,84.5,85.2,8211100,384.14001,386.25,382.10999,385.56,103084800,384.14001,386.25,382.10999,385.56,103084800,28.33,28.5,28.18,28.37,2408100,3.455,3.447,3.492,3.415,3.455,3.447,3.492,3.415
2022-09-19,19418.57227,19639.48047,18390.31836,19544.12891,1.0022349,1.0028079,0.99668103,1.0022349,1675.44495,1680.16003,1659.67053,1675.77576,1675.44495,1680.16003,1659.67053,1675.77576,2.3753e-05,2.3753e-05,2.3753e-05,2.3753e-05,2.3753e-05,2.3753e-05,2.3753e-05,2.3753e-05,51.22,51.89,51.22,51.8,3877600,51.22,51.89,51.22,51.8,3877600,414.0,417.64001,412.73001,416.51999,695500,483.19,492.57001,481.049988,488.070007,842900,483.19,492.57001,481.049988,488.070007,842900,85.36,84.81,85.88,81.73,262900.0,0.71,7.64,7.86,7.58,7.86,29238800,286.10001,291.20999,286.040009,291.049988,52613800,84.45,85.34,84.040001,84.95,5587000,84.45,85.34,84.040001,84.95,5587000,382.26001,388.54999,382.17999,388.54999,73278500,382.26001,388.54999,382.17999,388.54999,73278500,28.049999,28.51,28.049999,28.49,2611300,3.494,3.448,3.518,3.448,3.494,3.448,3.518,3.448
2022-09-20,19545.5918,19602.45703,18813.45508,18890.78906,1.0029588,1.0050251,0.99570847,1.0029588,1675.46997,1679.34497,1659.59998,1663.10889,1675.46997,1679.34497,1659.59998,1663.10889,2.37954e-05,2.38095e-05,2.3753e-05,2.38095e-05,2.37954e-05,2.38095e-05,2.3753e-05,2.38095e-05,51.32,51.42,51.060001,51.26,4299600,51.32,51.42,51.060001,51.26,4299600,416.0,421.41,412.34,420.57999,1112100,488.059998,496.079987,481.029999,494.0,875700,488.059998,496.079987,481.029999,494.0,875700,83.94,85.02,86.12,83.01,279810.0,-1.66,7.78,7.915,7.6,7.62,30349600,288.48999,291.070007,286.38,288.73001,51271100,84.57,85.48,83.72,85.15,3861500,84.57,85.48,83.72,85.15,3861500,385.059998,386.12,381.20001,384.089996,77274900,385.059998,386.12,381.20001,384.089996,77274900,28.15,28.22,27.91,28.09,2941800,3.569,3.492,3.604,3.473,3.569,3.492,3.604,3.473
2022-09-21,18891.2832,19674.63086,18290.31445,18547.40039,0.99707854,0.99740678,0.9869135,0.99707854,1663.67004,1688.15002,1654.14502,1673.73682,1663.67004,1688.15002,1654.14502,1673.73682,2.38095e-05,2.38095e-05,2.3753e-05,2.3753e-05,2.38095e-05,2.38095e-05,2.3753e-05,2.3753e-05,51.07,51.54,50.57,50.67,5299700,51.07,51.54,50.57,50.67,5299700,427.98999,433.79001,420.029999,420.20001,2106400,505.48999,515.48999,492.60999,492.87,1246600,505.48999,515.48999,492.60999,492.87,1246600,82.43,83.6,85.99,82.0,144130.0,-1.8,7.72,8.07,7.655,7.69,36814500,289.59,293.95001,283.42001,283.56,82931000,87.16,87.99,84.28,84.32,7047100,87.16,87.99,84.28,84.32,7047100,386.10999,389.31,377.38,377.39001,106746600,386.10999,389.31,377.38,377.39001,106746600,28.18,28.34,27.8,27.81,2920200,3.534,3.563,3.64,3.499,3.534,3.563,3.64,3.499
2022-09-22,18534.65039,19456.91016,18415.5918,19413.55078,0.98307151,0.99061882,0.9811039,0.98307151,1675.055054,1685.495,1655.52502,1670.53455,1675.055054,1685.495,1655.52502,1670.53455,2.3753e-05,2.3753e-05,2.3753e-05,2.3753e-05,2.3753e-05,2.3753e-05,2.3753e-05,2.3753e-05,51.35,51.42,50.85,51.07,5896200,51.35,51.42,50.85,51.07,5896200,419.82999,424.72,413.0,422.079987,1409900,492.76999,500.63,482.26001,496.45999,1206800,492.76999,500.63,482.26001,496.45999,1206800,83.03,82.54,85.44,81.89,121080.0,0.73,7.74,7.74,7.24,7.37,49138300,282.0,283.029999,278.82001,280.070007,62757100,84.0,84.53,83.2,83.45,4950300,84.0,84.53,83.2,83.45,4950300,376.57999,378.29999,373.44,374.22,89472600,376.57999,378.29999,373.44,374.22,89472600,27.96,28.02,27.63,27.74,4778900,3.71,3.546,3.718,3.514,3.71,3.546,3.718,3.514
2022-09-23,19412.40039,19464.67188,18617.55273,19297.63867,0.98415506,0.98522168,0.97039336,0.98415506,1671.54504,1676.59497,1639.59497,1643.089966,1671.54504,1676.59497,1639.59497,1643.089966,2.38095e-05,2.38095e-05,2.3753e-05,2.3753e-05,2.38095e-05,2.38095e-05,2.3753e-05,2.3753e-05,50.25,50.35,49.73,50.040001,5641100,50.25,50.35,49.73,50.040001,5641100,419.78,420.01001,407.57999,413.070007,1874600,491.88,491.88,474.079987,478.82001,877700,491.88,491.88,474.079987,478.82001,877700,78.25,83.15,83.45,77.64,143230.0,-5.76,7.2,7.42,7.13,7.4,34170300,277.54999,277.85001,272.019989,275.51001,74815200,82.87,83.029999,80.76,82.029999,6725900,82.87,83.029999,80.76,82.029999,6725900,370.57999,370.62,363.29001,367.95001,122346900,370.57999,370.62,363.29001,367.95001,122346900,26.71,26.74,26.07,26.25,5241900,3.687,3.714,3.829,3.659,3.687,3.714,3.829,3.659
2022-09-26,18803.90039,19274.87305,18721.28516,19222.67188,0.96899229,0.96998852,0.95823079,0.96899229,1645.39502,1650.02002,1620.80005,1621.5675,1645.39502,1650.02002,1620.80005,1621.5675,2.3753e-05,2.3753e-05,2.3753e-05,2.3753e-05,2.3753e-05,2.3753e-05,2.3753e-05,2.3753e-05,49.39,49.67,49.02,49.23,4535600,49.39,49.67,49.02,49.23,4535600,411.69,412.20999,406.51001,407.64999,1208300,477.38,482.019989,472.35999,474.37,657200,477.38,482.019989,472.35999,474.37,657200,76.18,78.75,79.76,75.7,106230.0,-2.65,7.35,7.83,7.35,7.53,45429800,275.029999,279.48999,273.56,274.37,71176700,81.59,82.39,80.73,81.089996,4843500,81.59,82.39,80.73,81.089996,4843500,366.41,370.20999,363.029999,364.31,92581200,366.41,370.20999,363.029999,364.31,92581200,25.92,26.21,25.56,25.78,9762200,3.928,3.734,3.933,3.714,3.928,3.734,3.933,3.714
2022-09-27,19221.83984,20338.45508,18915.66797,19110.54688,0.96237123,0.96700579,0.95945346,0.96237123,1621.995,1642.94495,1621.77002,1628.80237,1621.995,1642.94495,1621.77002,1628.80237,2.38095e-05,2.38095e-05,2.3753e-05,2.3753e-05,2.38095e-05,2.38095e-05,2.3753e-05,2.3753e-05,49.25,49.38,48.62,48.82,5212900,49.25,49.38,48.62,48.82,5212900,409.20001,410.32001,398.37,399.73999,1051900,477.34,479.19,471.23999,474.14001,1023800,477.34,479.19,471.23999,474.14001,1023800,77.81,75.9,78.92,75.88,123820.0,2.14,7.69,7.835,7.46,7.63,31794700,277.81,280.20999,272.10999,274.48001,69780100,81.57,82.050003,80.27,81.0,6119300,81.57,82.050003,80.27,81.0,6119300,368.019989,370.39999,360.87,363.38,108294100,368.019989,370.39999,360.87,363.38,108294100,25.95,26.1,25.46,25.64,6383700,3.949,3.912,3.992,3.801,3.949,3.912,3.992,3.801
2022-09-28,19104.62109,19688.34375,18553.29688,19426.7207,0.95961916,0.9686262,0.95401639,0.95961916,1629.26001,1663.17004,1614.34998,1659.44495,1629.26001,1663.17004,1614.34998,1659.44495,2.38095e-05,2.38095e-05,2.38095e-05,2.38095e-05,2.38095e-05,2.38095e-05,2.38095e-05,2.38095e-05,48.96,49.86,48.88,49.74,6345400,48.96,49.86,48.88,49.74,6345400,397.20001,402.089996,391.10001,400.0,1161500,475.53,485.85001,464.28,483.69,948300,475.53,485.85001,464.28,483.69,948300,81.24,77.38,81.4,75.84,156310.0,4.41,7.63,8.0,7.62,7.94,31955900,274.45999,281.25,272.95001,279.94,79652100,81.22,83.88,80.79,83.3,6066600,81.22,83.88,80.79,83.3,6066600,364.38,372.29999,362.60001,370.53,110802200,364.38,372.29999,362.60001,370.53,110802200,25.47,26.33,25.36,26.25,7524300,3.737,3.947,4.019,3.695,3.737,3.947,4.019,3.695
2022-09-29,19427.7793,19589.26562,18924.35352,19573.05078,0.97081721,0.97873223,0.96382761,0.97081721,1659.88,1665.12,1641.050049,1660.29175,1659.88,1665.12,1641.050049,1660.29175,2.3753e-05,2.38095e-05,2.3753e-05,2.3753e-05,2.3753e-05,2.38095e-05,2.3753e-05,2.3753e-05,49.3,49.41,48.86,49.26,4599000,49.3,49.41,48.86,49.26,4599000,398.98001,399.41,385.89001,389.79001,1127700,480.66,482.10001,464.51001,470.48001,910900,480.66,482.10001,464.51001,470.48001,910900,80.42,81.0,81.99,79.45,127460.0,-1.01,8.05,8.33,7.78,8.08,57845800,275.85999,276.25,268.84,271.87,81216000,82.67,82.96,81.42,82.34,6989900,82.67,82.96,81.42,82.34,6989900,366.81,367.10999,359.70001,362.79001,112952300,366.81,367.10999,359.70001,362.79001,112952300,25.99,26.28,25.73,26.18,10370900,3.782,3.753,3.868,3.721,3.782,3.753,3.868,3.721
2022-09-30,19573.43164,20109.84961,19265.66211,19431.78906,0.98295557,0.98499852,0.97360557,0.98295557,1661.125,1675.56995,1658.92505,1659.67004,1661.125,1675.56995,1658.92505,1659.67004,2.38095e-05,2.38095e-05,2.38095e-05,2.38095e-05,2.38095e-05,2.38095e-05,2.38095e-05,2.38095e-05,48.86,49.31,48.71,48.85,6318300,48.86,49.31,48.71,48.85,6318300,381.63,389.89999,381.54999,386.29001,1343700,466.5,474.0,466.5,470.32001,1134500,466.5,474.0,466.5,470.32001,1134500,78.72,80.86,81.72,78.36,95340.0,-2.11,8.01,8.5,7.971,8.13,47328100,271.029999,275.19,267.10001,267.26001,78482400,82.44,82.87,81.77,81.86,6403900,82.44,82.87,81.77,81.86,6403900,361.79999,365.91,357.040009,357.17999,153711200,361.79999,365.91,357.040009,357.17999,153711200,26.13,26.52,26.08,26.21,6132100,3.829,3.783,3.843,3.682,3.829,3.783,3.843,3.682
2022-10-03,19044.06836,19653.54297,19025.22656,19623.58008,0.97926885,0.98442632,0.97536236,0.97926885,1661.29504,1701.79504,1659.099976,1699.22253,1661.29504,1701.79504,1659.099976,1699.22253,2.38095e-05,2.38095e-05,2.3753e-05,2.38095e-05,2.38095e-05,2.38095e-05,2.3753e-05,2.38095e-05,49.31,49.9,49.17,49.73,5328700,49.31,49.9,49.17,49.73,5328700,389.73999,402.82999,389.079987,399.73999,1273800,476.44,489.92999,474.0,485.70999,910600,476.44,489.92999,474.0,485.70999,910600,82.7,80.29,83.61,80.19,135990.0,5.06,8.145,8.3,7.97,8.24,35524000,269.070007,275.16,267.53,273.53,61267400,82.91,84.07,82.010002,83.11,4303400,82.91,84.07,82.010002,83.11,4303400,361.079987,368.54999,359.20999,366.60999,89756500,361.079987,368.54999,359.20999,366.60999,89756500,26.59,26.98,26.5,26.87,6897600,3.643,3.813,3.819,3.568,3.643,3.813,3.819,3.568
2022-10-04,19623.58398,20380.34375,19523.83984,20336.84375,0.98320687,0.99801397,0.98067105,0.98320687,1699.39502,1729.73499,1694.73499,1726.24084,1699.39502,1729.73499,1694.73499,1726.24084,2.3753e-05,2.38095e-05,2.3753e-05,2.38095e-05,2.3753e-05,2.38095e-05,2.3753e-05,2.38095e-05,50.67,51.35,50.6,51.32,5520800,50.67,51.35,50.6,51.32,5520800,403.10999,407.84,399.82999,406.10999,1060000,488.42001,497.12,487.01001,490.28,985700,488.42001,497.12,487.01001,490.28,985700,85.5,82.57,85.98,82.33,156000.0,3.39,8.48,8.61,8.34,8.46,36313300,278.98999,282.85001,278.98999,282.13,66696900,84.25,86.29,84.029999,85.53,4432100,84.25,86.29,84.029999,85.53,4432100,372.39999,378.0,366.57001,377.97,103602800,372.39999,378.0,366.57001,377.97,103602800,27.52,27.95,27.5,27.89,5915700,3.635,3.615,3.659,3.562,3.635,3.615,3.659,3.562
2022-10-05,20335.90039,20343.74805,19801.80078,20160.7168,0.99843246,0.9994204,0.98354536,0.99843246,1726.42493,1728.099976,1700.15002,1715.81055,1726.42493,1728.099976,1700.15002,1715.81055,2.38095e-05,2.38095e-05,2.3753e-05,2.3753e-05,2.38095e-05,2.38095e-05,2.3753e-05,2.3753e-05,50.61,51.02,50.39,50.78,4110000,50.61,51.02,50.39,50.78,4110000,406.10999,407.66,400.78,402.51001,828400,487.0,489.5,480.67999,484.45001,620800,487.0,489.5,480.67999,484.45001,620800,86.84,85.3,87.42,84.53,160030.0,1.57,8.26,8.485,8.075,8.42,37790200,278.28,283.81,275.42001,281.98001,55766300,84.56,85.98,84.12,85.21,3800400,84.56,85.98,84.12,85.21,3800400,373.39001,379.45999,370.95001,377.089996,88065700,373.39001,379.45999,370.95001,377.089996,88065700,27.33,27.65,27.14,27.47,3101700,3.755,3.625,3.789,3.615,3.755,3.625,3.789,3.615
2022-10-06,20161.03906,20408.39258,19900.08789,19955.44336,0.99109989,0.99263471,0.97893333,0.99109989,1716.060059,1726.094971,1706.52502,1710.84998,1716.060059,1726.094971,1706.52502,1710.84998,2.3753e-05,2.38095e-05,2.3753e-05,2.3753e-05,2.3753e-05,2.38095e-05,2.3753e-05,2.3753e-05,50.63,50.78,50.32,50.32,4414000,50.63,50.78,50.32,50.32,4414000,401.62,403.60001,398.079987,399.60999,746700,483.72,486.29999,480.98999,485.23001,604900,483.72,486.29999,480.98999,485.23001,604900,87.59,87.12,88.2,86.15,108490.0,0.86,8.4,8.6,8.315,8.47,27653400,280.95999,284.17999,279.42999,279.76001,53489400,84.78,85.47,84.019997,84.28,3192700,84.78,85.47,84.019997,84.28,3192700,375.62,378.72,372.67999,373.20001,82333500,375.62,378.72,372.67999,373.20001,82333500,26.94,27.07,26.72,26.79,4147800,3.828,3.749,3.846,3.731,3.828,3.749,3.846,3.731
2022-10-07,19957.55859,20041.08594,19395.79297,19546.84961,0.97890455,0.9816047,0.97316968,0.97890455,1711.099976,1715.39502,1690.34998,1694.52002,1711.099976,1715.39502,1690.34998,1694.52002,2.38095e-05,2.38095e-05,2.38095e-05,2.38095e-05,2.38095e-05,2.38095e-05,2.38095e-05,2.38095e-05,50.27,50.33,49.65,49.81,4116800,50.27,50.33,49.65,49.81,4116800,398.56,404.67001,396.01001,403.95999,1124700,485.16,496.51999,483.019989,496.089996,1097600,485.16,496.51999,483.019989,496.089996,1097600,91.35,88.12,92.0,87.15,242270.0,4.29,8.26,8.28,8.11,8.15,29453700,275.019989,275.14999,267.73999,269.10001,71354700,83.76,84.089996,82.71,84.010002,4417500,83.76,84.089996,82.71,84.010002,4417500,368.97,373.29001,360.94,362.79001,107789500,368.97,373.29001,360.94,362.79001,107789500,26.82,26.92,26.5,26.64,2798400,3.888,3.819,3.91,3.818,3.888,3.819,3.91,3.818
2022-10-10,19446.41602,19515.4668,19102.97852,19141.48438,0.97350127,0.97522914,0.96825111,0.97350127,1696.79504,1700.33496,1665.30005,1667.95642,1696.79504,1700.33496,1665.30005,1667.95642,2.3753e-05,2.38095e-05,2.3753e-05,2.38095e-05,2.3753e-05,2.38095e-05,2.3753e-05,2.38095e-05,49.7,49.74,49.32,49.61,3597600,49.7,49.74,49.32,49.61,3597600,407.59,418.63,406.14999,409.98999,1112500,498.82001,509.0,498.0,503.82999,1375700,498.82001,509.0,498.0,503.82999,1375700,89.84,92.23,92.34,89.29,156090.0,-1.65,8.17,8.18,7.88,8.06,26923300,269.29999,269.70001,263.64001,266.41,60393000,84.83,85.97,83.62,84.16,3645400,84.83,85.97,83.62,84.16,3645400,363.95999,364.20999,357.67001,360.019989,76042800,363.95999,364.20999,357.67001,360.019989,76042800,26.57,26.66,26.34,26.46,2121900,3.955,3.951,3.957,3.951,3.955,3.951,3.957,3.951
2022-10-11,19139.0,19241.96094,18925.60352,19051.41797,0.97100574,0.97580963,0.9673987,0.97100574,1668.39502,1684.44495,1660.44995,1665.3075,1668.39502,1684.44495,1660.44995,1665.3075,2.3753e-05,2.38095e-05,2.3753e-05,2.38095e-05,2.3753e-05,2.38095e-05,2.3753e-05,2.38095e-05,49.3,49.67,49.0099983,49.099998,3240400,49.3,49.67,49.0099983,49.099998,3240400,405.66,416.16,405.66,411.059998,1013600,504.13,514.56,503.26001,507.31,836500,504.13,514.56,503.26001,507.31,836500,87.97,89.75,90.15,86.59,187520.0,-2.08,7.99,8.295,7.7,8.04,40775800,264.70001,267.63,261.029999,262.75,66522500,83.74,85.54,83.31,84.59,4547700,83.74,85.54,83.31,84.59,4547700,358.23999,363.029999,355.70999,357.73999,92482800,358.23999,363.029999,355.70999,357.73999,92482800,26.27,26.6,25.89,25.95,8617800,3.945,3.957,4.006,3.867,3.945,3.957,4.006,3.867
2022-10-12,19052.64648,19203.19922,19029.75781,19157.44531,0.97001678,0.97330225,0.96696836,0.97001678,1666.495,1678.89502,1660.94995,1672.50525,1666.495,1678.89502,1660.94995,1672.50525,2.38095e-05,2.38095e-05,2.38095e-05,2.38095e-05,2.38095e-05,2.38095e-05,2.38095e-05,2.38095e-05,48.78,48.97,48.69,48.74,3881700,48.78,48.97,48.69,48.74,3881700,406.92999,408.89999,397.14001,397.42001,921700,508.14001,508.14001,492.20001,492.38,972500,508.14001,508.14001,492.20001,492.38,972500,86.06,87.25,88.66,85.05,211340.0,-2.17,8.06,8.1,7.82,8.07,30201600,263.39999,265.35999,261.95001,262.66,50580200,84.52,84.63,82.93,82.99,5489100,84.52,84.63,82.93,82.99,5489100,358.17001,359.82001,356.29999,356.56,76991800,358.17001,359.82001,356.29999,356.56,76991800,25.84,26.13,25.79,26.0,6709900,3.902,3.951,3.978,3.884,3.902,3.951,3.978,3.884
2022-10-13,19156.9668,19453.32812,18319.82227,19382.9043,0.97079843,0.97950864,0.96359533,0.97079843,1673.29504,1682.84497,1642.25,1665.79724,1673.29504,1682.84497,1642.25,1665.79724,2.3753e-05,2.3753e-05,2.3753e-05,2.3753e-05,2.3753e-05,2.3753e-05,2.3753e-05,2.3753e-05,47.69,49.3,47.64,49.17,6222500,47.69,49.3,47.64,49.17,6222500,393.0,407.049988,391.22,405.95999,1012700,488.089996,503.049988,486.38,501.44,922000,488.089996,503.049988,486.38,501.44,922000,87.95,86.01,88.38,84.43,185660.0,2.2,7.74,8.2,7.565,8.08,36040900,255.16,270.17001,254.25999,268.82001,112894100,81.45,85.14,80.99,84.87,5049000,81.45,85.14,80.99,84.87,5049000,349.20999,367.51001,348.10999,365.97,147254500,349.20999,367.51001,348.10999,365.97,147254500,25.92,26.99,25.85,26.86,10649700,3.95,3.906,4.08,3.842,3.95,3.906,4.08,3.842
2022-10-14,19382.5332,19889.14648,19115.4082,19185.65625,0.97513402,0.98038256,0.97094923,0.97513402,1665.89502,1672.015015,1639.89502,1641.75842,1665.89502,1672.015015,1639.89502,1641.75842,2.3753e-05,2.38095e-05,2.3753e-05,2.3753e-05,2.3753e-05,2.38095e-05,2.3753e-05,2.3753e-05,49.27,49.41,48.4,48.46,6519900,49.27,49.41,48.4,48.46,6519900,404.32999,405.38,388.10001,389.41,1369100,495.70001,496.98001,463.10999,464.19,1642700,495.70001,496.98001,463.10999,464.19,1642700,84.65,88.15,88.52,84.22,161130.0,-3.75,8.23,8.31,7.53,7.53,37430100,271.20001,271.81,260.14001,260.73999,77244300,85.42,85.42,82.15,82.59,4614600,85.42,85.42,82.15,82.59,4614600,368.54999,370.26001,356.95999,357.63,123737000,368.54999,370.26001,356.95999,357.63,123737000,26.96,27.030001,26.25,26.27,4969500,4.023,3.964,4.031,3.851,4.023,3.964,4.031,3.851
2022-10-17,19268.5625,19635.80273,19173.33398,19550.75781,0.97393745,0.98470747,0.97245049,0.97393745,1644.094971,1668.69495,1643.69495,1649.9447,1644.094971,1668.69495,1643.69495,1649.9447,2.38095e-05,2.38095e-05,2.38095e-05,2.38095e-05,2.38095e-05,2.38095e-05,2.38095e-05,2.38095e-05,48.82,49.09,48.78,48.95,3169700,48.82,49.09,48.78,48.95,3169700,393.0,400.60999,392.14999,397.31,1617200,467.20999,478.70001,466.26001,475.089996,1122600,467.20999,478.70001,466.26001,475.089996,1122600,84.53,84.63,86.18,83.7,174190.0,-0.14,7.71,8.06,7.69,7.94,31751700,266.84,270.23999,266.73999,269.35001,64576500,84.21,85.44,83.83,84.47,4442000,84.21,85.44,83.83,84.47,4442000,364.01001,367.98001,357.28,366.82001,93168200,364.01001,367.98001,357.28,366.82001,93168200,27.030001,27.27,26.96,26.99,5136400,4.012,4.002,4.027,3.91,4.012,4.002,4.027,3.91
2022-10-18,19550.4668,19666.99414,19144.76953,19334.41602,0.98463964,0.98736179,0.98146021,0.98463964,1650.495,1661.26501,1645.60999,1651.82727,1650.495,1661.26501,1645.60999,1651.82727,2.3753e-05,2.3753e-05,2.3753e-05,2.3753e-05,2.3753e-05,2.3753e-05,2.3753e-05,2.3753e-05,49.28,49.28,48.56,48.78,4612100,49.28,49.28,48.56,48.78,4612100,403.14999,435.51001,401.54001,431.84,4588500,480.0,509.89001,478.98001,506.79999,1853200,480.0,509.89001,478.98001,506.79999,1853200,82.07,84.8,85.53,81.3,367500.0,-2.91,8.15,8.33,8.04,8.16,37120400,276.53,277.20999,268.73999,271.48001,69781000,85.92,88.050003,85.42,87.36,5779100,85.92,88.050003,85.42,87.36,5779100,375.13,375.45001,367.51999,371.13,97162900,375.13,375.45001,367.51999,371.13,97162900,27.21,27.25,26.86,27.07,5274700,4.007,3.998,4.067,3.961,4.007,3.998,4.067,3.961
2022-10-19,19335.02734,19348.41602,19127.6875,19139.53516,0.98638785,0.98669934,0.9760192,0.98638785,1651.995,1654.89502,1627.25,1628.48828,1651.995,1654.89502,1627.25,1628.48828,2.3753e-05,2.38095e-05,2.3753e-05,2.38095e-05,2.3753e-05,2.38095e-05,2.3753e-05,2.38095e-05,48.57,48.78,48.26,48.48,3546800,48.57,48.78,48.26,48.48,3546800,433.97,447.57001,430.35001,439.95999,2623700,504.84,516.78998,501.51999,510.91,1342700,504.84,516.78998,501.51999,510.91,1342700,84.52,82.91,85.02,81.72,357720.0,2.99,8.06,8.125,7.845,7.91,26594000,269.92999,273.67999,268.070007,270.48999,53115400,87.15,88.95,86.85,87.63,4573700,87.15,88.95,86.85,87.63,4573700,368.98999,371.85001,365.54999,368.5,79746900,368.98999,371.85001,365.54999,368.5,79746900,26.8,26.95,26.56,26.78,2594400,4.138,4.013,4.14,4.009,4.138,4.013,4.14,4.009
2022-10-20,19138.08594,19315.19922,18971.45898,19053.74023,0.97664827,0.98451358,0.97555262,0.97664827,1629.92993,1645.82996,1621.93005,1627.6637,1629.92993,1645.82996,1621.93005,1627.6637,2.3753e-05,2.3753e-05,2.36967e-05,2.3753e-05,2.3753e-05,2.3753e-05,2.36967e-05,2.3753e-05,48.65,49.07,48.36,48.44,3781700,48.65,49.07,48.36,48.44,3781700,439.62,445.31,437.95001,444.34,1781300,511.76001,516.48999,509.16,512.44,877900,511.76001,516.48999,509.16,512.44,877900,84.51,84.91,87.14,84.16,338340.0,-0.01,7.73,8.26,7.73,8.04,26689500,269.57999,274.84,267.92001,269.10999,60605500,87.81,88.44,86.8,87.24,3663100,87.81,88.44,86.8,87.24,3663100,368.029999,372.67001,364.60999,365.41,88283100,368.029999,372.67001,364.60999,365.41,88283100,26.8,27.13,26.66,26.78,2696900,4.233,4.142,4.243,4.098,4.233,4.142,4.243,4.098
2022-10-21,19053.20312,19237.38477,18770.9707,19172.46875,0.97788996,0.98569751,0.97073239,0.97788996,1628.099976,1659.080078,1617.20996,1656.66003,1628.099976,1659.080078,1617.20996,1656.66003,2.36967e-05,2.36967e-05,2.36967e-05,2.36967e-05,2.36967e-05,2.36967e-05,2.36967e-05,2.36967e-05,47.79,49.49,47.67,49.29,12892200,47.79,49.49,47.67,49.29,12892200,443.72,454.69,440.14999,454.60999,1620200,512.56,525.34998,509.5,522.65997,1054300,512.56,525.34998,509.5,522.65997,1054300,83.95,83.78,84.64,82.05,83090.0,-0.66,7.93,8.32,7.81,8.29,30667500,267.98001,275.97,266.82001,275.42001,77897700,87.26,88.9,86.47,88.54,5422900,87.26,88.9,86.47,88.54,5422900,365.12,374.79999,363.54001,374.29001,131038400,365.12,374.79999,363.54001,374.29001,131038400,26.49,27.2,26.42,27.19,7207100,4.219,4.226,4.338,4.2,4.219,4.226,4.338,4.2
2022-10-24,19567.76953,19589.125,19206.32422,19345.57227,0.98600858,0.98896313,0.98089224,0.98600858,1658.19495,1670.54504,1643.64001,1648.59998,1658.19495,1670.54504,1643.64001,1648.59998,2.3753e-05,2.3753e-05,2.3753e-05,2.3753e-05,2.3753e-05,2.3753e-05,2.3753e-05,2.3753e-05,48.77,49.029999,48.56,48.97,5453200,48.77,49.029999,48.56,48.97,5453200,459.079987,466.17999,455.56,457.45999,2013600,527.62,534.64001,524.28003,525.96002,866600,527.62,534.64001,524.28003,525.96002,866600,83.59,84.05,84.8,81.61,58380.0,-0.43,8.3,8.3,8.01,8.27,28062200,275.69,279.39999,271.97,278.45001,63963600,89.099998,90.45,89.0,89.73,7727800,89.099998,90.45,89.0,89.73,7727800,375.89001,380.059998,373.10999,378.87,85436900,375.89001,380.059998,373.10999,378.87,85436900,27.18,27.48,27.12,27.26,2042500,4.247,4.206,4.291,4.127,4.247,4.206,4.291,4.127
2022-10-25,19344.96484,20348.41211,19261.44727,20095.85742,0.98865032,0.99753606,0.98522168,0.98865032,1649.69995,1662.89001,1637.81995,1652.52393,1649.69995,1662.89001,1637.81995,1652.52393,2.38095e-05,2.38095e-05,2.38095e-05,2.38095e-05,2.38095e-05,2.38095e-05,2.38095e-05,2.38095e-05,49.5,50.15,49.5,50.09,3839100,49.5,50.15,49.5,50.09,3839100,454.049988,463.54001,452.19,460.14999,1537000,520.37,528.0,517.45001,526.75,763800,520.37,528.0,517.45001,526.75,763800,84.31,83.93,85.0,82.14,77800.0,0.86,8.36,8.66,8.36,8.66,31001500,279.41,284.60001,277.89999,284.20999,59014500,88.49,89.0,85.85,88.36,7561000,88.49,89.0,85.85,88.36,7561000,378.79001,385.25,378.67001,384.92001,78846300,378.79001,385.25,378.67001,384.92001,78846300,27.37,27.69,27.34,27.66,1458900,4.1,4.226,4.232,4.052,4.1,4.226,4.232,4.052
2022-10-26,20092.23633,20938.13477,20076.11719,20770.44141,0.99637312,1.0080544,0.99446082,0.99637312,1653.21497,1675.12,1649.14502,1664.4884,1653.21497,1675.12,1649.14502,1664.4884,2.3753e-05,2.3753e-05,2.3753e-05,2.3753e-05,2.3753e-05,2.3753e-05,2.3753e-05,2.3753e-05,50.12,50.72,50.11,50.38,3891600,50.12,50.72,50.11,50.38,3891600,462.17001,470.64001,460.45999,462.56,1554600,529.56,535.21002,524.88,530.98999,940900,529.56,535.21002,524.88,530.98999,940900,86.68,84.03,87.17,83.17,80030.0,2.81,8.48,9.05,8.39,8.57,33530900,278.45999,283.98001,277.42999,277.92999,63492400,88.6,92.2,88.6,90.52,6668600,88.6,92.2,88.6,90.52,6668600,381.62,387.57999,381.35001,382.019989,104087300,381.62,387.57999,381.35001,382.019989,104087300,27.68,28.23,27.68,28.08,3702900,4.007,4.09,4.113,3.994,4.007,4.09,4.113,3.994
2022-10-27,20772.80273,20854.04492,20255.37305,20285.83594,1.0091938,1.0094892,0.99764556,1.0091938,1664.5,1671.089966,1654.80505,1662.93994,1664.5,1671.089966,1654.80505,1662.93994,2.3753e-05,2.3753e-05,2.37248e-05,2.3753e-05,2.3753e-05,2.3753e-05,2.37248e-05,2.3753e-05,50.18,50.44,49.74,49.75,4126700,50.18,50.44,49.74,49.75,4126700,464.57999,474.17999,464.39999,471.92999,1513700,512.58002,537.81,508.0,535.51001,1689500,512.58002,537.81,508.0,535.51001,1689500,87.83,87.06,88.45,86.12,110530.0,1.33,8.68,8.78,8.46,8.6,28940800,276.79001,278.28,272.34,272.87,57760300,90.94,93.38,90.91,91.8,6420800,90.94,93.38,90.91,91.8,6420800,383.070007,385.0,379.32999,379.98001,81971800,383.070007,385.0,379.32999,379.98001,81971800,28.1,28.36,28.02,28.040001,2386400,3.927,4.011,4.086,3.898,3.927,4.011,4.086,3.898
2022-10-28,20287.95703,20724.98047,20086.06836,20595.35156,0.9967804,0.99989998,0.99314731,0.9967804,1663.30005,1667.43994,1637.39001,1641.76001,1663.30005,1667.43994,1637.39001,1641.76001,2.38095e-05,2.38095e-05,2.38095e-05,2.38095e-05,2.38095e-05,2.38095e-05,2.38095e-05,2.38095e-05,49.68,50.28,49.68,50.28,3756300,49.68,50.28,49.68,50.28,3756300,474.0,491.14001,472.29999,484.87,2045300,540.080017,556.27002,531.0,548.10999,1316600,540.080017,556.27002,531.0,548.10999,1316600,86.61,87.41,87.51,85.86,78710.0,-1.39,8.55,8.66,8.365,8.64,20697400,272.23001,281.70001,272.059998,281.22,62651300,92.5,95.16,92.07,95.080002,6360800,92.5,95.16,92.07,95.080002,6360800,379.87,389.51999,379.67999,389.019989,100302000,379.87,389.51999,379.67999,389.019989,100302000,27.97,28.33,27.91,28.33,2602500,4.01,3.929,4.05,3.911,4.01,3.929,4.05,3.911
2022-10-31,20633.69531,20795.32031,20287.45898,20495.77344,0.99550027,0.99681014,0.98735201,0.99550027,1643.69495,1645.79504,1631.76501,1633.12244,1643.69495,1645.79504,1631.76501,1633.12244,2.3753e-05,2.3753e-05,2.3753e-05,2.3753e-05,2.3753e-05,2.3753e-05,2.3753e-05,2.3753e-05,49.87,50.049999,49.8,49.99,4453600,49.87,50.049999,49.8,49.99,4453600,480.45001,488.23001,479.42999,486.67999,1288200,544.79999,553.65997,543.96997,549.01001,1089000,544.79999,553.65997,543.96997,549.01001,1089000,85.4,87.06,87.36,84.16,81400.0,-1.4,8.59,8.83,8.43,8.79,31376100,278.92001,279.76001,275.98999,277.95001,47742000,94.73,95.11,93.85,94.82,4933000,94.73,95.11,93.85,94.82,4933000,386.44,388.39999,385.26001,386.20999,96631300,386.44,388.39999,385.26001,386.20999,96631300,28.0,28.21,27.98,28.040001,1972700,4.05,4.016,4.112,4.016,4.05,4.016,4.112,4.016
2022-11-01,20494.89844,20647.28906,20359.8457,20485.27344,0.98863077,0.99516344,0.98621273,0.98863077,1633.39514,1657.125,1630.92505,1647.5033,1633.39514,1657.125,1630.92505,1647.5033,2.37248e-05,2.37248e-05,2.37248e-05,2.37248e-05,2.37248e-05,2.37248e-05,2.37248e-05,2.37248e-05,50.85,50.86,50.17,50.37,5872400,50.85,50.86,50.17,50.37,5872400,486.029999,491.16,483.87,485.63,1229700,549.62,550.10999,534.26001,535.88,1303100,549.62,550.10999,534.26001,535.88,1303100,87.19,85.2,88.27,84.85,81920.0,2.1,8.99,9.06,8.56,8.65,29800000,281.5,282.070007,274.73999,275.10999,45895900,95.33,96.080002,95.050003,95.55,5217500,95.33,96.080002,95.050003,95.55,5217500,390.14001,390.39001,383.29001,384.51999,85407600,390.14001,390.39001,383.29001,384.51999,85407600,28.66,28.68,28.24,28.36,1678500,4.048,4.058,4.079,3.92,4.048,4.058,4.079,3.92
2022-11-02,20482.95898,20742.81055,20087.13477,20159.50391,0.98779094,0.99135536,0.9867577,0.98779094,1647.77002,1669.60498,1634.40002,1634.88696,1647.77002,1669.60498,1634.40002,1634.88696,2.3753e-05,2.3753e-05,2.3753e-05,2.3753e-05,2.3753e-05,2.3753e-05,2.3753e-05,2.3753e-05,50.73,51.35,49.98,50.040001,5510900,50.73,51.35,49.98,50.040001,5510900,484.54001,488.88,481.5,482.059998,1291800,534.049988,539.67999,529.83002,530.29999,1111900,534.049988,539.67999,529.83002,530.29999,1111900,88.86,87.42,89.14,86.6,86740.0,1.92,8.7,8.76,8.2,8.22,36042600,275.079987,278.20999,265.60999,265.67999,79803100,95.15,96.65,94.029999,94.15,5326000,95.15,96.65,94.029999,94.15,5326000,383.89999,388.63,374.76001,374.87,126990400,383.89999,388.63,374.76001,374.87,126990400,28.28,28.6,27.84,27.86,2102600,4.096,4.048,4.115,3.974,4.096,4.048,4.115,3.974
2022-11-03,20162.68945,20382.0957,20086.24023,20209.98828,0.9814409,0.98396146,0.97312242,0.9814409,1635.80005,1641.32495,1616.17505,1629.15002,1635.80005,1641.32495,1616.17505,1629.15002,2.3753e-05,2.38095e-05,2.3753e-05,2.3753e-05,2.3753e-05,2.38095e-05,2.3753e-05,2.3753e-05,49.78,50.12,49.67,49.9,3569400,49.78,50.12,49.67,49.9,3569400,479.76999,489.97,478.54999,484.82001,1291100,528.039978,531.34998,525.46997,525.51001,1200000,528.039978,531.34998,525.46997,525.51001,1200000,87.18,88.32,88.53,86.55,80430.0,-1.89,8.07,8.3,7.87,8.08,36419500,263.01001,264.5,260.10001,260.48999,70038900,93.38,95.83,93.029999,94.8,4141600,93.38,95.83,93.029999,94.8,4141600,371.47,374.20001,368.79001,371.01001,87100100,371.47,374.20001,368.79001,371.01001,87100100,27.33,27.74,27.3,27.64,1699700,4.149,4.118,4.223,4.086,4.149,4.118,4.223,4.086
2022-11-04,20208.76953,21209.56055,20188.01953,21147.23047,0.97496301,0.99381846,0.97484893,0.97496301,1629.40002,1682.17383,1628.23499,1680.27002,1629.40002,1682.17383,1628.23499,1680.27002,2.38095e-05,2.38095e-05,2.3753e-05,2.38095e-05,2.38095e-05,2.38095e-05,2.3753e-05,2.38095e-05,50.48,50.95,50.28,50.87,4596200,50.48,50.95,50.28,50.87,4596200,485.16,486.5,472.57001,481.67001,1481100,526.0,527.15997,510.01001,522.77002,1242000,526.0,527.15997,510.01001,522.77002,1242000,91.45,86.92,91.67,86.84,104870.0,4.9,8.19,8.2,7.65,7.93,64257800,265.53,266.60999,259.079987,264.67999,78313200,95.37,95.9,93.38,95.22,4247800,95.37,95.9,93.38,95.22,4247800,377.0,378.87,370.0,376.35001,103505200,377.0,378.87,370.0,376.35001,103505200,28.45,28.84,28.33,28.81,3518900,4.163,4.164,4.209,4.102,4.163,4.164,4.209,4.102
2022-11-07,20924.62109,21053.24609,20489.97266,20602.81641,0.99288106,1.00050032,0.99194545,0.99288106,1681.29504,1682.084961,1666.43506,1674.68005,1681.29504,1682.084961,1666.43506,1674.68005,2.3753e-05,2.3753e-05,2.3753e-05,2.3753e-05,2.3753e-05,2.3753e-05,2.3753e-05,2.3753e-05,51.21,51.29,50.96,51.16,2904000,51.21,51.29,50.96,51.16,2904000,482.48001,489.95999,480.95999,488.63,944800,523.049988,537.58002,520.56,534.77002,804500,523.049988,537.58002,520.56,534.77002,804500,90.73,90.5,92.53,89.31,143340.0,-0.79,7.78,7.85,6.89,7.02,99332800,265.75,268.14001,263.57001,267.59,47333800,95.69,96.35,95.35,96.17,3295600,95.69,96.35,95.35,96.17,3295600,377.70999,380.57001,375.53,379.95001,68286900,377.70999,380.57001,375.53,379.95001,68286900,28.87,28.92,28.72,28.75,1924400,4.218,4.161,4.226,4.123,4.218,4.161,4.226,4.123
2022-11-08,20600.67188,20664.60742,17603.54492,18541.27148,1.0018635,1.0094179,0.99760568,1.0018635,1674.75,1717.31006,1664.32495,1712.52002,1674.75,1717.31006,1664.32495,1712.52002,2.37248e-05,2.3753e-05,2.37248e-05,2.3753e-05,2.37248e-05,2.3753e-05,2.37248e-05,2.3753e-05,51.69,52.19,51.62,51.9,4415100,51.69,52.19,51.62,51.9,4415100,488.88,494.66,486.84,494.12,1221000,533.34003,542.14001,532.33002,540.92999,652600,533.34003,542.14001,532.33002,540.92999,652600,88.0,90.82,91.1,87.63,162910.0,-3.01,7.08,7.42,6.91,7.21,56353900,269.14001,272.85001,265.51999,269.54001,63213800,96.23,96.64,95.059998,96.27,3927500,96.23,96.64,95.059998,96.27,3927500,381.10999,385.12,377.72,382.0,84641100,381.10999,385.12,377.72,382.0,84641100,28.8,29.16,28.75,28.96,2818600,4.128,4.224,4.243,4.121,4.128,4.224,4.243,4.121
2022-11-09,18543.76172,18590.45898,15682.69238,15880.78027,1.0080848,1.0088781,1.0012516,1.0080848,1712.60498,1722.94495,1701.78503,1706.31995,1712.60498,1722.94495,1701.78503,1706.31995,2.37248e-05,2.37248e-05,2.37248e-05,2.37248e-05,2.37248e-05,2.37248e-05,2.37248e-05,2.37248e-05,51.33,51.68,50.94,51.02,3875000,51.33,51.68,50.94,51.02,3875000,489.75,492.44,484.23999,485.17999,1383200,540.65997,543.19,532.81,533.14001,601600,540.65997,543.19,532.81,533.14001,601600,85.0,87.73,88.26,84.69,200280.0,-3.41,7.12,7.185,6.95,6.98,42517300,267.76001,268.56,263.029999,263.32001,64862100,95.84,96.43,95.019997,95.13,3478700,95.84,96.43,95.019997,95.13,3478700,379.92999,381.14001,373.60999,374.13,78495500,379.92999,381.14001,373.60999,374.13,78495500,28.57,28.77,28.37,28.37,2123900,4.099,4.13,4.176,4.057,4.099,4.13,4.176,4.057
2022-11-10,15883.1582,18054.3125,15834.01856,17586.77148,1.0019538,1.018299,0.99377888,1.0019538,1706.41504,1757.52002,1703.32495,1754.86035,1706.41504,1757.52002,1703.32495,1754.86035,2.3753e-05,2.3753e-05,2.3753e-05,2.3753e-05,2.3753e-05,2.3753e-05,2.3753e-05,2.3753e-05,52.97,53.9,52.81,53.87,6381700,52.97,53.9,52.81,53.87,6381700,488.26001,491.22,479.70001,490.76999,1601000,540.78003,540.78003,523.71997,531.59003,1220000,540.78003,540.78003,523.71997,531.59003,1220000,85.66,84.96,86.49,83.9,160490.0,0.78,7.46,7.97,7.43,7.64,58579800,276.01001,283.049988,273.85001,282.75,99256700,96.9,98.019997,95.7,97.84,4764100,96.9,98.019997,95.7,97.84,4764100,388.049988,395.040009,385.64001,394.69,141455800,388.049988,395.040009,385.64001,394.69,141455800,29.48,29.83,29.35,29.79,3341000,3.811,4.092,4.117,3.807,3.811,4.092,4.117,3.807
2022-11-14,16352.02832,17109.32422,15872.94141,16618.19922,1.032855,1.035025,1.027359,1.032855,1771.41504,1775.35999,1752.89502,1771.80005,1771.41504,1775.35999,1752.89502,1771.80005,2.38095e-05,2.38095e-05,2.38095e-05,2.38095e-05,2.38095e-05,2.38095e-05,2.38095e-05,2.38095e-05,54.15,54.52,54.029999,54.19,3749200,54.15,54.52,54.029999,54.19,3749200,467.35001,471.98001,459.37,462.040009,2286700,496.0,500.070007,478.45999,481.73999,2194500,496.0,500.070007,478.45999,481.73999,2194500,85.16,88.24,89.03,84.51,183530.0,-3.4,8.18,8.32,7.953,8.1,37402700,285.85999,289.20999,284.44,285.44,55290700,93.65,94.54,92.92,92.95,4942400,93.65,94.54,92.92,92.95,4942400,396.66,400.17999,394.82999,395.12,71903500,396.66,400.17999,394.82999,395.12,71903500,29.82,30.02,29.71,29.71,2367100,3.863,3.895,3.906,3.848,3.863,3.895,3.906,3.848
2022-11-15,16617.48438,17051.96289,16542.55078,16884.61328,1.031928,1.047548,1.031385,1.031928,1771.875,1786.68005,1766.56494,1778.25,1771.875,1786.68005,1766.56494,1778.25,2.37248e-05,2.38095e-05,2.37248e-05,2.38095e-05,2.37248e-05,2.38095e-05,2.37248e-05,2.38095e-05,55.0,55.040001,54.38,54.55,3360200,55.0,55.040001,54.38,54.55,3360200,465.84,474.98999,458.049988,467.25,3272800,485.0,510.0,479.92001,500.72,1902800,485.0,510.0,479.92001,500.72,1902800,86.25,84.62,88.05,83.54,239600.0,1.28,8.45,8.47,8.155,8.34,34454100,292.20999,293.26001,285.97,289.39001,73985400,93.62,95.95,93.34,95.79,7506500,93.62,95.95,93.34,95.79,7506500,401.14999,402.31,394.48999,398.48999,93194500,401.14999,402.31,394.48999,398.48999,93194500,30.28,30.34,29.69,29.92,3716100,3.777,3.867,3.882,3.757,3.777,3.867,3.882,3.757
2022-11-16,16884.3418,16960.29492,16430.11133,16669.43945,1.035786,1.043732,1.033645,1.035786,1778.33997,1785.495,1769.82495,1773.77002,1778.33997,1785.495,1769.82495,1773.77002,2.3753e-05,2.3753e-05,2.37248e-05,2.37248e-05,2.3753e-05,2.3753e-05,2.37248e-05,2.37248e-05,54.5,54.6,54.2,54.36,3337000,54.5,54.6,54.2,54.36,3337000,465.23999,469.26001,461.59,466.23999,1022600,499.0,507.67999,496.040009,505.13,1066900,499.0,507.67999,496.040009,505.13,1066900,85.0,86.23,86.9,83.67,191290.0,-1.45,8.18,8.24,8.0,8.06,28436000,287.39001,289.48001,284.60001,285.44,48859800,95.57,96.26,94.25,94.35,4813000,95.57,96.26,94.25,94.35,4813000,396.78,397.78,394.79001,395.45001,68508500,396.78,397.78,394.79001,395.45001,68508500,30.11,30.14,29.93,30.07,2681300,3.69,3.777,3.844,3.671,3.69,3.777,3.844,3.671
2022-11-17,16670.42578,16726.43945,16460.68359,16687.51758,1.039501,1.040572,1.030949,1.039501,1773.82251,1775.20496,1754.125,1760.87,1773.82251,1775.20496,1754.125,1760.87,2.37248e-05,2.37248e-05,2.37248e-05,2.37248e-05,2.37248e-05,2.37248e-05,2.37248e-05,2.37248e-05,53.81,54.31,53.81,54.26,2996600,53.81,54.31,53.81,54.26,2996600,465.0,474.78,464.26001,472.76999,1401900,504.94,519.78998,504.82001,518.84998,950800,504.94,519.78998,504.82001,518.84998,950800,81.4,84.98,84.98,81.19,390060.0,-4.24,7.83,7.88,7.525,7.62,33746500,280.88,286.32001,280.72,284.81,55462100,93.010002,94.64,92.88,94.53,3256300,93.010002,94.64,92.88,94.53,3256300,390.45999,394.95001,390.14001,394.23999,74496300,390.45999,394.95001,390.14001,394.23999,74496300,29.71,30.14,29.71,30.12,1485200,3.769,3.694,3.805,3.681,3.769,3.694,3.805,3.681
2022-11-18,16687.91211,16947.05859,16564.61133,16697.77734,1.036173,1.039587,1.032802,1.036173,1760.745,1767.98499,1747.035034,1749.73999,1760.745,1767.98499,1747.035034,1749.73999,2.3753e-05,2.3753e-05,2.3753e-05,2.3753e-05,2.3753e-05,2.3753e-05,2.3753e-05,2.3753e-05,54.47,54.48,54.14,54.24,1908300,54.47,54.48,54.14,54.24,1908300,473.63,480.87,472.76999,476.82001,2160300,518.84003,524.78998,515.83002,520.41998,863500,518.84003,524.78998,515.83002,520.41998,863500,80.11,81.86,82.43,77.59,480540.0,-1.58,7.76,7.79,7.31,7.39,27204400,287.89001,287.98999,282.32001,284.82001,53588600,95.7,96.67,95.21,95.36,4073300,95.7,96.67,95.21,95.36,4073300,397.73999,397.81,393.040009,396.029999,92922500,397.73999,397.81,393.040009,396.029999,92922500,30.29,30.36,30.14,30.27,1389800,3.829,3.788,3.833,3.745,3.829,3.788,3.833,3.745
2022-11-21,16291.22363,16291.22363,15599.04688,15787.28418,1.03309,1.033325,1.022704,1.03309,1750.82495,1753.51501,1732.030029,1737.80811,1750.82495,1753.51501,1732.030029,1737.80811,2.3753e-05,2.3753e-05,2.37248e-05,2.3753e-05,2.3753e-05,2.3753e-05,2.37248e-05,2.3753e-05,53.87,54.029999,53.69,53.8,1972200,53.87,54.029999,53.69,53.8,1972200,478.48999,483.95999,478.23001,480.94,1730500,521.71002,532.44,520.48999,527.87,861500,521.71002,532.44,520.48999,527.87,861500,80.04,80.26,80.5,75.27,475100.0,-0.09,7.31,7.32,7.07,7.19,36605600,283.39999,284.57999,281.040009,281.89001,40083500,95.26,96.49,94.94,96.2,3271700,95.26,96.49,94.94,96.2,3271700,394.64001,395.82001,392.66,394.59,51243200,394.64001,395.82001,392.66,394.59,51243200,30.07,30.18,29.89,30.13,2443600,3.84,3.816,3.844,3.762,3.84,3.816,3.844,3.762
2022-11-22,15782.30078,16253.04785,15656.60645,16189.76953,1.024569,1.029018,1.024338,1.024569,1738.48499,1749.98499,1736.61499,1740.23999,1738.48499,1749.98499,1736.61499,1740.23999,2.38095e-05,2.38095e-05,2.38095e-05,2.38095e-05,2.38095e-05,2.38095e-05,2.38095e-05,2.38095e-05,54.48,54.95,54.45,54.95,2729500,54.48,54.95,54.45,54.95,2729500,482.97,484.26001,479.28,479.5,838400,529.90997,533.77002,523.42999,524.65002,635300,529.90997,533.77002,523.42999,524.65002,635300,80.73,80.14,82.03,79.74,85200.0,0.86,7.18,7.25,6.98,7.22,27327800,282.64001,286.10999,280.45999,285.95001,41873400,97.059998,97.59,96.51,96.85,3031500,97.059998,97.59,96.51,96.85,3031500,396.63,400.070007,395.14999,399.89999,60429000,396.63,400.070007,395.14999,399.89999,60429000,30.33,30.61,30.33,30.59,1059900,3.758,3.832,3.832,3.747,3.758,3.832,3.832,3.747
2022-11-23,16195.58887,16638.19336,16170.50293,16610.70703,1.031109,1.038206,1.029813,1.031109,1740.29504,1753.53821,1728.25,1749.28003,1740.29504,1753.53821,1728.25,1749.28003,2.3753e-05,2.3753e-05,2.3753e-05,2.3753e-05,2.3753e-05,2.3753e-05,2.3753e-05,2.3753e-05,55.12,55.75,55.060001,55.58,3675200,55.12,55.75,55.060001,55.58,3675200,479.78,482.98999,478.72,481.070007,1020200,524.44,525.77002,518.37,522.34003,553600,524.44,525.77002,518.37,522.34003,553600,78.07,80.86,81.7,76.95,120390.0,-3.29,7.25,7.42,7.12,7.37,24182900,285.97,289.45999,285.79001,288.82001,46390000,96.84,97.22,96.61,97.13,2172300,96.84,97.22,96.61,97.13,2172300,399.54999,402.92999,399.31,402.42001,68261600,399.54999,402.92999,399.31,402.42001,68261600,30.77,31.049999,30.77,31.030001,1621600,3.689,3.829,3.799,3.689,3.689,3.829,3.799,3.689
2022-11-25,16602.26953,16603.31641,16388.4043,16521.8418,1.04081,1.042905,1.035615,1.04081,1756.4801,1761.57996,1745.45996,1756.14001,1756.4801,1761.57996,1745.45996,1756.14001,2.3753e-05,2.3753e-05,2.37248e-05,2.3753e-05,2.3753e-05,2.3753e-05,2.37248e-05,2.3753e-05,55.83,56.049999,55.79,55.96,1951000,55.83,56.049999,55.79,55.96,1951000,484.29999,484.5,481.42001,483.45999,321500,526.87,529.78998,522.080017,527.83002,254400,526.87,529.78998,522.080017,527.83002,254400,76.43,77.57,79.92,76.37,59520.0,-1.95,7.32,7.339,7.19,7.28,10824400,287.19,287.91,286.42001,286.92001,15498800,97.35,97.8,97.18,97.47,1313200,97.35,97.8,97.18,97.47,1313200,401.82999,402.91,401.54001,402.32999,30545400,401.82999,402.91,401.54001,402.32999,30545400,31.059999,31.24,31.030001,31.14,802900,3.691,3.661,3.756,3.65,3.691,3.661,3.756,3.65
2022-11-28,16440.22266,16482.93359,16054.53027,16217.32227,1.036753,1.04967,1.034244,1.036753,1755.0,1764.084961,1739.14001,1740.75,1755.0,1764.084961,1739.14001,1740.75,2.3753e-05,2.3753e-05,2.37248e-05,2.3753e-05,2.3753e-05,2.3753e-05,2.37248e-05,2.3753e-05,55.77,56.0,55.47,55.53,2778700,55.77,56.0,55.47,55.53,2778700,480.10999,485.23999,480.0,483.20999,939000,524.71997,530.53003,522.44,524.88,490600,524.71997,530.53003,522.44,524.88,490600,77.33,76.19,77.89,73.77,132620.0,1.18,7.23,7.4,7.15,7.16,19438000,284.89999,286.95999,281.76001,282.70999,38714200,97.07,98.0,96.46,96.9,4662300,97.07,98.0,96.46,96.9,4662300,399.089996,400.81,395.10999,395.91,67881600,399.089996,400.81,395.10999,395.91,67881600,30.94,31.11,30.7,30.75,1956100,3.679,3.692,3.72,3.62,3.679,3.692,3.72,3.62
2022-11-29,16217.63965,16522.25781,16139.39648,16444.98242,1.034554,1.039415,1.032546,1.034554,1740.81995,1759.32996,1738.97998,1749.72998,1740.81995,1759.32996,1738.97998,1749.72998,2.37248e-05,2.3753e-05,2.37248e-05,2.37248e-05,2.37248e-05,2.3753e-05,2.37248e-05,2.37248e-05,55.2,55.52,55.16,55.19,2403800,55.2,55.52,55.16,55.19,2403800,483.10001,485.10001,481.73999,484.10001,802600,524.87,529.70001,523.20001,528.34998,385500,524.87,529.70001,523.20001,528.34998,385500,78.28,76.66,79.73,76.4,109110.0,1.23,7.2,7.3,7.05,7.08,22150800,282.94,283.35001,279.17001,280.57001,35618900,96.8,97.91,96.61,97.43,2916100,96.8,97.91,96.61,97.43,2916100,396.049988,397.29999,393.29999,395.23001,52310000,396.049988,397.29999,393.29999,395.23001,52310000,30.96,31.2,30.95,30.98,2307600,3.75,3.692,3.763,3.648,3.75,3.692,3.763,3.648
2022-11-30,16445.47656,17190.9375,16445.47656,17168.56641,1.03245,1.039458,1.02923,1.03245,1749.82495,1770.38501,1744.40503,1768.44995,1749.82495,1770.38501,1744.40503,1768.44995,2.3753e-05,2.3753e-05,2.37248e-05,2.3753e-05,2.3753e-05,2.3753e-05,2.37248e-05,2.3753e-05,55.07,56.02,54.73,55.8,7965500,55.07,56.02,54.73,55.8,7965500,480.0,485.95001,477.73001,485.19,1470000,527.95001,534.89001,524.46002,533.28998,786500,527.95001,534.89001,524.46002,533.28998,786500,80.66,78.98,81.41,78.48,90290.0,3.04,7.14,7.51,7.033,7.5,32745700,280.84,293.47,279.97,293.35999,74718100,97.52,98.84,96.040001,98.72,6191200,97.52,98.84,96.040001,98.72,6191200,395.48999,407.67999,393.48001,407.67999,144566700,395.48999,407.67999,393.48001,407.67999,144566700,31.38,31.65,31.01,31.53,2643600,3.611,3.748,3.798,3.6,3.611,3.748,3.798,3.6
2022-12-01,17168.00195,17197.49805,16888.38867,16967.13281,1.042535,1.053141,1.039793,1.042535,1768.53503,1804.31995,1767.36499,1802.89001,1768.53503,1804.31995,1767.36499,1802.89001,2.37248e-05,2.37248e-05,2.37248e-05,2.37248e-05,2.37248e-05,2.37248e-05,2.37248e-05,2.37248e-05,56.25,56.35,55.78,56.18,4397600,56.25,56.35,55.78,56.18,4397600,486.51999,488.0,480.67001,483.69,913600,534.62,535.41998,521.59998,530.29999,568100,534.62,535.41998,521.59998,530.29999,568100,81.14,80.61,83.27,80.07,116200.0,0.6,7.51,7.88,7.47,7.86,34424400,293.69,295.75,290.88,293.72,51547300,99.12,99.96,98.47,99.5,4084200,99.12,99.96,98.47,99.5,4084200,408.76999,410.0,404.75,407.38,76398200,408.76999,410.0,404.75,407.38,76398200,31.94,32.07,31.75,31.82,4753000,3.51,3.62,3.64,3.505,3.51,3.62,3.64,3.505
2022-12-02,16968.68359,17088.66016,16877.88086,17088.66016,1.052842,1.054519,1.043417,1.052842,1803.15002,1804.93005,1778.255,1797.81995,1803.15002,1804.93005,1778.255,1797.81995,2.3753e-05,2.3753e-05,2.3753e-05,2.3753e-05,2.3753e-05,2.3753e-05,2.3753e-05,2.3753e-05,55.37,56.14,55.36,55.93,10397900,55.37,56.14,55.36,55.93,10397900,481.81,498.95001,481.81,496.23001,1744400,528.58002,549.87,527.39001,545.59998,843500,528.58002,549.87,527.39001,545.59998,843500,80.05,81.35,82.12,79.73,96430.0,-1.34,7.615,7.76,7.5,7.66,18740700,288.54001,293.45001,288.35999,292.54999,53583200,98.68,101.15,98.68,101.010002,4339700,98.68,101.15,98.68,101.010002,4339700,402.25,407.85999,402.14001,406.91,85342700,402.25,407.85999,402.14001,406.91,85342700,31.64,32.0,31.64,31.9,2436600,3.492,3.514,3.638,3.474,3.492,3.514,3.638,3.474
2022-12-05,17128.89453,17378.15234,16922.43164,16974.82617,1.054419,1.059412,1.049241,1.054419,1797.91504,1810.33496,1765.32495,1768.39001,1797.91504,1810.33496,1765.32495,1768.39001,2.43013e-05,2.43013e-05,2.37248e-05,2.37248e-05,2.43013e-05,2.43013e-05,2.37248e-05,2.37248e-05,55.21,55.47,54.59,54.76,5890500,55.21,55.47,54.59,54.76,5890500,490.87,494.98001,488.32001,490.67001,1357200,539.52002,543.19,533.84998,541.42999,671100,539.52002,543.19,533.84998,541.42999,671100,77.08,80.03,82.75,76.92,105020.0,-3.71,7.62,7.695,7.105,7.19,32158200,290.38,291.67999,286.14999,287.64001,41482100,99.74,101.29,99.5,100.68,4532000,99.74,101.29,99.5,100.68,4532000,403.95001,404.92999,398.17001,399.59,77289800,403.95001,404.92999,398.17001,399.59,77289800,31.95,32.07,31.58,31.65,3224300,3.583,3.519,3.612,3.502,3.583,3.519,3.612,3.502
2022-12-06,16975.23828,17091.86328,16939.92188,17089.50391,1.049692,1.053208,1.047702,1.049692,1768.66504,1781.46497,1765.72266,1770.91003,1768.66504,1781.46497,1765.72266,1770.91003,2.43013e-05,2.43013e-05,2.37248e-05,2.37248e-05,2.43013e-05,2.43013e-05,2.37248e-05,2.37248e-05,54.9,55.07,54.35,54.59,4416000,54.9,55.07,54.35,54.59,4416000,491.32001,491.32001,482.20001,484.0,1076500,543.79999,543.79999,528.35999,531.81,576600,543.79999,543.79999,528.35999,531.81,576600,74.46,77.46,78.05,73.62,120670.0,-3.4,7.19,7.195,6.88,6.99,32868100,287.48001,287.62,280.26001,281.67999,53937600,101.32,101.49,98.17,98.73,3809700,101.32,101.49,98.17,98.73,3809700,399.42001,399.98999,391.64001,393.82999,77972200,399.42001,399.98999,391.64001,393.82999,77972200,31.65,31.82,31.4,31.59,1777600,3.531,3.586,3.606,3.508,3.531,3.586,3.606,3.508
2022-12-07,17089.50586,17109.37695,16750.55859,16848.12695,1.046901,1.054619,1.044376,1.046901,1771.13501,1790.92004,1768.32495,1786.21997,1771.13501,1790.92004,1768.32495,1786.21997,2.43309e-05,2.43309e-05,2.43013e-05,2.43013e-05,2.43309e-05,2.43309e-05,2.43013e-05,2.43013e-05,54.8,54.96,54.62,54.75,3521800,54.8,54.96,54.62,54.75,3521800,484.29999,489.23999,480.48001,481.20001,999800,532.17999,540.94,529.90002,540.21002,583000,532.17999,540.94,529.90002,540.21002,583000,72.28,74.73,75.53,72.06,148540.0,-2.93,7.08,7.35,7.02,7.07,28351600,280.47,282.57001,278.78,280.53,45614300,98.89,99.63,98.47,99.040001,3220500,98.89,99.63,98.47,99.040001,3220500,392.94,395.64001,391.97,393.16,65927900,392.94,395.64001,391.97,393.16,65927900,31.6,31.73,31.4,31.51,8714400,3.421,3.542,3.559,3.402,3.421,3.542,3.559,3.402
2022-12-08,16847.34961,17267.91602,16788.7832,17233.47461,1.051326,1.056312,1.049164,1.051326,1786.28503,1795.17505,1780.95996,1789.22998,1786.28503,1795.17505,1780.95996,1789.22998,2.43013e-05,2.43309e-05,2.43013e-05,2.43309e-05,2.43013e-05,2.43309e-05,2.43013e-05,2.43309e-05,54.84,55.15,54.68,55.09,2374500,54.84,55.15,54.68,55.09,2374500,485.26001,488.81,481.54999,485.38,762200,545.0,546.75,539.26001,540.54999,378700,545.0,546.75,539.26001,540.54999,378700,71.58,72.65,75.19,71.27,245390.0,-0.97,7.1,7.27,6.94,7.12,23107700,281.91,284.84,279.79001,283.85001,42594900,99.64,100.28,99.19,99.49,2780100,99.64,100.28,99.19,99.49,2780100,395.14001,397.35999,393.26999,396.23999,60737900,395.14001,397.35999,393.26999,396.23999,60737900,31.47,31.59,31.38,31.55,2010400,3.489,3.435,3.506,3.435,3.489,3.435,3.506,3.435
2022-12-09,17232.14844,17280.54688,17100.83594,17133.15234,1.055966,1.05884,1.052,1.055966,1789.30005,1806.44995,1787.96497,1796.63,1789.30005,1806.44995,1787.96497,1796.63,2.43013e-05,2.43309e-05,2.43013e-05,2.43309e-05,2.43013e-05,2.43309e-05,2.43013e-05,2.43309e-05,55.36,55.68,55.25,55.26,2386600,55.36,55.68,55.25,55.26,2386600,485.64001,490.35999,483.20999,483.57999,856400,539.0,545.72998,528.83002,528.94,589600,539.0,545.72998,528.83002,528.94,589600,71.21,71.92,73.0,70.31,146590.0,-0.52,7.06,7.19,7.03,7.11,23346000,282.81,285.64001,281.59,282.040009,47860500,99.24,100.34,98.23,98.27,3328400,99.24,100.34,98.23,98.27,3328400,394.94,397.62,393.14999,393.28,81447700,394.94,397.62,393.14999,393.28,81447700,31.56,31.73,31.46,31.51,2499300,3.586,3.489,3.595,3.452,3.586,3.489,3.595,3.452
2022-12-12,17102.5,17212.56445,16899.39453,17206.4375,1.052222,1.057921,1.050707,1.052222,1797.34998,1798.0,1777.21997,1781.15002,1797.34998,1798.0,1777.21997,1781.15002,2.43013e-05,2.43309e-05,2.43013e-05,2.43309e-05,2.43013e-05,2.43309e-05,2.43013e-05,2.43309e-05,55.17,55.3,54.97,55.25,3164300,55.17,55.3,54.97,55.25,3164300,484.95001,487.17001,482.5,486.32001,1129200,530.5,535.89001,525.91998,535.17999,540500,530.5,535.89001,525.91998,535.17999,540500,73.28,72.02,74.0,70.48,148970.0,2.91,7.11,7.31,7.09,7.29,22672400,282.22,285.64001,281.16,285.57999,35732500,98.6,99.61,98.5,99.56,4578700,98.6,99.61,98.5,99.56,4578700,394.10999,398.95001,393.41,398.95001,75405800,394.10999,398.95001,393.41,398.95001,75405800,31.47,31.54,31.37,31.52,3169000,3.617,3.586,3.632,3.52,3.617,3.586,3.632,3.52
2022-12-13,17206.44141,17930.08594,17111.76367,17781.31836,1.054174,1.066894,1.052931,1.054174,1781.20996,1824.87,1779.81494,1810.29004,1781.20996,1824.87,1779.81494,1810.29004,2.43309e-05,2.43309e-05,2.43309e-05,2.43309e-05,2.43309e-05,2.43309e-05,2.43309e-05,2.43309e-05,56.62,56.62,55.79,55.92,6082600,56.62,56.62,55.79,55.92,6082600,490.0,490.37,478.67001,480.22,1730900,537.01001,537.059998,523.34003,525.59003,853700,537.01001,537.059998,523.34003,525.59003,853700,75.44,73.43,76.3,73.33,190740.0,2.95,7.73,7.97,7.49,7.5,41033800,296.64999,296.88,285.91,288.64999,80667700,101.57,101.96,99.66,99.89,7098700,101.57,101.96,99.66,99.89,7098700,410.22,410.48999,399.070007,401.97,123782500,410.22,410.48999,399.070007,401.97,123782500,31.72,31.83,31.29,31.44,5319200,3.501,3.608,3.63,3.421,3.501,3.608,3.63,3.421
2022-12-14,17782.06641,18318.53125,17739.51367,17815.65039,1.062665,1.066985,1.062011,1.062665,1810.48999,1814.18506,1796.074951,1807.27002,1810.48999,1814.18506,1796.074951,1807.27002,2.43309e-05,2.43309e-05,2.43013e-05,2.43309e-05,2.43309e-05,2.43309e-05,2.43013e-05,2.43309e-05,56.16,56.46,55.47,55.87,5829200,56.16,56.46,55.47,55.87,5829200,481.19,488.26999,480.14001,485.19,1071800,528.75,537.66998,524.95001,531.78003,575900,528.75,537.66998,524.95001,531.78003,575900,77.31,75.22,77.76,74.96,185520.0,2.48,7.5,7.6,7.265,7.35,22653800,288.049988,291.41,283.19,286.51001,64984400,100.29,100.9,99.42,99.95,4939100,100.29,100.9,99.42,99.95,4939100,401.60999,405.5,396.31,399.39999,108111300,401.60999,405.5,396.31,399.39999,108111300,31.48,31.73,31.28,31.48,3133800,3.479,3.499,3.561,3.461,3.479,3.499,3.561,3.461
2022-12-15,17813.64453,17846.74414,17322.58984,17364.86523,1.067635,1.072559,1.060738,1.067635,1807.39502,1809.094971,1772.0,1776.66003,1807.39502,1809.094971,1772.0,1776.66003,2.43309e-05,2.43309e-05,2.43309e-05,2.43309e-05,2.43309e-05,2.43309e-05,2.43309e-05,2.43309e-05,55.17,55.27,54.29,54.51,4615100,55.17,55.27,54.29,54.51,4615100,481.0,485.10001,475.12,478.79001,1067300,532.72998,533.37,522.60999,528.48999,483200,532.72998,533.37,522.60999,528.48999,483200,76.15,77.4,77.83,75.41,188500.0,-1.5,7.17,7.298,7.01,7.01,25417100,282.32999,283.01001,275.67001,276.89001,60554100,99.75,99.79,97.3,98.49,4843000,99.75,99.79,97.3,98.49,4843000,394.29999,395.25,387.89001,389.63,117705900,394.29999,395.25,387.89001,389.63,117705900,31.2,31.22,30.77,30.91,5352500,3.45,3.497,3.523,3.428,3.45,3.497,3.523,3.428
2022-12-16,17364.54688,17505.52539,16584.70117,16647.48438,1.064056,1.066325,1.05994,1.064056,1776.72498,1794.68506,1773.88501,1792.33997,1776.72498,1794.68506,1773.88501,1792.33997,2.43013e-05,2.43013e-05,2.43013e-05,2.43013e-05,2.43013e-05,2.43013e-05,2.43013e-05,2.43013e-05,54.23,54.65,54.13,54.55,3742100,54.23,54.65,54.13,54.55,3742100,475.63,482.60999,473.67001,481.79001,2590600,527.16998,532.38,521.60999,529.87,1429000,527.16998,532.38,521.60999,529.87,1429000,74.46,76.33,76.58,73.4,271860.0,-2.22,7.02,7.08,6.76,6.9,32616200,276.20001,277.76999,272.60999,274.25,68300400,97.46,98.63,96.26,98.34,7610800,97.46,98.63,96.26,98.34,7610800,385.17999,386.57999,381.040009,383.26999,119858000,385.17999,386.57999,381.040009,383.26999,119858000,30.38,30.54,30.25,30.41,2790100,3.488,3.464,3.557,3.459,3.488,3.464,3.557,3.459
2022-12-19,16759.04102,16807.52734,16398.13672,16439.67969,1.058504,1.0659,1.05772,1.058504,1793.125,1799.10498,1783.47998,1787.43994,1793.125,1799.10498,1783.47998,1787.43994,2.43013e-05,2.43309e-05,2.43013e-05,2.43013e-05,2.43013e-05,2.43309e-05,2.43013e-05,2.43013e-05,54.48,54.61,54.09,54.2,3185400,54.48,54.61,54.09,54.2,3185400,481.78,487.98001,479.92999,481.79001,929700,529.58002,538.0,526.46002,532.52002,783700,529.58002,538.0,526.46002,532.52002,783700,75.38,74.62,76.64,74.03,257460.0,1.24,6.8,6.83,6.32,6.35,41511600,273.87,273.95999,268.48999,269.75,44167900,98.5,99.2,97.12,97.54,4732700,98.5,99.2,97.12,97.54,4732700,383.47,383.82001,378.28,380.019989,79878100,383.47,383.82001,378.28,380.019989,79878100,30.57,30.64,30.32,30.39,1923400,3.59,3.51,3.601,3.497,3.59,3.51,3.601,3.497
2022-12-20,16441.78711,17012.98438,16427.86719,16906.30469,1.061458,1.065553,1.058067,1.061458,1787.48999,1821.59998,1784.21497,1817.40845,1787.48999,1821.59998,1784.21497,1817.40845,2.43309e-05,2.43309e-05,2.43309e-05,2.43309e-05,2.43309e-05,2.43309e-05,2.43309e-05,2.43309e-05,55.02,55.55,54.85,54.97,6279300,55.02,55.55,54.85,54.97,6279300,482.88,491.45001,481.82001,486.14999,1014300,533.63,540.81,528.16998,529.57001,642000,533.63,540.81,528.16998,529.57001,642000,76.23,75.77,76.96,74.46,254790.0,1.13,6.29,6.54,6.2,6.31,30215600,268.56,271.32001,266.95001,269.54001,51064200,97.4,98.96,97.29,98.18,3907000,97.4,98.96,97.29,98.18,3907000,379.23001,382.23001,377.85001,380.54001,74427200,379.23001,382.23001,377.85001,380.54001,74427200,30.4,30.6,30.39,30.53,1037200,3.692,3.596,3.711,3.583,3.692,3.596,3.711,3.583
2022-12-21,16904.52734,16916.80078,16755.91211,16817.53516,1.062699,1.064351,1.059704,1.062699,1818.055054,1824.38501,1811.23999,1814.13,1818.055054,1824.38501,1811.23999,1814.13,2.43309e-05,2.43309e-05,2.41838e-05,2.43309e-05,2.43309e-05,2.43309e-05,2.41838e-05,2.43309e-05,54.98,55.25,54.83,54.89,4500700,54.98,55.25,54.83,54.89,4500700,487.88,490.57001,485.69,487.64999,988300,531.0,540.56,529.78003,538.78998,518600,531.0,540.56,529.78003,538.78998,518600,78.24,76.0,78.56,75.81,65190.0,2.64,6.24,6.52,6.04,6.5,34408600,270.60001,274.78,269.73999,273.45001,46394700,99.019997,99.85,98.7,99.76,3610000,99.019997,99.85,98.7,99.76,3610000,383.25,387.41,382.69,386.23001,78167400,383.25,387.41,382.69,386.23001,78167400,30.69,30.97,30.66,30.9,1098500,3.673,3.705,3.722,3.621,3.673,3.705,3.722,3.621
2022-12-22,16818.38086,16866.67383,16592.4082,16830.3418,1.061008,1.065746,1.058403,1.061008,1814.20496,1821.099976,1784.11499,1792.56995,1814.20496,1821.099976,1784.11499,1792.56995,2.41546e-05,2.41838e-05,2.41546e-05,2.41838e-05,2.41546e-05,2.41838e-05,2.41546e-05,2.41838e-05,54.91,54.93,54.3,54.73,3898600,54.91,54.93,54.3,54.73,3898600,486.5,486.82001,473.95001,479.29999,1520700,539.0,542.099976,526.38,531.37,434600,539.0,542.099976,526.38,531.37,434600,77.42,78.28,79.77,77.01,62700.0,-1.05,6.37,6.38,6.18,6.32,28066000,270.38,270.51001,262.45999,266.76001,60278400,99.46,99.61,96.98,98.51,3165000,99.46,99.61,96.98,98.51,3165000,383.049988,386.20999,374.76999,380.72,100120900,383.049988,386.20999,374.76999,380.72,100120900,30.77,30.77,30.33,30.62,4194500,3.686,3.666,3.692,3.628,3.686,3.666,3.692,3.628
2022-12-23,16829.64453,16905.21875,16794.45898,16796.95312,1.060333,1.063117,1.058795,1.060333,1792.64502,1803.59998,1789.61621,1797.91003,1792.64502,1803.59998,1789.61621,1797.91003,2.41838e-05,2.41838e-05,2.41838e-05,2.41838e-05,2.41838e-05,2.41838e-05,2.41838e-05,2.41838e-05,54.58,54.85,54.44,54.77,2062900,54.58,54.85,54.44,54.77,2062900,479.5,484.17999,478.35999,483.29001,661600,531.71002,536.25,529.88,534.77002,475700,531.71002,536.25,529.88,534.77002,475700,79.64,78.14,80.19,77.87,79460.0,2.87,6.27,6.3,6.07,6.29,20419000,265.47,268.040009,263.53,267.35999,39373600,98.51,99.41,98.029999,99.3,2119300,98.51,99.41,98.029999,99.3,2119300,379.64999,383.059998,378.029999,382.91,59857300,379.64999,383.059998,378.029999,382.91,59857300,30.54,30.82,30.53,30.81,1179300,3.751,3.682,3.753,3.676,3.751,3.682,3.753,3.676
2022-12-27,16919.29102,16959.8457,16642.07227,16717.17383,1.064022,1.0669,1.061244,1.064022,1796.67004,1833.3927,1796.20496,1813.93005,1796.67004,1833.3927,1796.20496,1813.93005,2.42131e-05,2.42131e-05,2.41838e-05,2.42131e-05,2.42131e-05,2.42131e-05,2.41838e-05,2.42131e-05,54.58,54.76,54.4,54.52,1957300,54.58,54.76,54.4,54.52,1957300,485.0,489.23999,483.5,485.5,788800,538.0,544.039978,537.0,541.19,454500,538.0,544.039978,537.0,541.19,454500,79.64,79.99,81.21,79.28,67690.0,-1.64,6.15,6.22,5.92,6.0,34573300,266.73999,266.85001,263.029999,263.57999,38009000,99.6,100.24,99.33,99.66,2600200,99.6,100.24,99.33,99.66,2600200,382.79001,383.14999,379.64999,381.39999,51638200,382.79001,383.14999,379.64999,381.39999,51638200,30.84,30.9,30.73,30.83,1117100,3.849,3.745,3.862,3.727,3.849,3.745,3.862,3.727
2022-12-28,16716.40039,16768.16992,16497.55664,16552.57227,1.063717,1.06743,1.061391,1.063717,1814.0,1815.18005,1796.56006,1804.089966,1814.0,1815.18005,1796.56006,1804.089966,2.41546e-05,2.41546e-05,2.41546e-05,2.41546e-05,2.41546e-05,2.41546e-05,2.41546e-05,2.41546e-05,54.62,54.76,53.87,53.87,2674700,54.62,54.76,53.87,53.87,2674700,486.14999,489.0,482.89999,483.22,810300,543.45001,545.37,540.23999,540.40997,718100,543.45001,545.37,540.23999,540.40997,718100,79.08,80.02,80.02,77.45,62680.0,-0.7,5.98,6.17,5.95,6.07,30096800,263.17001,265.47,259.73001,260.10001,47139000,99.75,100.34,99.11,99.14,2418700,99.75,100.34,99.11,99.14,2418700,381.32999,383.39001,376.42001,376.66,70911500,381.32999,383.39001,376.42001,376.66,70911500,31.030001,31.12,30.54,30.55,1369100,3.886,3.847,3.892,3.805,3.886,3.847,3.892,3.805
2022-12-29,16552.32227,16651.75586,16508.68359,16642.3418,1.062925,1.067019,1.061233,1.062925,1804.15503,1820.52002,1802.02002,1814.89001,1804.15503,1820.52002,1802.02002,1814.89001,2.41838e-05,2.41838e-05,2.41546e-05,2.41838e-05,2.41838e-05,2.41838e-05,2.41546e-05,2.41838e-05,54.62,55.02,54.59,54.87,2845700,54.62,55.02,54.59,54.87,2845700,484.0,489.57001,483.29999,487.049988,764000,540.21997,544.21997,538.21002,542.0,487100,540.21997,544.21997,538.21002,542.0,487100,78.5,79.01,79.01,76.94,53320.0,-0.73,6.1,6.525,6.1,6.4,42694200,262.95999,267.39999,262.25,266.44,45893600,99.23,100.6,99.080002,100.33,2940600,99.23,100.6,99.080002,100.33,2940600,379.63,384.35001,379.079987,383.44,66970900,379.63,384.35001,379.079987,383.44,66970900,30.73,30.89,30.7,30.81,668300,3.82,3.873,3.886,3.816,3.82,3.873,3.886,3.816
2022-12-30,16641.33008,16643.42773,16408.47461,16602.58594,1.066075,1.069793,1.06392,1.066075,1815.14001,1826.73499,1809.83997,1824.40002,1815.14001,1826.73499,1809.83997,1824.40002,2.41838e-05,2.41838e-05,2.41546e-05,2.41838e-05,2.41838e-05,2.41838e-05,2.41546e-05,2.41838e-05,54.58,54.74,54.37,54.44,4266100,54.58,54.74,54.37,54.44,4266100,488.0,489.81,481.23999,486.48999,910000,542.92999,546.87,539.51001,545.60999,564700,542.92999,546.87,539.51001,545.60999,564700,80.45,78.75,80.81,77.85,72810.0,2.48,6.19,6.42,6.19,6.42,27608500,263.62,266.41,262.29001,266.28,37858300,100.28,101.010002,99.78,100.92,2984100,100.28,101.010002,99.78,100.92,2984100,380.64001,382.57999,378.42999,382.42999,84022200,380.64001,382.57999,378.42999,382.42999,84022200,30.63,30.8,30.56,30.66,1938400,3.879,3.826,3.905,3.82,3.879,3.826,3.905,3.82
2023-01-03,16688.84766,16760.44727,16622.37109,16679.85742,1.067771,1.068262,1.052155,1.067771,1826.13501,1850.69495,1824.42004,1839.48999,1826.13501,1850.69495,1824.42004,1839.48999,2.41838e-05,2.41838e-05,2.41838e-05,2.41838e-05,2.41838e-05,2.41838e-05,2.41838e-05,2.41838e-05,55.049999,55.31,54.57,54.7,4802700,55.049999,55.31,54.57,54.7,4802700,483.39001,484.25,474.01001,477.53,1657200,544.91998,547.79999,537.90002,540.33002,615200,544.91998,547.79999,537.90002,540.33002,615200,77.12,80.66,81.62,76.81,139840.0,-4.16,6.58,6.64,6.275,6.39,29969900,268.64999,270.14999,262.13,264.48001,42335300,100.99,101.23,100.099998,100.81,3532300,100.99,101.23,100.099998,100.81,3532300,384.37,386.42999,377.82999,380.82001,74850700,384.37,386.42999,377.82999,380.82001,74850700,30.92,31.11,30.67,30.77,1934900,3.752,3.848,3.848,3.724,3.752,3.848,3.848,3.724
2023-01-04,16680.20508,16964.58594,16667.76367,16863.23828,1.054685,1.063151,1.054596,1.054685,1839.51001,1865.495,1835.92004,1854.089966,1839.51001,1865.495,1835.92004,1854.089966,2.41546e-05,2.41546e-05,2.41546e-05,2.41546e-05,2.41546e-05,2.41546e-05,2.41546e-05,2.41546e-05,54.68,54.74,54.02,54.16,7988000,54.68,54.74,54.02,54.16,7988000,473.25,479.70001,469.29999,476.5,1391300,535.87,540.34998,522.37,526.45001,939800,535.87,540.34998,522.37,526.45001,939800,73.1,77.41,77.62,73.01,149770.0,-5.21,6.48,6.675,6.37,6.58,31660500,266.64001,267.45001,262.53,265.73999,47754900,100.51,102.099998,100.41,100.84,5635100,100.51,102.099998,100.41,100.84,5635100,383.17999,385.88,380.0,383.76001,85934100,383.17999,385.88,380.0,383.76001,85934100,31.040001,31.17,30.88,31.12,1691600,3.69,3.758,3.763,3.664,3.69,3.758,3.763,3.664
2023-01-05,16863.47266,16884.02148,16790.2832,16836.73633,1.060637,1.063264,1.051558,1.060637,1854.19495,1859.35999,1824.67505,1833.18994,1854.19495,1859.35999,1824.67505,1833.18994,2.41546e-05,2.41838e-05,2.41546e-05,2.41546e-05,2.41546e-05,2.41838e-05,2.41546e-05,2.41546e-05,53.41,53.7,53.27,53.43,3930800,53.41,53.7,53.27,53.43,3930800,475.69,478.14001,469.89999,477.070007,1210100,526.53003,533.71002,522.94,528.52002,766600,526.53003,533.71002,522.94,528.52002,766600,73.92,73.51,75.15,72.74,112450.0,1.12,6.45,6.49,6.25,6.32,34186000,264.040009,264.20999,261.26001,261.57999,45396700,100.27,101.46,99.66,100.88,4967200,100.27,101.46,99.66,100.88,4967200,381.72,381.84,378.76001,379.38,76970500,381.72,381.84,378.76001,379.38,76970500,30.93,31.049999,30.87,30.98,1378700,3.722,3.698,3.784,3.683,3.722,3.698,3.784,3.683
2023-01-06,16836.47266,16991.99414,16716.42188,16951.96875,1.052222,1.062225,1.048526,1.052222,1833.26501,1870.37,1830.53003,1865.70996,1833.26501,1870.37,1830.53003,1865.70996,2.41546e-05,2.41546e-05,2.41546e-05,2.41546e-05,2.41546e-05,2.41546e-05,2.41546e-05,2.41546e-05,53.86,54.83,53.57,54.77,4643200,53.86,54.83,53.57,54.77,4643200,480.0,488.0,465.76999,473.23999,1969200,529.81,540.84998,505.049988,521.41998,1084600,529.81,540.84998,505.049988,521.41998,1084600,74.04,74.18,75.71,73.52,95220.0,0.16,6.4,6.45,6.09,6.4,30574900,263.35001,269.94,260.34,268.79999,54659700,101.9,103.95,101.3,102.46,6411700,101.9,103.95,101.3,102.46,6411700,382.60999,389.25,379.41,388.079987,104189600,382.60999,389.25,379.41,388.079987,104189600,31.1,31.74,31.01,31.69,3228000,3.56,3.727,3.755,3.551,3.56,3.727,3.755,3.551
2023-01-09,17093.99219,17389.95703,17093.99219,17196.55469,1.065632,1.075951,1.06528,1.065632,1865.45496,1881.80005,1864.58997,1871.58997,1865.45496,1881.80005,1864.58997,1871.58997,2.41838e-05,2.41838e-05,2.41838e-05,2.41838e-05,2.41838e-05,2.41838e-05,2.41838e-05,2.41838e-05,55.0,55.38,54.86,54.89,3307100,55.0,55.38,54.86,54.89,3307100,467.79001,470.79001,455.29999,458.98999,2377000,518.030029,518.030029,488.12,495.41,1853000,518.030029,518.030029,488.12,495.41,1853000,74.92,73.87,76.97,73.79,154200.0,1.19,6.49,6.67,6.4,6.5,31028900,270.82999,275.29001,269.92001,270.54001,45568700,102.73,102.78,98.78,99.6,6377300,102.73,102.78,98.78,99.6,6377300,390.37,393.70001,387.67001,387.85999,73978100,390.37,393.70001,387.67001,387.85999,73978100,31.88,32.02,31.77,31.79,1942300,3.527,3.578,3.61,3.508,3.527,3.578,3.61,3.508
2023-01-10,17192.94922,17484.7207,17162.99023,17446.29297,1.073318,1.075685,1.071318,1.073318,1871.66003,1881.035034,1867.37,1877.27002,1871.66003,1881.035034,1867.37,1877.27002,2.41838e-05,2.41838e-05,2.41546e-05,2.41838e-05,2.41838e-05,2.41838e-05,2.41546e-05,2.41838e-05,54.7,54.82,54.41,54.76,2293300,54.7,54.82,54.41,54.76,2293300,462.17999,465.47,456.89999,462.29001,1003400,496.97,502.31,490.95001,495.79001,902200,496.97,502.31,490.95001,495.79001,902200,75.37,75.16,76.16,74.16,164980.0,0.6,6.5,6.72,6.49,6.7,28236600,269.48999,272.94,268.97,272.82999,35247800,99.42,101.080002,99.019997,99.92,4701900,99.42,101.080002,99.019997,99.92,4701900,387.25,390.64999,386.26999,390.57999,65358100,387.25,390.64999,386.26999,390.57999,65358100,31.81,31.89,31.7,31.86,1229300,3.615,3.534,3.639,3.521,3.615,3.534,3.639,3.521
2023-01-11,17446.35938,17934.89648,17337.99414,17934.89648,1.073895,1.07747,1.072685,1.073895,1877.29504,1887.089966,1866.75,1876.38,1877.29504,1887.089966,1866.75,1876.38,2.41838e-05,2.41838e-05,2.41838e-05,2.41838e-05,2.41838e-05,2.41838e-05,2.41838e-05,2.41838e-05,55.16,55.23,54.95,55.2,4146200,55.16,55.23,54.95,55.2,4146200,463.37,465.54999,461.040009,463.0,1056400,496.20001,499.35999,489.48999,492.92999,944000,496.20001,499.35999,489.48999,492.92999,944000,77.68,75.06,78.06,74.56,179830.0,3.06,6.84,6.99,6.76,6.98,25936700,273.92001,277.66,273.12,277.54999,44077000,100.12,100.33,98.93,99.59,4518700,100.12,100.33,98.93,99.59,4518700,392.23001,395.60001,391.38,395.51999,68881100,392.23001,395.60001,391.38,395.51999,68881100,32.02,32.02,31.8,32.0,2998300,3.543,3.608,3.613,3.528,3.543,3.608,3.613,3.528
2023-01-12,18117.59375,19030.08789,17995.20312,18869.58789,1.0766,1.083835,1.073802,1.0766,1876.42505,1901.875,1873.63501,1896.85999,1876.42505,1901.875,1873.63501,1896.85999,2.41546e-05,2.41546e-05,2.41546e-05,2.41546e-05,2.41546e-05,2.41546e-05,2.41546e-05,2.41546e-05,56.07,56.53,55.48,56.53,4269600,56.07,56.53,55.48,56.53,4269600,462.98999,465.88,459.19,461.73999,936600,491.70999,494.0,485.89001,487.98001,1097800,491.70999,494.0,485.89001,487.98001,1097800,78.65,77.9,79.37,77.35,188060.0,1.25,7.01,7.05,6.78,7.01,30152500,278.12,280.10001,273.73999,279.049988,60600000,99.85,100.74,99.53,100.68,4221400,99.85,100.74,99.53,100.68,4221400,396.67001,398.48999,392.42001,396.95999,90157700,396.67001,398.48999,392.42001,396.95999,90157700,32.16,32.44,31.85,32.37,5060800,3.444,3.552,3.591,3.424,3.444,3.552,3.591,3.424
2023-01-13,18868.90625,19964.32227,18753.16406,19909.57422,1.086024,1.086779,1.078063,1.086024,1897.030029,1922.23999,1891.80005,1920.20996,1897.030029,1922.23999,1891.80005,1920.20996,2.41838e-05,2.41838e-05,2.41838e-05,2.41838e-05,2.41838e-05,2.41838e-05,2.41838e-05,2.41838e-05,56.37,56.79,56.33,56.77,5024200,56.37,56.79,56.33,56.77,5024200,446.5,453.70999,444.73999,449.82999,2208600,474.39999,474.39999,454.79001,461.42999,2608900,474.39999,474.39999,454.79001,461.42999,2608900,80.11,78.58,80.37,78.23,189320.0,1.86,6.84,7.01,6.81,6.96,20949600,276.5,281.22,276.16,280.97,44802900,97.74,99.050003,97.51,98.68,4968000,97.74,99.050003,97.51,98.68,4968000,393.62,399.10001,393.34,398.5,63903900,393.62,399.10001,393.34,398.5,63903900,32.34,32.64,32.34,32.62,1386200,3.498,3.447,3.514,3.418,3.498,3.447,3.514,3.418
2023-01-17,21175.83398,21438.66016,20978.5332,21161.51953,1.083013,1.086909,1.078702,1.083013,1917.81494,1919.82996,1903.505,1908.39001,1917.81494,1919.82996,1903.505,1908.39001,2.41546e-05,2.41838e-05,2.3753e-05,2.3753e-05,2.41546e-05,2.41838e-05,2.3753e-05,2.3753e-05,57.11,57.35,57.060001,57.31,8498300,57.11,57.35,57.060001,57.31,8498300,450.29999,453.5,446.67001,447.16,1753100,463.34,465.23001,453.73001,455.57001,1934700,463.34,465.23001,453.73001,455.57001,1934700,80.45,80.34,81.51,78.8,267910.0,1.78,6.99,7.15,6.73,7.07,30910300,280.76999,282.85001,279.57999,281.54001,36269700,99.25,99.65,98.36,98.43,3959000,99.25,99.65,98.36,98.43,3959000,398.48001,400.23001,397.059998,397.76999,62677300,398.48001,400.23001,397.059998,397.76999,62677300,32.74,32.84,32.6,32.68,1371800,3.549,3.527,3.585,3.496,3.549,3.527,3.585,3.496
2023-01-18,21161.05078,21564.50195,20541.54492,20688.78125,1.079331,1.088447,1.076704,1.079331,1908.46497,1926.29504,1896.55957,1903.76001,1908.46497,1926.29504,1896.55957,1903.76001,2.41546e-05,2.41838e-05,2.3753e-05,2.3753e-05,2.41546e-05,2.41838e-05,2.3753e-05,2.3753e-05,57.98,58.080002,57.21,57.23,4175700,57.98,58.080002,57.21,57.23,4175700,447.16,448.23001,440.64999,441.26999,1645100,453.73001,454.079987,445.51001,446.059998,1927400,453.73001,454.079987,445.51001,446.059998,1927400,79.8,81.34,82.66,79.21,326230.0,-0.81,7.155,7.3,6.88,6.9,32743400,283.10999,284.69,277.67001,277.88,47754500,98.66,98.66,95.67,95.74,5321800,98.66,98.66,95.67,95.74,5321800,399.01001,400.12,391.28,391.48999,99632300,399.01001,400.12,391.28,391.48999,99632300,33.040001,33.09,32.61,32.61,3809900,3.373,3.546,3.562,3.368,3.373,3.546,3.562,3.368
2023-01-19,20686.74609,21163.01172,20685.38086,21086.79297,1.079785,1.083306,1.078295,1.079785,1903.83496,1935.40002,1900.48499,1931.39001,1903.83496,1935.40002,1900.48499,1931.39001,2.41546e-05,2.41546e-05,2.41546e-05,2.41546e-05,2.41546e-05,2.41546e-05,2.41546e-05,2.41546e-05,57.19,57.34,57.0,57.2,5455300,57.19,57.34,57.0,57.2,5455300,442.76001,445.92001,439.029999,439.31,1469900,448.14999,453.01001,442.20999,442.31,1376600,448.14999,453.01001,442.20999,442.31,1376600,80.61,79.43,81.49,78.45,321130.0,1.02,6.8,6.895,6.67,6.73,24841700,276.22,277.38,273.89001,275.14999,44150400,95.23,95.53,94.16,94.24,4641500,95.23,95.53,94.16,94.24,4641500,389.35999,391.079987,387.26001,388.64001,86958900,389.35999,391.079987,387.26001,388.64001,86958900,32.49,32.75,32.46,32.69,1299300,3.399,3.379,3.428,3.321,3.399,3.379,3.428,3.321
2023-01-20,21085.37305,22692.35742,20919.12695,22676.55273,1.083388,1.085658,1.080462,1.083388,1931.47998,1937.71814,1920.57642,1926.57397,1931.47998,1937.71814,1920.57642,1926.57397,2.41546e-05,2.41838e-05,2.41546e-05,2.41546e-05,2.41546e-05,2.41838e-05,2.41546e-05,2.41546e-05,57.12,57.85,57.02,57.85,4456800,57.12,57.85,57.02,57.85,4456800,441.34,443.35001,437.62,443.28,1410000,445.98999,452.29999,440.089996,450.76001,2130900,445.98999,452.29999,440.089996,450.76001,2130900,81.64,80.84,81.91,79.91,300150.0,1.28,6.76,7.06,6.72,7.02,28701900,276.79001,283.019989,275.70999,282.67999,60613600,94.15,94.44,93.34,94.36,8216200,94.15,94.44,93.34,94.36,8216200,390.10001,396.040009,388.38,395.88,91806400,390.10001,396.040009,388.38,395.88,91806400,32.52,32.79,32.49,32.76,1221700,3.482,3.399,3.501,3.39,3.482,3.399,3.501,3.39
2023-01-23,22721.08789,23126.48633,22654.30469,22934.43164,1.086472,1.091953,1.084752,1.086508,1926.20496,1935.69055,1911.43506,1931.30005,1926.20496,1935.69055,1911.43506,1931.30005,2.41838e-05,2.41838e-05,2.41838e-05,2.41838e-05,2.41838e-05,2.41838e-05,2.41838e-05,2.41838e-05,57.37,57.81,57.27,57.69,4207500,57.37,57.81,57.27,57.69,4207500,443.10999,446.82999,440.85999,441.28,1739600,451.97,454.48001,448.32999,450.87,1054900,451.97,454.48001,448.32999,450.87,1054900,81.93,82.12,82.89,81.32,104290.0,0.36,7.03,7.41,6.991,7.38,31633300,283.54001,290.20999,282.73001,288.95999,52799900,94.8,96.93,94.51,96.25,5686600,94.8,96.93,94.51,96.25,5686600,396.72,402.64999,395.72,400.63,84178800,396.72,402.64999,395.72,400.63,84178800,32.59,32.79,32.58,32.76,3299700,3.521,3.486,3.549,3.464,3.521,3.486,3.549,3.464
2023-01-24,22929.62695,23134.01172,22549.74414,22636.46875,1.087429,1.089681,1.083929,1.087429,1931.35498,1942.92505,1916.82495,1937.44995,1931.35498,1942.92505,1916.82495,1937.44995,2.41838e-05,2.41838e-05,2.41546e-05,2.41838e-05,2.41838e-05,2.41838e-05,2.41546e-05,2.41838e-05,57.81,58.23,57.58,58.080002,3058200,57.81,58.23,57.58,58.080002,3058200,442.17001,450.95999,437.69,449.23001,2865000,452.20999,462.98999,448.0,459.31,1119100,452.20999,462.98999,448.0,459.31,1119100,80.44,81.94,82.51,79.98,93040.0,-1.82,8.76,8.76,5.84,7.02,22649700,287.31,289.54999,286.78,288.37,44875100,98.87,99.82,94.019997,99.47,8308000,98.87,99.82,94.019997,99.47,8308000,398.88,401.14999,397.64001,400.20001,59524900,398.88,401.14999,397.64001,400.20001,59524900,32.3,32.5,32.22,32.46,1285400,3.455,3.513,3.556,3.453,3.455,3.513,3.556,3.453
2023-01-25,22639.26758,23722.09961,22406.07617,23117.85938,1.088815,1.092263,1.085812,1.088815,1937.53503,1948.12,1919.88,1945.93005,1937.53503,1948.12,1919.88,1945.93005,2.38039e-05,2.38095e-05,2.38039e-05,2.38095e-05,2.38039e-05,2.38095e-05,2.38039e-05,2.38095e-05,58.35,58.82,58.27,58.78,2967500,58.35,58.82,58.27,58.78,2967500,448.0,455.81,444.84,454.16,2352500,457.79001,466.0,457.67001,463.29001,1141700,457.79001,466.0,457.67001,463.29001,1141700,80.44,80.44,81.5,79.77,101060.0,0.0,6.92,7.27,6.69,7.22,37147900,283.76999,288.35999,281.17999,287.73001,50872000,99.3,100.010002,97.58,100.010002,5967300,99.3,100.010002,97.58,100.010002,5967300,395.95001,400.70001,393.56,400.35001,84800300,395.95001,400.70001,393.56,400.35001,84800300,32.28,32.64,32.26,32.62,2922200,3.451,3.449,3.489,3.42,3.451,3.449,3.489,3.42
2023-01-26,23108.95508,23237.07813,22911.37305,23032.77734,1.092204,1.093255,1.085164,1.092204,1946.094971,1949.27087,1918.745,1928.98999,1946.094971,1949.27087,1918.745,1928.98999,2.38039e-05,2.38095e-05,2.38039e-05,2.38095e-05,2.38039e-05,2.38095e-05,2.38039e-05,2.38095e-05,58.75,58.81,58.25,58.66,2231000,58.75,58.81,58.25,58.66,2231000,455.35001,463.76001,452.82999,459.81,2168900,458.0,473.20001,438.98999,443.47,3119200,458.0,473.20001,438.98999,443.47,3119200,81.28,80.44,82.38,80.21,98180.0,1.04,7.37,7.45,7.04,7.24,28005600,291.22,293.51999,288.51999,293.34,51596300,100.68,100.93,99.13,100.25,4302900,100.68,100.93,99.13,100.25,4302900,403.13,404.92001,400.029999,404.75,72287400,403.13,404.92001,400.029999,404.75,72287400,32.64,32.75,32.46,32.74,872900,3.506,3.442,3.52,3.436,3.506,3.442,3.52,3.436
2023-01-27,23030.7168,23417.7207,22654.59375,23078.72852,1.089443,1.090156,1.083882,1.089443,1929.40002,1935.14502,1916.64502,1927.33997,1929.40002,1935.14502,1916.64502,1927.33997,2.38039e-05,2.38095e-05,2.38039e-05,2.38095e-05,2.38039e-05,2.38095e-05,2.38039e-05,2.38095e-05,58.6,58.91,58.52,58.82,3369800,58.6,58.91,58.52,58.82,3369800,460.85999,466.67999,457.45001,459.60001,1587700,433.17999,443.98999,430.94,437.64999,2143600,433.17999,443.98999,430.94,437.64999,2143600,79.96,81.44,82.69,79.32,123920.0,-1.62,7.19,7.73,7.14,7.55,37500000,292.0,298.26001,291.88,296.26001,56441900,99.85,100.54,99.33,99.6,3365800,99.85,100.54,99.33,99.6,3365800,403.66,408.16,403.44,405.67999,68346200,403.66,408.16,403.44,405.67999,68346200,32.55,32.69,32.4,32.58,4165200,3.507,3.506,3.565,3.502,3.507,3.506,3.565,3.502
2023-01-30,23774.64844,23789.34766,22657.58203,22840.13867,1.087146,1.091501,1.085458,1.087146,1928.39502,1934.61499,1920.58496,1922.51733,1928.39502,1934.61499,1920.58496,1922.51733,2.38039e-05,2.38095e-05,2.38039e-05,2.38095e-05,2.38039e-05,2.38095e-05,2.38039e-05,2.38095e-05,58.58,58.86,58.47,58.47,3389100,58.58,58.86,58.47,58.47,3389100,462.0,466.70001,459.89999,460.59,1642000,445.01001,448.64999,436.48999,439.28,1531200,445.01001,448.64999,436.48999,439.28,1531200,78.18,80.12,80.78,77.96,101700.0,-2.23,7.5,7.61,7.36,7.37,28567800,292.92999,294.38,289.89001,290.26999,49405800,99.5,99.8,97.86,98.71,4607300,99.5,99.8,97.86,98.71,4607300,402.79999,405.13,400.28,400.59,74202000,402.79999,405.13,400.28,400.59,74202000,32.58,32.7,32.52,32.52,1055300,3.542,3.511,3.574,3.494,3.542,3.511,3.574,3.494
2023-01-31,22840.79688,23225.02148,22765.56836,23139.2832,1.085069,1.086838,1.080415,1.085069,1922.81995,1931.15417,1900.745,1927.88,1922.81995,1931.15417,1900.745,1927.88,2.38067e-05,2.38095e-05,2.38067e-05,2.38095e-05,2.38067e-05,2.38095e-05,2.38067e-05,2.38095e-05,58.33,58.69,58.13,58.67,3092000,58.33,58.69,58.13,58.67,3092000,462.28,463.48001,459.01001,463.26001,2062000,441.42001,448.070007,435.63,448.040009,1320500,441.42001,448.070007,435.63,448.040009,1320500,79.17,78.19,79.53,76.85,88380.0,1.27,7.41,7.82,7.38,7.78,40984000,290.31,294.72,290.20001,294.62,46705100,98.8,99.98,98.23,99.85,4099500,98.8,99.98,98.23,99.85,4099500,401.13,406.53,400.76999,406.48001,86811800,401.13,406.53,400.76999,406.48001,86811800,32.36,32.59,32.31,32.57,809600,3.51,3.546,3.553,3.487,3.51,3.546,3.553,3.487
2023-02-01,23137.83594,23764.53906,22877.75,23723.76953,1.086095,1.092443,1.085293,1.086095,1927.92004,1954.63,1920.56006,1950.42004,1927.92004,1954.63,1920.56006,1950.42004,2.38067e-05,2.38095e-05,2.38067e-05,2.38095e-05,2.38067e-05,2.38095e-05,2.38067e-05,2.38095e-05,58.33,59.040001,57.94,58.87,5407800,58.33,59.040001,57.94,58.87,5407800,462.51001,465.28,459.79999,462.25,1242500,445.45001,449.019989,442.12,442.59,901300,445.45001,449.019989,442.12,442.59,901300,76.73,79.35,80.01,76.37,113870.0,-3.08,7.73,8.22,7.68,8.2,50123700,294.41,303.42999,292.29999,300.92001,67562200,99.93,99.99,97.6,98.42,5155100,99.93,99.99,97.6,98.42,5155100,405.20999,413.67001,402.35001,410.79999,101459200,405.20999,413.67001,402.35001,410.79999,101459200,32.49,32.81,32.2,32.68,3742700,3.417,3.516,3.52,3.387,3.417,3.516,3.52,3.387
2023-02-02,23720.82422,24167.21094,23468.5957,23471.87109,1.10129,1.10266,1.088767,1.10129,1950.53503,1959.76941,1911.3291,1912.37,1950.53503,1959.76941,1911.3291,1912.37,2.38067e-05,2.38067e-05,2.38067e-05,2.38067e-05,2.38067e-05,2.38067e-05,2.38067e-05,2.38067e-05,59.0,59.0099983,58.42,58.73,5095600,59.0,59.0099983,58.42,58.73,5095600,458.37,460.42999,453.92001,457.19,2104700,439.44,444.67999,436.0,440.85999,1236700,439.44,444.67999,436.0,440.85999,1236700,76.2,77.06,77.54,75.3,94840.0,-0.69,8.51,9.21,8.47,8.99,71889700,307.57001,313.67999,306.73001,311.72,83070600,98.29,98.42,96.58,96.96,6035700,98.29,98.42,96.58,96.96,6035700,414.85999,418.31,412.88,416.78,101654500,414.85999,418.31,412.88,416.78,101654500,32.69,32.7,32.27,32.37,2440400,3.402,3.422,3.426,3.333,3.402,3.422,3.426,3.333
2023-02-03,23469.41211,23678.10352,23279.95508,23449.32227,1.090513,1.094068,1.081105,1.090513,1912.57495,1918.71997,1861.41492,1865.53003,1912.57495,1918.71997,1861.41492,1865.53003,2.38095e-05,2.38095e-05,2.38067e-05,2.38067e-05,2.38095e-05,2.38095e-05,2.38067e-05,2.38067e-05,58.15,58.49,57.85,58.060001,4618600,58.15,58.49,57.85,58.060001,4618600,459.26999,462.60001,454.94,459.079987,1302900,451.0,454.45999,440.019989,440.64001,1388300,451.0,454.45999,440.019989,440.64001,1388300,73.74,76.25,78.28,73.47,126220.0,-3.23,8.54,8.9,8.373,8.41,64723400,304.94,312.39001,304.54001,306.17999,76170800,96.76,97.79,96.39,96.48,3844300,96.76,97.79,96.39,96.48,3844300,411.59,416.97,411.089996,412.35001,94736800,411.59,416.97,411.089996,412.35001,94736800,32.24,32.45,32.16,32.22,2006600,3.519,3.391,3.556,3.365,3.519,3.391,3.556,3.365
2023-02-06,22954.02148,23119.2793,22692.02539,22760.10938,1.079086,1.08003,1.071834,1.079086,1865.16504,1881.53503,1860.38501,1867.35999,1865.16504,1881.53503,1860.38501,1867.35999,2.38095e-05,2.38095e-05,2.38095e-05,2.38095e-05,2.38095e-05,2.38095e-05,2.38095e-05,2.38095e-05,57.47,57.59,57.15,57.53,2711300,57.47,57.59,57.15,57.53,2711300,463.57999,469.76999,462.75,469.10001,1393500,443.070007,453.73999,442.97,448.95999,1321300,443.070007,453.73999,442.97,448.95999,1321300,74.47,73.64,74.87,72.64,120920.0,0.99,8.31,8.535,8.24,8.31,38845500,303.51001,305.91,302.22,303.59,40802300,96.75,97.99,96.7,97.64,5243000,96.75,97.99,96.7,97.64,5243000,409.79001,411.29001,408.10001,409.82999,60295300,409.79001,411.29001,408.10001,409.82999,60295300,32.0,32.060001,31.79,31.93,1237400,3.644,3.562,3.655,3.536,3.644,3.562,3.655,3.536
2023-02-07,22757.26758,23310.97461,22756.25781,23264.29102,1.073076,1.0746,1.066951,1.073076,1867.38501,1884.44775,1864.93518,1873.81006,1867.38501,1884.44775,1864.93518,1873.81006,2.37954e-05,2.38095e-05,2.37954e-05,2.38095e-05,2.37954e-05,2.38095e-05,2.37954e-05,2.38095e-05,57.54,58.39,57.37,58.37,4250200,57.54,58.39,57.37,58.37,4250200,472.54999,472.98999,463.14999,468.32999,1334800,448.0,454.13,443.48999,452.14999,1098500,448.0,454.13,443.48999,452.14999,1098500,77.39,74.83,77.82,74.71,186670.0,3.92,8.33,8.41,8.06,8.33,42201800,303.45999,311.029999,302.32001,309.88,67584000,97.16,98.2,95.8,97.87,3814500,97.16,98.2,95.8,97.87,3814500,408.87,416.48999,407.57001,415.19,90990700,408.87,416.48999,407.57001,415.19,90990700,31.85,32.3,31.82,32.24,1243700,3.679,3.644,3.69,3.597,3.679,3.644,3.69,3.597
2023-02-08,23263.41602,23367.95898,22731.09766,22939.39844,1.072973,1.076021,1.071685,1.072973,1874.045044,1886.28369,1867.40149,1875.58997,1874.045044,1886.28369,1867.40149,1875.58997,2.38095e-05,2.38095e-05,2.38095e-05,2.38095e-05,2.38095e-05,2.38095e-05,2.38095e-05,2.38095e-05,57.94,58.02,57.63,57.73,3460600,57.94,58.02,57.63,57.73,3460600,464.97,471.38,463.32001,469.64999,865000,451.0,456.89001,450.35001,456.059998,961400,451.0,456.89001,450.35001,456.059998,961400,78.69,77.7,78.78,77.32,155180.0,1.68,8.25,8.57,8.17,8.22,35105500,308.54001,309.5,303.67001,304.37,56720900,97.34,98.25,97.25,97.65,3789500,97.34,98.25,97.25,97.65,3789500,413.13,414.53,409.92999,410.64999,76227500,413.13,414.53,409.92999,410.64999,76227500,32.38,32.42,32.2,32.26,912700,3.615,3.672,3.692,3.614,3.615,3.672,3.692,3.614
2023-02-09,22946.56641,22996.4375,21773.97461,21819.03906,1.071582,1.07904,1.071157,1.071582,1875.64001,1890.68994,1858.89014,1861.39001,1875.64001,1890.68994,1858.89014,1861.39001,2.38095e-05,2.38095e-05,2.38095e-05,2.38095e-05,2.38095e-05,2.38095e-05,2.38095e-05,2.38095e-05,58.56,58.58,57.71,57.79,3748000,58.56,58.58,57.71,57.79,3748000,472.42999,474.34,468.20001,470.089996,799000,455.81,461.92001,452.39999,453.85001,951700,455.81,461.92001,452.39999,453.85001,951700,78.27,78.69,79.04,76.76,132720.0,-0.53,8.34,8.43,7.94,7.95,33366700,308.84,308.98999,300.20001,301.67999,49137800,98.050003,98.51,97.29,97.85,3670900,98.050003,98.51,97.29,97.85,3670900,414.41,414.57001,405.81,407.089996,78694900,414.41,414.57001,405.81,407.089996,78694900,32.82,32.9,32.42,32.49,1790400,3.664,3.601,3.69,3.575,3.664,3.601,3.69,3.575
2023-02-10,21819.00586,21941.18555,21539.39258,21651.18359,1.074229,1.075176,1.066928,1.074229,1861.68005,1872.31494,1852.69019,1864.67004,1861.68005,1872.31494,1852.69019,1864.67004,2.37954e-05,2.38095e-05,2.37954e-05,2.38095e-05,2.37954e-05,2.38095e-05,2.37954e-05,2.38095e-05,58.23,58.31,57.93,58.12,2959000,58.23,58.31,57.93,58.12,2959000,472.38,481.85999,472.38,480.82999,1436300,457.12,464.32999,456.42999,463.85999,967900,457.12,464.32999,456.42999,463.85999,967900,79.92,77.81,80.5,77.68,151980.0,2.11,7.79,7.86,7.46,7.51,42984200,299.48001,301.57001,297.25,299.70001,50050100,98.23,100.7,98.2,100.61,5291000,98.23,100.7,98.2,100.61,5291000,405.85999,408.44,405.01001,408.040009,70769700,405.85999,408.44,405.01001,408.040009,70769700,32.43,32.43,32.26,32.37,745300,3.743,3.675,3.751,3.658,3.743,3.675,3.751,3.658
2023-02-13,21787.0,21898.41406,21460.08789,21808.10156,1.067771,1.072501,1.065723,1.067771,1865.69495,1866.83447,1850.4176,1853.39001,1865.69495,1866.83447,1850.4176,1853.39001,2.37954e-05,2.38095e-05,2.37954e-05,2.38095e-05,2.37954e-05,2.38095e-05,2.37954e-05,2.38095e-05,57.53,58.09,57.49,58.09,4087500,57.53,58.09,57.49,58.09,4087500,485.19,489.5,480.10001,481.97,1203100,467.81,470.98999,458.98999,464.28,922200,467.81,470.98999,458.98999,464.28,922200,80.33,80.05,80.78,78.67,155590.0,0.51,7.58,7.775,7.45,7.61,87397100,301.13,305.10001,299.92999,304.5,39636700,101.12,101.42,100.11,100.56,5238600,101.12,101.42,100.11,100.56,5238600,408.72,412.97,408.23999,412.82999,64913500,408.72,412.97,408.23999,412.82999,64913500,32.53,32.84,32.5,32.83,2995600,3.704,3.743,3.755,3.702,3.704,3.743,3.755,3.702
2023-02-14,21801.82227,22293.14062,21632.39453,22220.80469,1.073042,1.079844,1.070996,1.073042,1853.67004,1871.030029,1843.19995,1854.29004,1853.67004,1871.030029,1843.19995,1854.29004,2.37812e-05,2.37954e-05,2.37812e-05,2.37954e-05,2.37812e-05,2.37954e-05,2.37812e-05,2.37954e-05,57.49,58.12,57.37,57.8,4342200,57.49,58.12,57.37,57.8,4342200,482.45001,485.0,479.66,481.57999,875600,467.88,470.92001,465.87,467.51001,1252900,467.88,470.92001,465.87,467.51001,1252900,79.24,79.5,79.84,77.71,192270.0,-1.36,8.59,9.295,8.23,9.22,216055200,302.89001,307.72,300.91,306.75,64079100,100.26,102.059998,100.25,101.37,3699700,100.26,102.059998,100.25,101.37,3699700,411.23999,415.049988,408.51001,412.64001,88389300,411.23999,415.049988,408.51001,412.64001,88389300,32.79,33.18,32.75,33.049999,2376200,3.753,3.711,3.799,3.622,3.753,3.711,3.799,3.622
2023-02-15,22220.58594,24307.8418,22082.76953,24307.8418,1.073572,1.07446,1.066598,1.073572,1854.35498,1860.18188,1830.19995,1836.18994,1854.35498,1860.18188,1830.19995,1836.18994,2.37954e-05,2.38095e-05,2.37954e-05,2.38095e-05,2.37954e-05,2.38095e-05,2.37954e-05,2.38095e-05,56.98,57.24,56.9,57.23,3485900,56.98,57.24,56.9,57.23,3485900,480.82999,484.25,477.39999,480.51001,927100,465.92001,468.089996,458.92999,460.94,828100,465.92001,468.089996,458.92999,460.94,828100,78.83,79.04,79.37,77.47,150590.0,-0.52,9.16,10.23,9.11,10.11,153514500,304.89999,309.26999,304.20001,309.10001,43100600,101.0,101.53,100.7,101.46,2551000,101.0,101.53,100.7,101.46,2551000,410.35001,414.059998,409.47,413.98001,61555700,410.35001,414.059998,409.47,413.98001,61555700,32.52,32.8,32.49,32.8,876000,3.803,3.745,3.822,3.726,3.803,3.745,3.822,3.726
2023-02-16,24307.34961,25134.11719,23602.52344,23623.47461,1.069176,1.072225,1.065575,1.069176,1836.56494,1845.45496,1827.18005,1837.43994,1836.56494,1845.45496,1827.18005,1837.43994,2.37954e-05,2.38095e-05,2.37954e-05,2.38095e-05,2.37954e-05,2.38095e-05,2.37954e-05,2.38095e-05,56.81,57.33,56.76,57.040001,3376500,56.81,57.33,56.76,57.040001,3376500,477.0,477.57999,466.10001,471.25,1939500,458.20999,468.53,456.37,465.35001,968200,458.20999,468.53,456.37,465.35001,968200,78.74,78.68,79.76,78.18,204090.0,-0.11,9.65,10.31,9.6,9.71,88638800,304.38,308.42999,303.14999,303.29999,59498600,100.41,101.46,99.93,100.97,3524300,100.41,101.46,99.93,100.97,3524300,408.79001,412.91,408.14001,408.28,76431500,408.79001,412.91,408.14001,408.28,76431500,32.52,32.85,32.48,32.65,1046200,3.863,3.818,3.872,3.769,3.863,3.818,3.872,3.769
2023-02-17,23621.2832,24924.04102,23460.75586,24565.60156,1.066576,1.068148,1.06138,1.066576,1837.51501,1843.76501,1818.34497,1841.58997,1837.51501,1843.76501,1818.34497,1841.58997,2.38095e-05,2.38095e-05,2.38095e-05,2.38095e-05,2.38095e-05,2.38095e-05,2.38095e-05,2.38095e-05,56.83,57.099998,56.65,57.02,1972600,56.83,57.099998,56.65,57.02,1972600,471.79001,475.66,470.84,475.63,1184200,465.44,470.67001,462.78,470.63,830100,465.44,470.67001,462.78,470.63,830100,76.55,78.35,78.5,75.32,343630.0,-2.78,9.57,9.71,9.085,9.2,61981300,301.070007,301.92999,298.10001,301.16,58230700,100.85,101.6,100.31,101.51,6507500,100.85,101.6,100.31,101.51,6507500,406.059998,407.51001,404.049988,407.26001,89257800,406.059998,407.51001,404.049988,407.26001,89257800,32.54,32.85,32.51,32.81,647000,3.817,3.863,3.929,3.813,3.817,3.863,3.929,3.813
2023-02-21,24833.04883,25126.85156,24200.36328,24436.35352,1.068262,1.069564,1.064487,1.068262,1841.71497,1844.44495,1829.69995,1834.32324,1841.71497,1844.44495,1829.69995,1834.32324,2.38095e-05,2.38095e-05,2.38095e-05,2.38095e-05,2.38095e-05,2.38095e-05,2.38095e-05,2.38095e-05,56.55,56.73,56.29,56.32,3245900,56.55,56.73,56.29,56.32,3245900,480.51001,482.39999,475.20001,479.19,1379400,474.78,479.14999,468.57001,473.95001,1272800,474.78,479.14999,468.57001,473.95001,1272800,76.36,76.64,77.74,75.9,402350.0,-1.22,9.01,9.1,8.4,8.47,65226600,297.26001,298.73001,293.89001,294.029999,46526700,102.2,102.65,100.38,100.65,3853000,102.2,102.65,100.38,100.65,3853000,403.059998,404.16,398.82001,399.089996,82655900,403.059998,404.16,398.82001,399.089996,82655900,32.85,33.0099983,32.77,32.79,1423900,3.954,3.851,3.962,3.84,3.954,3.851,3.962,3.84
2023-02-22,24437.41797,24472.33984,23644.31836,24188.84375,1.065201,1.066553,1.061909,1.065201,1834.70996,1846.255,1823.045044,1825.040039,1834.70996,1846.255,1823.045044,1825.040039,2.37812e-05,2.38095e-05,2.37812e-05,2.38095e-05,2.37812e-05,2.38095e-05,2.37812e-05,2.38095e-05,56.21,56.23,55.77,55.9,2807700,56.21,56.23,55.77,55.9,2807700,478.81,481.67001,477.47,479.53,900300,473.95999,481.5,473.95001,478.73001,1289100,473.95999,481.5,473.95001,478.73001,1289100,74.19,76.29,76.72,74.05,98820.0,-2.84,8.48,8.625,8.16,8.36,55346000,294.62,296.35999,292.56,294.25,51389200,100.73,101.12,99.83,100.51,4489800,100.73,101.12,99.83,100.51,4489800,399.51999,401.13,397.019989,398.54001,83742300,399.51999,401.13,397.019989,398.54001,83742300,32.63,32.65,32.4,32.46,2011400,3.927,3.957,3.968,3.89,3.927,3.957,3.968,3.89
2023-02-23,24190.71875,24572.08984,23693.91992,23947.49219,1.06058,1.063038,1.058201,1.06058,1825.12,1834.42505,1817.55005,1822.64001,1825.12,1834.42505,1817.55005,1822.64001,2.37812e-05,2.38095e-05,2.37812e-05,2.38095e-05,2.37812e-05,2.38095e-05,2.37812e-05,2.38095e-05,56.09,56.47,55.88,56.46,2875400,56.09,56.47,55.88,56.46,2875400,480.0,483.089996,475.53,479.079987,917400,477.54999,482.34,472.70999,476.26001,995300,477.54999,482.34,472.70999,476.26001,995300,75.6,74.19,76.17,74.07,99170.0,1.9,8.42,8.48,7.91,8.17,60015500,297.97,298.13,292.54999,296.82001,69294400,100.52,100.65,98.8,99.64,3227800,100.52,100.65,98.8,99.64,3227800,401.56,402.20001,396.25,400.66,96242400,401.56,402.20001,396.25,400.66,96242400,32.58,32.64,32.3,32.54,967100,3.89,3.921,3.978,3.863,3.89,3.921,3.978,3.863
2023-02-24,23946.00781,24103.70508,23007.07227,23198.12695,1.059805,1.061425,1.053774,1.059805,1822.745,1827.97937,1808.90503,1810.81006,1822.745,1827.97937,1808.90503,1810.81006,2.38095e-05,2.38095e-05,2.37812e-05,2.37812e-05,2.38095e-05,2.38095e-05,2.37812e-05,2.37812e-05,55.56,55.81,55.44,55.62,3795100,55.56,55.81,55.44,55.62,3795100,479.45999,481.79999,477.29999,480.39999,1009300,472.64999,478.0,468.54999,470.91,629300,472.64999,478.0,468.54999,470.91,629300,76.47,75.85,76.75,74.3,101330.0,1.15,7.94,8.2,7.87,8.09,41518600,291.76001,292.97,290.049988,291.85001,74332000,99.3,99.63,98.39,99.62,3915000,99.3,99.63,98.39,99.62,3915000,395.42001,397.25,393.64001,396.38,108194400,395.42001,397.25,393.64001,396.38,108194400,32.15,32.28,32.060001,32.25,913100,3.947,3.885,3.978,3.854,3.947,3.885,3.978,3.854
2023-02-27,23561.45117,23857.89062,23205.87891,23522.87109,1.055476,1.061864,1.053352,1.055476,1812.005005,1820.22498,1806.68201,1817.31006,1812.005005,1820.22498,1806.68201,1817.31006,2.38095e-05,2.38095e-05,2.37812e-05,2.38095e-05,2.38095e-05,2.38095e-05,2.37812e-05,2.38095e-05,56.2,56.28,56.029999,56.15,2106700,56.2,56.28,56.029999,56.15,2106700,480.53,484.10001,477.19,479.48999,1149000,470.63,474.10001,467.37,470.070007,681400,470.63,474.10001,467.37,470.070007,681400,75.81,76.61,76.95,75.14,79740.0,-0.86,8.12,8.23,7.96,8.03,35270000,295.070007,296.48999,293.34,293.94,48995000,99.98,100.029999,99.019997,99.16,2986700,99.98,100.029999,99.019997,99.16,2986700,399.87,401.29001,396.75,397.73001,80444700,399.87,401.29001,396.75,397.73001,80444700,32.51,32.7,32.46,32.63,845100,3.922,3.934,3.978,3.897,3.922,3.934,3.978,3.897
2023-02-28,23521.83789,23585.38477,23077.65039,23147.35352,1.061121,1.0645,1.058235,1.061121,1817.375,1831.26501,1804.65002,1827.15002,1817.375,1831.26501,1804.65002,1827.15002,2.38095e-05,2.38095e-05,2.37812e-05,2.38095e-05,2.38095e-05,2.38095e-05,2.37812e-05,2.38095e-05,55.87,56.16,55.79,55.94,4853200,55.87,56.16,55.79,55.94,4853200,477.040009,478.53,471.82001,474.26001,1155500,470.48999,471.73999,463.31,464.10999,764400,470.48999,471.73999,463.31,464.10999,764400,77.19,75.87,77.93,75.68,88930.0,1.82,7.96,8.097,7.8,7.84,32937000,293.29999,296.12,292.95999,293.56,48243100,99.27,99.47,97.82,98.089996,4470000,99.27,99.47,97.82,98.089996,4470000,397.23001,399.28,396.14999,396.26001,96438600,397.23001,399.28,396.14999,396.26001,96438600,32.54,32.59,32.28,32.28,924500,3.928,3.924,3.983,3.899,3.928,3.924,3.983,3.899
2023-03-01,23150.92969,23880.63281,23088.62695,23646.55078,1.057731,1.069107,1.056569,1.057731,1827.245,1845.050049,1823.046387,1836.80505,1827.245,1845.050049,1823.046387,1836.80505,2.37812e-05,2.38095e-05,2.37812e-05,2.37812e-05,2.37812e-05,2.38095e-05,2.37812e-05,2.37812e-05,56.049999,56.25,55.89,56.029999,5942200,56.049999,56.25,55.89,56.029999,5942200,473.26999,477.22,471.29001,474.32999,957700,461.97,465.67001,459.25,462.54999,588800,461.97,465.67001,459.25,462.54999,588800,77.83,76.93,78.0,76.3,104500.0,0.83,7.83,7.91,7.69,7.69,27939100,293.26001,293.92999,290.20001,291.20001,58287000,98.040001,98.57,97.5,98.040001,3739900,98.040001,98.57,97.5,98.040001,3739900,395.41,396.69,393.38,394.73999,99706800,395.41,396.69,393.38,394.73999,99706800,32.48,32.56,32.32,32.48,1576600,3.994,3.938,4.01,3.914,3.994,3.938,4.01,3.914
2023-03-02,23647.01953,23739.13867,23245.02148,23475.4668,1.066894,1.06727,1.058347,1.066894,1837.20496,1838.93994,1829.43994,1836.000366,1837.20496,1838.93994,1829.43994,1836.000366,2.37954e-05,2.38095e-05,2.37954e-05,2.38095e-05,2.37954e-05,2.38095e-05,2.37954e-05,2.38095e-05,55.76,56.17,55.74,56.09,4457500,55.76,56.17,55.74,56.09,4457500,472.98001,479.17001,472.97,478.31,835700,460.32999,468.88,460.32999,468.26999,549000,460.32999,468.88,460.32999,468.26999,549000,78.31,77.9,78.72,77.39,61370.0,0.62,7.59,8.03,7.56,7.97,36538700,288.66,294.42999,288.37,293.60999,53565900,97.5,99.33,97.5,99.0,4134400,97.5,99.33,97.5,99.0,4134400,392.67999,398.69,392.32999,397.81,85127800,392.67999,398.69,392.32999,397.81,85127800,32.2,32.53,32.2,32.5,886900,4.062,3.994,4.091,3.99,4.062,3.994,4.091,3.99
2023-03-03,23476.63281,23479.34766,22213.23828,22362.67969,1.059973,1.062925,1.059131,1.059973,1836.099976,1856.46997,1834.505,1854.96997,1836.099976,1856.46997,1834.505,1854.96997,2.38095e-05,2.38095e-05,2.37954e-05,2.38095e-05,2.38095e-05,2.38095e-05,2.37954e-05,2.38095e-05,56.84,57.48,56.71,57.38,8397400,56.84,57.48,56.71,57.38,8397400,478.89999,479.54001,476.38,477.89001,1060500,470.17999,470.70001,464.51999,467.38,726800,470.17999,470.70001,464.51999,467.38,726800,79.79,78.02,80.0,76.0,99090.0,1.89,8.0,8.5,8.0,8.33,43109700,295.39001,299.92001,294.87,299.67999,60511500,99.18,99.32,98.26,99.019997,5072800,99.18,99.32,98.26,99.019997,5072800,399.70999,404.45001,399.029999,404.19,90120000,399.70999,404.45001,399.029999,404.19,90120000,32.44,32.72,32.41,32.72,1074900,3.958,4.068,4.069,3.954,3.958,4.068,4.069,3.954
2023-03-06,22436.81641,22584.29297,22331.31445,22429.75781,1.06262,1.069381,1.062304,1.06262,1855.35498,1858.84497,1845.079956,1846.84998,1855.35498,1858.84497,1845.079956,1846.84998,2.37954e-05,2.37954e-05,2.37954e-05,2.37954e-05,2.37954e-05,2.37954e-05,2.37954e-05,2.37954e-05,57.39,57.57,57.27,57.38,5144800,57.39,57.57,57.27,57.38,5144800,476.82001,481.79999,476.82001,480.17001,905700,466.62,474.39999,465.95999,470.22,761200,466.62,474.39999,465.95999,470.22,761200,80.56,80.04,80.72,78.44,80130.0,0.97,8.34,8.45,8.2,8.28,28316200,300.94,304.0,299.82001,300.019989,56736300,99.019997,100.089996,98.84,99.51,5064700,99.019997,100.089996,98.84,99.51,5064700,405.049988,407.45001,404.01001,404.47,72795900,405.049988,407.45001,404.01001,404.47,72795900,32.4,32.61,32.38,32.51,750000,3.964,3.965,3.989,3.897,3.964,3.965,3.989,3.897
2023-03-07,22428.32227,22527.41797,22011.26172,22219.76953,1.068833,1.069633,1.057161,1.068833,1846.92004,1852.26001,1812.72498,1813.52002,1846.92004,1852.26001,1812.72498,1813.52002,2.38095e-05,2.38095e-05,2.37954e-05,2.37954e-05,2.38095e-05,2.38095e-05,2.37954e-05,2.37954e-05,57.6,57.68,56.83,56.87,5951700,57.6,57.68,56.83,56.87,5951700,481.5,485.089996,478.0,478.66,1137900,470.85999,475.97,470.67999,472.20001,923200,470.85999,475.97,470.67999,472.20001,923200,77.72,80.59,81.04,77.18,163000.0,-3.53,8.275,8.425,8.19,8.28,26819600,300.070007,301.01001,295.72,296.34,65955800,99.71,99.93,98.17,98.18,5139300,99.71,99.93,98.17,98.18,5139300,404.42001,404.67001,397.63,398.26999,108310600,404.42001,404.67001,397.63,398.26999,108310600,32.49,32.49,31.82,31.87,2144000,3.97,3.967,4.007,3.919,3.97,3.967,4.007,3.919
2023-03-08,22216.44141,22268.89648,21708.05078,21718.08008,1.055075,1.057328,1.052665,1.055075,1813.61499,1824.37817,1809.40161,1813.58997,1813.61499,1824.37817,1809.40161,1813.58997,2.37954e-05,2.38095e-05,2.37954e-05,2.37954e-05,2.37954e-05,2.38095e-05,2.37954e-05,2.37954e-05,57.45,57.73,57.33,57.57,8046700,57.45,57.73,57.33,57.57,8046700,481.040009,487.64001,476.70999,479.5,1252900,472.0,475.63,460.92001,465.25,1089000,472.0,475.63,460.92001,465.25,1089000,76.81,77.36,77.88,76.26,136030.0,-1.17,8.36,8.58,8.06,8.13,38723600,296.76999,298.42999,294.88,297.82001,50876300,98.0,98.61,96.66,97.4,4299000,98.0,98.61,96.66,97.4,4299000,398.39001,399.70999,396.59,398.92001,74746600,398.39001,399.70999,396.59,398.92001,74746600,31.97,32.14,31.94,32.049999,1172400,3.989,3.981,4.011,3.899,3.989,3.981,4.011,3.899
2023-03-09,21720.08008,21802.7168,20210.30664,20363.02148,1.054953,1.058649,1.053852,1.054953,1813.65002,1835.56006,1811.83997,1830.89001,1813.65002,1835.56006,1811.83997,1830.89001,2.38095e-05,2.38095e-05,2.38095e-05,2.38095e-05,2.38095e-05,2.38095e-05,2.38095e-05,2.38095e-05,58.060001,58.16,57.36,57.47,5245600,58.060001,58.16,57.36,57.47,5245600,483.0,483.26001,474.60999,475.85001,1035000,469.63,469.63,458.20001,459.040009,834900,469.63,469.63,458.20001,459.040009,834900,75.84,76.65,78.17,75.57,147720.0,-1.26,8.07,8.26,7.68,7.69,29005900,298.32999,300.98001,291.82999,292.66,71456700,97.98,97.98,95.52,95.93,4912700,97.98,97.98,95.52,95.93,4912700,399.73999,401.48001,390.53,391.56,111945300,399.73999,401.48001,390.53,391.56,111945300,32.11,32.17,31.78,31.79,1689700,3.907,3.98,4.019,3.894,3.907,3.98,4.019,3.894
2023-03-10,20367.00195,20370.5957,19628.25391,20187.24414,1.05847,1.069862,1.057574,1.05847,1830.96497,1870.27954,1827.71497,1867.82996,1830.96497,1870.27954,1827.71497,1867.82996,2.37954e-05,2.37954e-05,2.37954e-05,2.37954e-05,2.37954e-05,2.37954e-05,2.37954e-05,2.37954e-05,57.33,57.49,56.71,56.78,9355700,57.33,57.49,56.71,56.78,9355700,475.70999,482.29999,474.42001,475.5,1335000,458.53,463.19,457.19,459.78,772200,458.53,463.19,457.19,459.78,772200,76.78,75.78,77.2,74.92,143190.0,1.24,7.59,7.68,7.28,7.35,41841600,292.82999,294.35001,287.38,288.54999,98593600,95.65,97.050003,95.21,96.0,6340100,95.65,97.050003,95.21,96.0,6340100,390.98999,393.16,384.32001,385.91,189253000,390.98999,393.16,384.32001,385.91,189253000,31.87,32.0,31.53,31.57,1532800,3.704,3.901,3.901,3.674,3.704,3.901,3.901,3.674
2023-03-13,22156.40625,24550.83789,21918.19922,24197.5332,1.068365,1.073722,1.065235,1.068365,1869.01001,1914.79004,1869.01001,1913.23499,1869.01001,1914.79004,1869.01001,1913.23499,2.37954e-05,2.38095e-05,2.37954e-05,2.37954e-05,2.37954e-05,2.38095e-05,2.37954e-05,2.37954e-05,56.49,56.82,56.23,56.24,9131200,56.49,56.82,56.23,56.24,9131200,471.87,478.89999,470.79999,477.32999,1701000,454.69,462.87,453.72,457.73999,1237200,454.69,462.87,453.72,457.73999,1237200,74.91,76.77,77.56,72.44,167400.0,-2.44,7.29,8.15,7.19,7.87,63183500,286.73001,294.47,285.19,290.69,97123600,94.89,98.24,94.73,97.46,7757700,94.89,98.24,94.73,97.46,7757700,381.81,390.39001,380.64999,385.35999,157790000,381.81,390.39001,380.64999,385.35999,157790000,31.22,31.58,31.19,31.37,5774100,3.545,3.75,3.762,3.418,3.545,3.75,3.762,3.418
2023-03-14,24201.76562,26514.7168,24081.18359,24746.07422,1.072501,1.074714,1.067965,1.072501,1913.18994,1914.51501,1895.17004,1902.11707,1913.18994,1914.51501,1895.17004,1902.11707,2.37954e-05,2.37954e-05,2.37954e-05,2.37954e-05,2.37954e-05,2.37954e-05,2.37954e-05,2.37954e-05,55.75,56.13,55.68,56.080002,6264400,55.75,56.13,55.68,56.080002,6264400,480.29001,481.26999,474.87,478.87,1761400,457.89999,459.98001,449.23001,453.66,1782800,457.89999,459.98001,449.23001,453.66,1782800,71.49,74.77,75.02,70.94,216690.0,-4.57,8.05,8.14,7.78,7.89,33460100,294.31,297.92999,293.45001,297.37,73602500,98.27,99.14,97.42,98.32,6407400,98.27,99.14,97.42,98.32,6407400,390.5,393.45001,387.049988,391.73001,149752400,390.5,393.45001,387.049988,391.73001,149752400,31.6,31.72,31.51,31.69,2537000,3.685,3.562,3.697,3.464,3.685,3.562,3.697,3.464
2023-03-15,24770.92578,25240.61523,23964.91016,24375.96094,1.072766,1.076009,1.052034,1.072766,1903.91003,1937.45605,1885.7821,1918.097534,1903.91003,1937.45605,1885.7821,1918.097534,2.38095e-05,2.38095e-05,2.37954e-05,2.38095e-05,2.38095e-05,2.38095e-05,2.37954e-05,2.38095e-05,55.029999,55.13,54.56,54.94,12286100,55.029999,55.13,54.56,54.94,12286100,475.0,475.13,464.57001,473.31,2273300,448.97,456.38,439.87,448.89999,1513200,448.97,456.38,439.87,448.89999,1513200,67.74,71.69,72.71,65.79,356420.0,-5.25,7.81,7.99,7.7,7.9,28217400,294.70999,299.26999,293.23999,298.92999,83631500,96.96,97.26,94.74,95.83,5755300,96.96,97.26,94.74,95.83,5755300,385.89001,389.48999,383.70999,389.28,172996900,385.89001,389.48999,383.70999,389.28,172996900,30.5,30.65,30.0,30.5,7227500,3.462,3.697,3.71,3.388,3.462,3.697,3.71,3.388
2023-03-16,24373.45703,25190.32617,24225.11133,25052.78906,1.058335,1.063456,1.055509,1.058335,1920.54004,1934.12,1907.54712,1919.11609,1920.54004,1934.12,1907.54712,1919.11609,2.37954e-05,2.37954e-05,2.37954e-05,2.37954e-05,2.37954e-05,2.37954e-05,2.37954e-05,2.37954e-05,55.38,56.07,55.34,56.060001,7071500,55.38,56.07,55.34,56.060001,7071500,470.94,478.049988,467.73999,473.23999,1633000,449.10999,455.97,448.0,450.14999,1074800,449.10999,455.97,448.0,450.14999,1074800,68.52,68.38,69.53,65.89,251500.0,1.15,8.01,8.08,7.86,7.98,20255400,298.0,307.17999,297.19,306.81,98198100,95.35,98.64,95.0,98.080002,4635500,95.35,98.64,95.0,98.080002,4635500,386.82001,396.47,386.29001,396.10999,143254200,386.82001,396.47,386.29001,396.10999,143254200,30.24,30.9,30.23,30.9,3217200,3.579,3.451,3.586,3.369,3.579,3.451,3.586,3.369
2023-03-17,25055.12305,27787.8125,24955.16992,27423.92969,1.061413,1.066963,1.061211,1.061413,1920.0,1989.79932,1918.32996,1987.93005,1920.0,1989.79932,1918.32996,1987.93005,2.37954e-05,2.37954e-05,2.37954e-05,2.37954e-05,2.37954e-05,2.37954e-05,2.37954e-05,2.37954e-05,56.040001,56.14,55.71,55.71,5380200,56.040001,56.14,55.71,55.71,5380200,474.12,474.92001,463.29001,465.87,6525100,449.81,450.16,441.31,443.60001,1599300,449.81,450.16,441.31,443.60001,1599300,66.93,68.47,69.83,65.38,482490.0,-2.32,7.93,8.03,7.84,7.88,20885600,306.72,309.14999,303.37,305.35999,89923700,97.76,97.77,95.49,95.75,8157800,97.76,97.77,95.49,95.75,8157800,393.22,394.39999,388.54999,389.98999,140553400,393.22,394.39999,388.54999,389.98999,140553400,30.52,30.62,30.33,30.43,3311300,3.438,3.568,3.598,3.382,3.438,3.568,3.598,3.382
2023-03-20,28041.60156,28527.72461,27242.88086,27767.23633,1.067886,1.073053,1.063242,1.067886,1987.59497,2010.19495,1965.77002,1978.71216,1987.59497,2010.19495,1965.77002,1978.71216,2.38095e-05,2.38095e-05,2.37954e-05,2.37954e-05,2.38095e-05,2.38095e-05,2.37954e-05,2.37954e-05,56.33,56.68,56.28,56.52,6567400,56.33,56.68,56.28,56.52,6567400,468.22,477.76999,465.20999,475.70001,1515400,445.26999,452.31,445.01001,449.26001,662300,445.26999,452.31,445.01001,449.26001,662300,67.82,66.9,67.9,64.36,418540.0,1.33,7.765,8.095,7.72,8.08,25497400,304.26001,306.29999,302.01001,305.97,56359500,96.41,97.81,96.31,97.53,3972700,96.41,97.81,96.31,97.53,3972700,390.79999,394.17001,390.070007,393.73999,93055800,390.79999,394.17001,390.070007,393.73999,93055800,30.79,31.16,30.77,31.08,1501700,3.483,3.468,3.519,3.291,3.483,3.468,3.519,3.291
2023-03-21,27768.39258,28439.5625,27439.64648,28175.81641,1.071915,1.078725,1.070492,1.071915,1979.17004,1985.30139,1935.41077,1940.14612,1979.17004,1985.30139,1935.41077,1940.14612,2.38095e-05,2.38095e-05,2.37954e-05,2.37954e-05,2.38095e-05,2.38095e-05,2.37954e-05,2.37954e-05,56.74,56.89,56.55,56.87,4640900,56.74,56.89,56.55,56.87,4640900,478.87,479.25,471.29999,474.76001,1069000,453.79001,454.66,447.070007,449.98001,680100,453.79001,454.66,447.070007,449.98001,680100,69.67,67.83,69.77,66.9,409500.0,2.73,8.2,8.51,8.17,8.45,27104500,307.94,310.79999,306.39999,310.34,49757000,98.97,99.3,97.97,98.010002,5135500,98.97,99.3,97.97,98.010002,5135500,397.23999,399.41,395.57999,398.91,91524200,397.23999,399.41,395.57999,398.91,91524200,31.52,31.59,31.32,31.53,1212200,3.608,3.496,3.613,3.44,3.608,3.496,3.613,3.44
2023-03-22,28158.7207,28803.33594,26759.99609,27307.4375,1.077424,1.080147,1.075951,1.077424,1940.43506,1978.92505,1934.32996,1969.58105,1940.43506,1978.92505,1934.32996,1969.58105,2.38095e-05,2.38095e-05,2.37954e-05,2.37954e-05,2.38095e-05,2.38095e-05,2.37954e-05,2.37954e-05,56.85,57.51,56.67,56.71,6112900,56.85,57.51,56.67,56.71,6112900,475.44,476.76999,468.32001,468.89999,1261700,450.22,452.39999,443.089996,443.60001,726100,450.22,452.39999,443.089996,443.60001,726100,71.02,69.57,71.43,69.03,148110.0,1.94,8.44,8.62,8.2,8.21,34151000,310.26999,315.25,305.95001,306.12,75791900,98.27,98.56,96.69,96.7,4042000,98.27,98.56,96.69,96.7,4042000,398.73001,402.48999,392.070007,392.10999,111746600,398.73001,402.48999,392.070007,392.10999,111746600,31.57,31.97,31.45,31.47,1334000,3.451,3.606,3.644,3.43,3.451,3.606,3.644,3.43
2023-03-23,27301.95703,28729.84375,27183.36328,28333.97266,1.087039,1.0929,1.086862,1.087039,1967.91003,2003.43457,1964.38501,1993.5033,1967.91003,2003.43457,1964.38501,1993.5033,2.38095e-05,2.38095e-05,2.37954e-05,2.37954e-05,2.38095e-05,2.38095e-05,2.37954e-05,2.37954e-05,57.21,57.49,56.75,56.96,7151300,57.21,57.49,56.75,56.96,7151300,468.63,470.95001,466.5,467.89999,1168500,444.01001,446.059998,440.70999,444.44,1123900,444.01001,446.059998,440.70999,444.44,1123900,70.12,70.07,71.79,69.3,166520.0,-1.27,8.32,8.56,8.16,8.33,22662200,309.92001,314.14999,307.01001,309.75,74576000,97.3,97.45,95.65,96.0,4352100,97.3,97.45,95.65,96.0,4352100,395.089996,399.29001,390.35001,393.17001,119351300,395.089996,399.29001,390.35001,393.17001,119351300,31.61,31.74,31.11,31.25,1300900,3.414,3.451,3.52,3.374,3.414,3.451,3.52,3.374
2023-03-24,28324.11133,28388.4375,27039.26562,27493.28516,1.083506,1.0839,1.071892,1.083506,1993.995,2003.19495,1975.17505,1977.21716,1993.995,2003.19495,1975.17505,1977.21716,2.38095e-05,2.38095e-05,2.37954e-05,2.37954e-05,2.38095e-05,2.38095e-05,2.37954e-05,2.37954e-05,56.99,57.14,56.76,57.13,4123000,56.99,57.14,56.76,57.13,4123000,467.89999,475.67001,467.14999,474.54001,1126000,445.079987,456.20001,443.0,455.25,1006400,445.079987,456.20001,443.0,455.25,1006400,69.41,69.67,70.53,67.02,153650.0,-1.01,8.29,8.35,8.06,8.2,17939800,309.32001,310.98999,306.95001,310.89001,57195200,95.41,96.68,94.94,96.44,4711900,95.41,96.68,94.94,96.44,4711900,391.84,395.84,389.39999,395.75,107682400,391.84,395.84,389.39999,395.75,107682400,30.96,31.13,30.81,31.11,4463200,3.372,3.417,3.425,3.285,3.372,3.417,3.425,3.285
2023-03-27,27994.06836,28037.92578,26606.68945,27139.88867,1.077819,1.0796,1.074807,1.077819,1977.66003,1979.89001,1943.67505,1956.55945,1977.66003,1979.89001,1943.67505,1956.55945,2.37954e-05,2.38095e-05,2.37954e-05,2.38095e-05,2.37954e-05,2.38095e-05,2.37954e-05,2.38095e-05,57.21,57.44,57.15,57.38,3751800,57.21,57.44,57.15,57.38,3751800,477.10999,477.56,472.41,473.39001,1273000,459.089996,459.79999,455.17999,458.25,626800,459.089996,459.79999,455.17999,458.25,626800,72.93,69.75,73.2,69.27,125010.0,5.07,8.15,8.32,7.94,8.04,20666800,311.60001,312.70001,307.89001,308.76001,50287400,97.41,97.41,96.39,96.91,3591700,97.41,97.41,96.39,96.91,3591700,398.12,398.92001,395.56,396.48999,74010400,398.12,398.92001,395.56,396.48999,74010400,31.4,31.54,31.33,31.52,1395300,3.539,3.4,3.545,3.367,3.539,3.4,3.545,3.367
2023-03-28,27132.88867,27460.71875,26677.81836,27268.13086,1.080707,1.0849,1.080404,1.080707,1957.22998,1975.44995,1948.66003,1973.69275,1957.22998,1975.44995,1948.66003,1973.69275,2.37954e-05,2.37954e-05,2.37954e-05,2.37954e-05,2.37954e-05,2.37954e-05,2.37954e-05,2.37954e-05,57.47,57.54,57.38,57.49,3848900,57.47,57.54,57.38,57.49,3848900,474.0,475.60999,471.16,471.44,1076100,458.31,461.5,457.59,459.0,476800,458.31,461.5,457.59,459.0,476800,73.34,72.93,74.04,72.33,138510.0,0.56,8.06,8.12,7.97,8.0,14860500,308.17001,308.20001,304.76999,307.12,48585900,96.79,97.12,96.61,96.8,2324600,96.79,97.12,96.61,96.8,2324600,395.76999,396.48999,393.69,395.60001,62871700,395.76999,396.48999,393.69,395.60001,62871700,31.46,31.63,31.43,31.51,770400,3.572,3.53,3.577,3.498,3.572,3.53,3.577,3.498
2023-03-29,27267.03125,28619.54297,27259.66211,28348.44141,1.083952,1.0872,1.082134,1.083952,1972.81995,1974.63501,1958.62,1964.040405,1972.81995,1974.63501,1958.62,1964.040405,2.37954e-05,2.37954e-05,2.37954e-05,2.37954e-05,2.37954e-05,2.37954e-05,2.37954e-05,2.37954e-05,57.68,57.81,57.61,57.71,5225400,57.68,57.81,57.61,57.71,5225400,471.26001,474.29999,470.67999,474.19,1146400,459.38,462.57999,457.5,461.57001,584200,459.38,462.57999,457.5,461.57001,584200,73.12,73.74,74.48,72.92,133990.0,-0.3,8.09,8.25,8.051,8.22,15339700,310.88,313.35001,310.049988,312.72,53274300,97.2,97.78,97.2,97.7,3187400,97.2,97.78,97.2,97.7,3187400,399.92999,401.60001,398.67999,401.35001,77497900,399.92999,401.60001,398.67999,401.35001,77497900,31.85,31.91,31.77,31.88,1289500,3.566,3.573,3.611,3.534,3.566,3.573,3.611,3.534
2023-03-30,28350.14062,29159.90234,27720.16016,28033.5625,1.084363,1.092395,1.082696,1.084363,1962.57996,1984.40039,1955.4408,1980.25024,1962.57996,1984.40039,1955.4408,1980.25024,2.37954e-05,2.38095e-05,2.37954e-05,2.37954e-05,2.37954e-05,2.38095e-05,2.37954e-05,2.37954e-05,57.96,58.099998,57.91,57.98,4902900,57.96,58.099998,57.91,57.98,4902900,474.54001,475.79999,471.73001,473.17999,950300,460.45999,462.92001,458.5,460.98001,541500,460.45999,462.92001,458.5,460.98001,541500,74.49,73.07,74.72,72.76,99830.0,1.87,8.33,8.38,8.05,8.15,21001600,315.23999,316.32001,312.81,315.67999,58354800,97.7,97.85,97.19,97.37,5296700,97.7,97.85,97.19,97.37,5296700,404.089996,404.35001,401.76001,403.70001,69840000,404.089996,404.35001,401.76001,403.70001,69840000,32.23,32.29,32.18,32.29,1303200,3.547,3.57,3.596,3.534,3.547,3.57,3.596,3.534
2023-03-31,28032.26172,28639.89648,27583.71484,28478.48438,1.090465,1.092586,1.086059,1.090465,1978.62,1987.84497,1966.89062,1967.90002,1978.62,1987.84497,1966.89062,1967.90002,2.38095e-05,2.38095e-05,2.37954e-05,2.38095e-05,2.38095e-05,2.38095e-05,2.37954e-05,2.38095e-05,58.2,58.71,58.16,58.69,8427600,58.2,58.71,58.16,58.69,8427600,474.19,475.35001,471.029999,472.73001,1409600,462.98001,463.32001,459.45001,461.72,640600,462.98001,463.32001,459.45001,461.72,640600,75.8,74.44,75.83,73.89,125240.0,1.76,8.15,8.48,8.08,8.45,26112000,315.91,321.17001,315.60001,320.92999,62138100,97.98,98.050003,97.49,97.93,4652700,97.98,98.050003,97.49,97.93,4652700,404.66,409.70001,404.54999,409.39001,112062600,404.66,409.70001,404.54999,409.39001,112062600,32.34,32.4,32.19,32.26,1974900,3.473,3.553,3.585,3.47,3.473,3.553,3.585,3.47
2023-04-03,28183.08008,28475.62305,27276.7207,27790.2207,1.080334,1.091572,1.078935,1.080334,1970.84497,1990.64001,1949.82288,1984.10571,1970.84497,1990.64001,1949.82288,1984.10571,2.37954e-05,2.38095e-05,2.37954e-05,2.37954e-05,2.37954e-05,2.38095e-05,2.37954e-05,2.37954e-05,58.69,58.97,58.58,58.96,8723300,58.69,58.97,58.58,58.96,8723300,473.0,487.89999,472.75,486.62,1656700,463.29999,471.54999,462.64999,469.19,577600,463.29999,471.54999,462.64999,469.19,577600,80.44,80.6,81.77,79.04,287980.0,6.12,8.37,8.53,8.21,8.38,22512000,318.76999,320.42001,317.42001,320.14999,47126800,98.27,100.84,98.099998,100.58,4312500,98.27,100.84,98.099998,100.58,4312500,408.85001,411.37,408.44,410.95001,67391100,408.85001,411.37,408.44,410.95001,67391100,32.52,32.74,32.49,32.73,1725500,3.415,3.524,3.545,3.4,3.415,3.524,3.545,3.4
2023-04-04,27795.27344,28433.74219,27681.30469,28168.08984,1.091227,1.097165,1.088388,1.091227,1984.59497,2025.18994,1977.012939,2019.97021,1984.59497,2025.18994,1977.012939,2019.97021,2.38095e-05,2.38095e-05,2.37954e-05,2.38095e-05,2.38095e-05,2.38095e-05,2.37954e-05,2.38095e-05,58.82,59.09,58.77,58.94,5677000,58.82,59.09,58.77,58.94,5677000,485.59,490.63,484.75,488.54001,1081100,468.73001,471.94,465.0,468.10001,495200,468.73001,471.94,465.0,468.10001,495200,80.72,80.49,81.81,79.64,148220.0,0.35,8.53,8.54,8.23,8.35,23961200,320.60001,321.63,317.82999,319.070007,45875400,100.58,101.46,99.089996,99.51,3239800,100.58,101.46,99.089996,99.51,3239800,411.62,411.92001,407.23999,408.67001,66601500,411.62,411.92001,407.23999,408.67001,66601500,32.79,32.83,32.58,32.69,3903800,3.339,3.417,3.485,3.335,3.339,3.417,3.485,3.335
2023-04-05,28169.72656,28739.23828,27843.76367,28177.98438,1.096011,1.096924,1.090536,1.096011,2020.44006,2032.20496,2009.995,2020.35327,2020.44006,2032.20496,2009.995,2020.35327,2.37954e-05,2.38095e-05,2.37954e-05,2.37954e-05,2.37954e-05,2.38095e-05,2.37954e-05,2.37954e-05,58.21,58.41,57.9,58.060001,6077000,58.21,58.41,57.9,58.060001,6077000,488.0,493.82999,487.029999,489.98999,1305900,467.22,473.60001,467.22,470.91,707000,467.22,473.60001,467.22,470.91,707000,80.63,81.01,81.25,79.75,109750.0,-0.11,8.63,8.65,7.84,7.98,54946900,318.10001,319.059998,314.070007,315.92001,62795700,99.24,99.59,98.7,98.76,3841700,99.24,99.59,98.7,98.76,3841700,407.91,408.70001,405.88,407.60001,65200200,407.91,408.70001,405.88,407.60001,65200200,32.75,32.87,32.6,32.77,3201700,3.309,3.348,3.372,3.266,3.309,3.348,3.372,3.266
2023-04-06,28175.22656,28178.38477,27738.75977,28044.14062,1.090334,1.093016,1.088554,1.090334,2020.125,2021.625,2000.8772,2008.016357,2020.125,2021.625,2000.8772,2008.016357,2.37954e-05,2.38095e-05,2.37954e-05,2.37954e-05,2.37954e-05,2.38095e-05,2.37954e-05,2.37954e-05,57.83,57.95,57.67,57.81,6155300,57.83,57.95,57.67,57.81,6155300,491.47,496.98001,489.01001,490.17001,1093300,474.67999,476.26001,468.29001,470.39001,575800,474.67999,476.26001,468.29001,470.39001,575800,80.68,80.45,80.97,79.69,103590.0,0.06,7.88,8.14,7.79,8.09,23488600,314.23999,318.54999,312.82001,318.049988,46916500,98.77,99.52,98.059998,98.21,3430400,98.77,99.52,98.059998,98.21,3430400,406.76999,409.48001,405.67999,409.19,63743300,406.76999,409.48001,405.67999,409.19,63743300,32.92,33.15,32.89,33.060001,1183700,3.303,3.307,3.313,3.253,3.303,3.307,3.313,3.253
2023-04-10,28336.02734,29771.46484,28189.27148,29652.98047,1.091358,1.091822,1.083248,1.091358,2008.29504,2011.17383,1981.59497,1989.65247,2008.29504,2011.17383,1981.59497,1989.65247,2.37954e-05,2.38095e-05,2.37954e-05,2.38095e-05,2.37954e-05,2.38095e-05,2.37954e-05,2.38095e-05,57.25,57.69,57.25,57.69,5444200,57.25,57.69,57.25,57.69,5444200,491.76999,498.42001,491.76999,496.75,1024400,470.98001,478.17001,470.98001,476.54001,594800,470.98001,478.17001,470.98001,476.54001,594800,79.77,80.5,81.19,79.65,120660.0,-1.13,8.0,8.44,7.9,8.39,29184700,315.070007,317.92001,313.25,317.87,45134700,97.96,99.77,97.65,99.62,3947600,97.96,99.77,97.65,99.62,3947600,406.60999,409.69,405.97,409.60999,63681000,406.60999,409.69,405.97,409.60999,63681000,32.89,33.09,32.89,33.07,994500,3.415,3.372,3.436,3.35,3.415,3.372,3.436,3.35
2023-04-11,29653.67969,30509.08398,29609.30078,30235.05859,1.086933,1.092669,1.086803,1.086933,1990.36499,2007.57971,1988.72095,2003.14087,1990.36499,2007.57971,1988.72095,2003.14087,2.37954e-05,2.38095e-05,2.37954e-05,2.37954e-05,2.37954e-05,2.38095e-05,2.37954e-05,2.37954e-05,57.88,57.97,57.72,57.88,4389200,57.88,57.97,57.72,57.88,4389200,496.38,496.75,487.01001,487.84,1224200,476.12,476.12,467.53,468.26999,657000,476.12,476.12,467.53,468.26999,657000,81.49,79.87,81.55,79.4,158750.0,2.16,8.35,8.79,8.34,8.61,35617900,317.82999,317.89001,315.31,315.82999,40113600,99.72,100.54,99.41,99.72,3408600,99.72,100.54,99.41,99.72,3408600,410.26001,411.17999,408.92001,409.72,59297900,410.26001,411.17999,408.92001,409.72,59297900,33.14,33.2,33.11,33.15,1547200,3.432,3.419,3.456,3.381,3.432,3.419,3.456,3.381
2023-04-12,30231.58203,30462.48047,29725.57422,30139.05273,1.091751,1.099856,1.091524,1.091751,2003.66504,2028.39502,2001.17505,2014.67114,2003.66504,2028.39502,2001.17505,2014.67114,2.38095e-05,2.38095e-05,2.37954e-05,2.38095e-05,2.38095e-05,2.38095e-05,2.37954e-05,2.38095e-05,58.35,58.39,57.96,58.07,3776700,58.35,58.39,57.96,58.07,3776700,482.79999,491.25,481.69,488.10001,1105600,467.42999,474.73001,466.029999,472.76999,574900,467.42999,474.73001,466.029999,472.76999,574900,83.09,81.38,83.38,81.21,220620.0,1.96,8.75,8.775,8.3,8.33,28771300,317.82001,318.42001,312.57001,313.040009,62813300,101.0,102.35,100.83,101.52,4710100,101.0,102.35,100.83,101.52,4710100,411.87,412.17001,407.44,408.049988,86420400,411.87,412.17001,407.44,408.049988,86420400,33.48,33.6,33.35,33.44,1065500,3.4,3.428,3.462,3.34,3.4,3.428,3.462,3.34
2023-04-13,29892.74023,30539.8457,29878.62305,30399.06641,1.099989,1.1069,1.098165,1.099989,2014.0,2048.84497,2012.44995,2039.73499,2014.0,2048.84497,2012.44995,2039.73499,2.37954e-05,2.37954e-05,2.37954e-05,2.37954e-05,2.37954e-05,2.37954e-05,2.37954e-05,2.37954e-05,58.54,58.96,58.54,58.88,4864400,58.54,58.96,58.54,58.88,4864400,486.82001,493.51001,485.98001,492.14001,909500,472.0,476.070007,469.67001,474.16,540000,472.0,476.070007,469.67001,474.16,540000,82.04,83.07,83.27,82.0,155560.0,-1.26,8.5,8.7,8.43,8.58,27983300,314.82999,319.64999,313.63,319.17001,54613800,101.15,101.86,100.5,101.68,3932500,101.15,101.86,100.5,101.68,3932500,409.17999,413.84,407.98999,413.47,85814800,409.17999,413.84,407.98999,413.47,85814800,33.68,33.78,33.6,33.78,2380400,3.449,3.389,3.46,3.372,3.449,3.389,3.46,3.372
2023-04-14,30409.5625,31005.60742,30044.49805,30485.69922,1.10546,1.10754,1.097803,1.10546,2040.39502,2047.60034,1992.40674,2003.040039,2040.39502,2047.60034,1992.40674,2003.040039,2.38095e-05,2.38095e-05,2.38095e-05,2.38095e-05,2.38095e-05,2.38095e-05,2.38095e-05,2.38095e-05,58.7,58.94,58.23,58.44,4492400,58.7,58.94,58.23,58.44,4492400,489.94,491.5,485.10999,487.98999,843200,470.54999,473.089996,468.76999,472.57001,501800,470.54999,473.089996,468.76999,472.57001,501800,82.43,82.3,82.99,81.64,205480.0,0.48,8.53,8.91,8.47,8.81,42294100,317.59,320.35999,315.60999,318.57001,56278300,101.19,101.71,100.97,101.68,3017700,101.19,101.71,100.97,101.68,3017700,412.81,415.089996,410.059998,412.45999,78161500,412.81,415.089996,410.059998,412.45999,78161500,33.73,33.8,33.46,33.57,1340600,3.515,3.447,3.537,3.422,3.515,3.447,3.537,3.422
2023-04-17,30317.14648,30319.19727,29275.37109,29445.04492,1.09866,1.099904,1.091072,1.09866,2001.84998,2015.13,1981.34497,1994.77112,2001.84998,2015.13,1981.34497,1994.77112,2.38095e-05,2.38095e-05,2.38095e-05,2.38095e-05,2.38095e-05,2.38095e-05,2.38095e-05,2.38095e-05,58.45,58.63,58.35,58.61,2705200,58.45,58.63,58.35,58.61,2705200,486.57001,492.26001,486.57001,489.64001,1287800,472.98999,477.67999,471.38,474.79001,598400,472.98999,477.67999,471.38,474.79001,598400,80.83,82.42,82.62,80.46,229970.0,-1.94,8.81,9.04,8.78,8.8,26047500,318.14999,319.20001,316.040009,318.84,43007000,101.91,103.29,101.8,103.11,4007400,101.91,103.29,101.8,103.11,4007400,412.37,413.95999,411.089996,413.94,66436400,412.37,413.95999,411.089996,413.94,66436400,33.54,33.55,33.35,33.51,1089500,3.606,3.53,3.608,3.507,3.606,3.53,3.608,3.507
2023-04-18,29449.0918,30470.30273,29154.84961,30397.55273,1.092538,1.098346,1.092275,1.092538,1995.19495,2011.97998,1991.32837,2004.92603,1995.19495,2011.97998,1991.32837,2004.92603,2.38095e-05,2.38095e-05,2.38095e-05,2.38095e-05,2.38095e-05,2.38095e-05,2.38095e-05,2.38095e-05,59.02,59.09,58.79,58.96,3137900,59.02,59.09,58.79,58.96,3137900,499.0,508.10001,498.0,501.41,2561800,475.73999,483.39999,475.73999,479.47,756100,475.73999,483.39999,475.73999,479.47,756100,80.9,81.0,81.52,79.91,311780.0,0.09,8.93,9.02,8.72,8.73,21185300,320.98999,321.42001,317.64001,318.85999,46746900,103.38,104.71,103.21,104.66,4949200,103.38,104.71,103.21,104.66,4949200,415.57999,415.72,412.78,414.20999,63560000,415.57999,415.72,412.78,414.20999,63560000,33.65,33.73,33.62,33.71,1184500,3.578,3.6,3.608,3.549,3.578,3.6,3.608,3.549
2023-04-19,30394.1875,30411.05469,28669.89844,28822.67969,1.097538,1.09866,1.091834,1.097538,2007.495,2008.33093,1969.27686,1993.26416,2007.495,2008.33093,1969.27686,1993.26416,2.38095e-05,2.38095e-05,2.37954e-05,2.38095e-05,2.38095e-05,2.38095e-05,2.37954e-05,2.38095e-05,58.43,58.58,58.37,58.49,4101500,58.43,58.58,58.37,58.49,4101500,502.0,503.32999,493.88,495.16,962200,480.45999,482.79001,476.20001,477.070007,482600,480.45999,482.79001,476.20001,477.070007,482600,79.24,80.96,81.24,78.53,350780.0,-2.05,8.58,8.658,8.48,8.49,18193700,316.41,319.79001,316.28,318.70999,38960100,104.63,104.91,103.86,104.089996,5004500,104.63,104.91,103.86,104.089996,5004500,412.22,415.079987,412.16,414.14001,55227300,412.22,415.079987,412.16,414.14001,55227300,33.67,33.73,33.64,33.67,773200,3.591,3.589,3.639,3.578,3.591,3.589,3.639,3.578
2023-04-20,28823.68359,29076.40039,28037.25781,28245.98828,1.095218,1.098901,1.093434,1.095218,1993.57996,2012.745,1990.48865,2004.33838,1993.57996,2012.745,1990.48865,2004.33838,2.37954e-05,2.37954e-05,2.37954e-05,2.37954e-05,2.37954e-05,2.37954e-05,2.37954e-05,2.37954e-05,58.47,58.82,58.47,58.68,3552400,58.47,58.82,58.47,58.68,3552400,495.82999,495.82999,489.059998,490.60001,839900,478.39999,478.39999,472.070007,474.17999,511700,478.39999,478.39999,472.070007,474.17999,511700,77.37,79.03,79.07,76.97,361410.0,-2.36,8.29,8.5,8.13,8.15,23573000,315.69,319.26999,314.97,316.28,62462100,103.11,103.32,102.31,102.84,3937600,103.11,103.32,102.31,102.84,3937600,411.20999,413.70001,410.26999,411.88,75840400,411.20999,413.70001,410.26999,411.88,75840400,33.62,33.78,33.62,33.72,1123600,3.536,3.591,3.602,3.526,3.536,3.591,3.602,3.526
2023-04-21,28249.23047,28349.96875,27177.36523,27276.91016,1.097093,1.099251,1.093972,1.097093,2004.28503,2005.75,1971.64502,1982.89478,2004.28503,2005.75,1971.64502,1982.89478,2.38095e-05,2.38095e-05,2.38095e-05,2.38095e-05,2.38095e-05,2.38095e-05,2.38095e-05,2.38095e-05,58.88,59.029999,58.62,59.0099983,6477200,58.88,59.029999,58.62,59.0099983,6477200,491.23999,491.28,480.60999,482.54999,1382500,475.72,475.72,468.82999,471.98999,1519500,475.72,475.72,468.82999,471.98999,1519500,77.71,76.85,78.14,76.49,109190.0,0.44,8.14,8.22,8.09,8.18,14880900,315.91,317.39999,314.10001,316.60999,59002300,103.010002,103.24,101.87,102.25,3315300,103.010002,103.24,101.87,102.25,3315300,412.19,412.67999,410.17001,412.20001,73457400,412.19,412.67999,410.17001,412.20001,73457400,33.68,33.79,33.51,33.79,1022000,3.568,3.534,3.579,3.501,3.568,3.534,3.579,3.501
2023-04-24,27591.73047,27979.98242,27070.84961,27525.33984,1.099227,1.10342,1.096876,1.099227,1981.33997,1990.96997,1974.18506,1988.87573,1981.33997,1990.96997,1974.18506,1988.87573,2.37954e-05,2.38095e-05,2.37954e-05,2.38095e-05,2.37954e-05,2.38095e-05,2.37954e-05,2.38095e-05,58.75,59.0,58.73,58.98,3369900,58.75,59.0,58.73,58.98,3369900,482.39001,483.53,478.72,480.92001,955200,471.16,472.63,466.5,470.92001,593600,471.16,472.63,466.5,470.92001,593600,78.6,77.82,79.0,76.57,103040.0,1.15,8.16,8.25,7.94,8.1,20439300,316.38,317.73999,313.73999,315.95001,44043100,102.37,102.63,101.62,102.46,3962100,102.37,102.63,101.62,102.46,3962100,411.98999,413.070007,410.60001,412.63,64332100,411.98999,413.070007,410.60001,412.63,64332100,33.75,33.86,33.73,33.86,913900,3.496,3.572,3.572,3.492,3.496,3.572,3.572,3.492
2023-04-25,27514.87305,28371.07813,27207.93164,28307.59766,1.10595,1.10681,1.096924,1.10595,1991.44995,2003.90002,1976.14453,1997.87231,1991.44995,2003.90002,1976.14453,1997.87231,2.37954e-05,2.38095e-05,2.37954e-05,2.37954e-05,2.37954e-05,2.38095e-05,2.37954e-05,2.37954e-05,58.95,58.99,58.54,58.57,5477100,58.95,58.99,58.54,58.57,5477100,480.70001,480.92001,475.56,475.57999,839100,470.10999,470.10999,464.42001,465.47,691400,470.10999,470.10999,464.42001,465.47,691400,76.87,78.55,78.9,76.33,134660.0,-2.2,8.0,8.02,7.73,7.74,21849100,314.29001,314.97,309.89001,309.98999,57121600,101.69,102.62,100.019997,101.089996,4638900,101.69,102.62,100.019997,101.089996,4638900,410.57999,411.16,406.019989,406.079987,97766700,410.57999,411.16,406.019989,406.079987,97766700,33.68,33.68,33.41,33.42,1217700,3.4,3.481,3.492,3.379,3.4,3.481,3.492,3.379
2023-04-26,28300.05859,29995.83789,27324.54883,28422.70117,1.097839,1.10941,1.096924,1.097839,2000.63,2009.51001,1983.42505,1989.47986,2000.63,2009.51001,1983.42505,1989.47986,2.38095e-05,2.38095e-05,2.37954e-05,2.37954e-05,2.38095e-05,2.38095e-05,2.37954e-05,2.37954e-05,58.69,58.71,58.3,58.36,6306400,58.69,58.71,58.3,58.36,6306400,473.95001,473.95001,459.60001,461.62,1571900,462.69,464.32999,449.070007,449.089996,1413000,462.69,464.32999,449.070007,449.089996,1413000,74.19,76.93,77.7,73.94,180080.0,-3.49,7.87,7.91,7.65,7.74,21396700,313.44,314.94,311.34,311.87,55400500,100.47,100.79,97.18,97.68,5219300,100.47,100.79,97.18,97.68,5219300,406.72,407.84,403.78,404.35999,80447000,406.72,407.84,403.78,404.35999,80447000,33.71,33.73,33.4,33.44,1370900,3.445,3.418,3.458,3.375,3.445,3.418,3.458,3.375
2023-04-27,28428.46484,29871.54688,28402.88672,29473.78711,1.10473,1.10656,1.099421,1.10473,1987.58496,2003.44995,1973.79504,1987.87024,1987.58496,2003.44995,1973.79504,1987.87024,2.38095e-05,2.38095e-05,2.37954e-05,2.37954e-05,2.38095e-05,2.38095e-05,2.37954e-05,2.37954e-05,58.9,59.35,58.82,59.31,5940500,58.9,59.35,58.82,59.31,5940500,461.85001,466.32999,461.14999,465.0,1491400,452.48001,459.67999,443.0,457.67999,1371000,452.48001,459.67999,443.0,457.67999,1371000,74.58,74.3,75.12,73.88,125420.0,0.53,7.83,7.91,7.72,7.82,21385500,315.70001,320.85999,315.049988,320.35001,65430400,97.68,99.7,97.45,99.39,4010600,97.68,99.7,97.45,99.39,4010600,407.0,412.69,406.73999,412.41,92968400,407.0,412.69,406.73999,412.41,92968400,33.5,33.78,33.49,33.74,1881000,3.528,3.443,3.538,3.433,3.528,3.443,3.538,3.433
2023-04-28,29481.01367,29572.79102,28929.60938,29340.26172,1.1032,1.10437,1.096563,1.1032,1986.75,1995.125,1976.084961,1989.64746,1986.75,1995.125,1976.084961,1989.64746,2.37954e-05,2.37954e-05,2.37954e-05,2.37954e-05,2.37954e-05,2.37954e-05,2.37954e-05,2.37954e-05,58.53,58.86,58.37,58.84,8999100,58.53,58.86,58.37,58.84,8999100,464.82001,466.16,462.39999,464.45001,1040000,460.37,461.57001,455.53,461.26999,708600,460.37,461.57001,455.53,461.26999,708600,76.61,74.71,76.74,73.8,111020.0,2.72,7.77,8.0,7.62,7.75,24924400,320.10999,322.64999,318.95999,322.56,59652500,99.07,99.91,98.79,99.9,2875900,99.07,99.91,98.79,99.9,2875900,411.48999,415.94,411.42999,415.92999,89335600,411.48999,415.94,411.42999,415.92999,89335600,33.63,34.0099983,33.63,33.93,1663300,3.433,3.522,3.551,3.422,3.433,3.522,3.551,3.422
2023-05-01,29227.10352,29329.93555,27680.79297,28091.56836,1.10109,1.10356,1.096696,1.10109,1991.34497,2006.045044,1977.050049,1982.045288,1991.34497,2006.045044,1977.050049,1982.045288,2.37954e-05,2.38095e-05,2.37954e-05,2.37954e-05,2.37954e-05,2.38095e-05,2.37954e-05,2.37954e-05,58.75,58.9,58.62,58.77,4921300,58.75,58.9,58.62,58.77,4921300,465.040009,471.079987,464.54999,469.42999,1524500,461.95001,466.029999,459.59,462.72,630200,461.95001,466.029999,459.59,462.72,630200,75.51,76.47,76.49,74.4,64060.0,-1.44,7.75,7.82,7.66,7.78,19134200,322.089996,323.63,321.089996,322.19,41013400,99.93,101.38,99.84,100.33,3481400,99.93,101.38,99.84,100.33,3481400,415.47,417.62,415.26999,415.51001,62122300,415.47,417.62,415.26999,415.51001,62122300,33.88,34.049999,33.81,33.82,3737000,3.57,3.45,3.608,3.448,3.57,3.45,3.608,3.448
2023-05-02,28087.17578,28881.29883,27924.12305,28680.53711,1.096924,1.10052,1.094355,1.096924,1982.81006,2019.53503,1978.38342,2016.27795,1982.81006,2019.53503,1978.38342,2016.27795,2.37954e-05,2.38095e-05,2.37954e-05,2.37954e-05,2.37954e-05,2.38095e-05,2.37954e-05,2.37954e-05,58.16,58.32,57.91,58.28,6373500,58.16,58.32,57.91,58.28,6373500,468.38,468.53,457.25,458.89001,1105500,460.82999,460.84,448.57999,448.81,770300,460.82999,460.84,448.57999,448.81,770300,71.55,75.55,75.96,71.32,152450.0,-5.24,7.72,7.91,7.43,7.59,38008000,322.12,322.45001,317.60999,319.38,56519400,100.16,100.16,98.27,98.87,3377500,100.16,100.16,98.27,98.87,3377500,414.76999,414.82001,407.82001,410.84,103998500,414.76999,414.82001,407.82001,410.84,103998500,33.53,33.54,33.18,33.39,2055500,3.433,3.566,3.57,3.424,3.433,3.566,3.57,3.424
2023-05-03,28680.49414,29259.5332,28178.38867,29006.30859,1.10109,1.10582,1.10059,1.10109,2036.85999,2080.71997,2030.33997,2051.11011,2036.85999,2080.71997,2030.33997,2051.11011,2.38095e-05,2.38095e-05,2.38095e-05,2.38095e-05,2.38095e-05,2.38095e-05,2.38095e-05,2.38095e-05,58.67,59.0,58.57,58.63,7567100,58.67,59.0,58.57,58.63,7567100,458.20001,459.47,452.69,453.070007,1116700,447.53,452.28,443.57001,443.70999,520200,447.53,452.28,443.57001,443.70999,520200,68.55,71.43,71.67,67.9,188010.0,-4.19,7.62,7.68,7.45,7.56,24322400,319.75,322.47,317.17999,317.29001,59882100,98.81,99.16,97.040001,97.16,3610800,98.81,99.16,97.040001,97.16,3610800,411.35999,413.87,407.76999,408.019989,91531800,411.35999,413.87,407.76999,408.019989,91531800,33.47,33.69,33.42,33.43,1926800,3.364,3.431,3.441,3.341,3.364,3.431,3.441,3.341
2023-05-04,29031.30469,29353.18555,28694.03906,28847.71094,1.10689,1.10914,1.098684,1.10689,2036.86499,2073.29492,2030.34106,2051.1084,2036.86499,2073.29492,2030.34106,2051.1084,2.37954e-05,2.37954e-05,2.37954e-05,2.37954e-05,2.37954e-05,2.37954e-05,2.37954e-05,2.37954e-05,58.57,58.95,58.57,58.74,4384000,58.57,58.95,58.57,58.74,4384000,453.66,454.040009,446.20999,451.92999,962700,443.28,445.28,435.20001,442.23001,645700,443.28,445.28,435.20001,442.23001,645700,68.51,68.27,69.76,63.9,160320.0,-0.06,7.47,7.52,7.28,7.38,29989300,317.059998,318.23001,315.12,316.17001,50224500,97.0,97.27,94.86,95.92,4414800,97.0,97.27,94.86,95.92,4414800,406.92999,407.26999,403.73999,405.13,94901900,406.92999,407.26999,403.73999,405.13,94901900,33.37,33.46,33.25,33.31,2136700,3.377,3.403,3.411,3.296,3.377,3.403,3.411,3.296
2023-05-05,28851.48047,29668.9082,28845.50977,29534.38477,1.10229,1.1048,1.097165,1.10229,2051.7251,2053.13208,1999.30005,2016.54285,2051.7251,2053.13208,1999.30005,2016.54285,2.38095e-05,2.38095e-05,2.38095e-05,2.38095e-05,2.38095e-05,2.38095e-05,2.38095e-05,2.38095e-05,59.060001,59.62,59.0099983,59.53,7126100,59.060001,59.62,59.0099983,59.53,7126100,452.69,457.10001,452.079987,455.54001,930000,443.45999,448.45001,441.92999,446.81,474700,443.45999,448.45001,441.92999,446.81,474700,71.27,68.63,71.72,68.46,115120.0,4.03,7.44,7.55,7.32,7.41,45601300,318.47,323.76001,316.20999,322.89001,51776000,96.33,96.79,95.71,96.58,3260000,96.33,96.79,95.71,96.58,3260000,408.91,413.72,408.64001,412.63,87844000,408.91,413.72,408.64001,412.63,87844000,33.53,33.92,33.51,33.88,1882100,3.435,3.386,3.465,3.379,3.435,3.386,3.465,3.379
2023-05-08,28450.45703,28663.27148,27310.13477,27694.27344,1.10187,1.10534,1.10125,1.10187,2015.94995,2029.625,2014.10498,2021.39001,2015.94995,2029.625,2014.10498,2021.39001,2.37954e-05,2.37954e-05,2.37954e-05,2.37954e-05,2.37954e-05,2.37954e-05,2.37954e-05,2.37954e-05,59.41,59.48,59.3,59.4,4012600,59.41,59.48,59.3,59.4,4012600,456.48999,458.29999,450.070007,450.95999,808300,448.32999,450.95001,441.87,442.23999,418200,448.32999,450.95001,441.87,442.23999,418200,73.07,71.27,73.56,70.96,125430.0,2.53,7.64,7.855,7.59,7.74,105304000,322.42001,324.040009,321.32001,323.69,36465800,96.69,97.44,95.44,95.54,4243600,96.69,97.44,95.44,95.54,4243600,412.97,413.23999,411.28,412.73999,50046800,412.97,413.23999,411.28,412.73999,50046800,33.91,33.99,33.82,33.86,2391500,3.507,3.448,3.52,3.422,3.507,3.448,3.52,3.422
2023-05-09,27695.06836,27821.40039,27375.60156,27658.77539,1.099614,1.10011,1.094403,1.099614,2022.23999,2037.70496,2019.5,2034.17004,2022.23999,2037.70496,2019.5,2034.17004,2.38095e-05,2.38095e-05,2.38095e-05,2.38095e-05,2.38095e-05,2.38095e-05,2.38095e-05,2.38095e-05,59.84,60.099998,59.79,60.040001,12314000,59.84,60.099998,59.79,60.040001,12314000,452.89999,453.91,450.10001,452.040009,623800,443.0,445.089996,440.87,442.31,462200,443.0,445.089996,440.87,442.31,462200,73.62,72.72,73.69,71.28,135290.0,0.75,9.22,9.69,8.655,9.55,223573300,322.0,322.88,321.32001,321.64001,31768800,95.63,96.78,95.32,96.27,2928400,95.63,96.78,95.32,96.27,2928400,411.13,412.089996,410.69,410.92999,49220100,411.13,412.089996,410.69,410.92999,49220100,33.5,33.69,33.48,33.64,1134300,3.522,3.515,3.532,3.479,3.522,3.515,3.532,3.479
2023-05-10,27654.63672,28322.6875,26883.66992,27621.75586,1.096467,1.10047,1.094283,1.096467,2034.19495,2048.21997,2021.57166,2029.51001,2034.19495,2048.21997,2021.57166,2029.51001,2.38095e-05,2.38095e-05,2.37954e-05,2.38095e-05,2.38095e-05,2.38095e-05,2.37954e-05,2.38095e-05,59.94,59.94,59.51,59.74,5274200,59.94,59.94,59.51,59.74,5274200,452.81,453.29001,448.70999,453.14999,850900,443.10001,445.0,438.70001,443.029999,559600,443.10001,445.0,438.70001,443.029999,559600,72.52,73.48,73.81,71.78,172140.0,-1.49,9.73,10.3,9.46,9.94,149375000,324.12,326.01001,321.60001,325.14001,60446600,96.82,97.0,95.41,96.3,3329300,96.82,97.0,95.41,96.3,3329300,413.88,414.54001,408.87,412.85001,96142900,413.88,414.54001,408.87,412.85001,96142900,33.74,33.74,33.37,33.6,2436500,3.439,3.519,3.528,3.431,3.439,3.519,3.528,3.431
2023-05-11,27621.08594,27621.94141,26781.82617,27000.78906,1.098406,1.099868,1.090132,1.098406,2030.55505,2041.44495,2011.19495,2015.54993,2030.55505,2041.44495,2011.19495,2015.54993,2.38095e-05,2.38095e-05,2.37954e-05,2.37954e-05,2.38095e-05,2.38095e-05,2.37954e-05,2.37954e-05,59.86,59.93,59.6,59.91,4593400,59.86,59.93,59.6,59.91,4593400,450.57999,452.22,448.54001,450.69,645400,438.89999,440.31,433.17999,435.85001,698900,438.89999,440.31,433.17999,435.85001,698900,70.88,72.54,73.47,70.65,172290.0,-2.26,10.14,10.159,9.71,9.88,73754100,325.70001,326.75,324.12,326.20001,44278500,95.66,96.18,94.92,95.54,3327100,95.66,96.18,94.92,95.54,3327100,411.95001,412.42999,409.97,412.13,70157100,411.95001,412.42999,409.97,412.13,70157100,33.2,33.33,33.02,33.3,2821600,3.386,3.436,3.444,3.345,3.386,3.436,3.444,3.345
2023-05-12,26987.66211,27055.64648,25878.42969,26804.99023,1.091215,1.093518,1.085564,1.091215,2015.19495,2022.56494,2001.045044,2011.15002,2015.19495,2022.56494,2001.045044,2011.15002,2.37954e-05,2.38095e-05,2.37954e-05,2.37954e-05,2.37954e-05,2.38095e-05,2.37954e-05,2.37954e-05,60.41,60.48,59.97,60.2,4825100,60.41,60.48,59.97,60.2,4825100,452.79999,453.87,447.79999,450.79001,696500,437.089996,441.81,434.76999,438.76001,749400,437.089996,441.81,434.76999,438.76001,749400,70.02,71.47,71.74,69.93,115900.0,-1.21,9.86,10.01,9.47,9.5,62031700,326.73999,327.17001,322.94,325.029999,48396200,95.97,96.56,95.67,95.99,2756000,95.97,96.56,95.67,95.99,2756000,413.42001,413.64001,409.070007,411.59,70439400,413.42001,413.64001,409.070007,411.59,70439400,33.34,33.41,33.099998,33.22,1853600,3.463,3.382,3.47,3.369,3.463,3.382,3.47,3.369
2023-05-15,26931.38477,27646.34766,26766.09766,27192.69336,1.08527,1.089206,1.084858,1.08527,2011.71997,2022.20325,2007.27588,2018.41003,2011.71997,2022.20325,2007.27588,2018.41003,2.38095e-05,2.38095e-05,2.38095e-05,2.38095e-05,2.38095e-05,2.38095e-05,2.38095e-05,2.38095e-05,60.23,60.61,60.23,60.56,6085500,60.23,60.61,60.23,60.56,6085500,450.79001,453.35001,449.42001,451.92001,668300,438.75,440.079987,436.0,439.37,491000,438.75,440.079987,436.0,439.37,491000,71.09,70.02,71.67,69.39,159520.0,1.53,9.21,9.6,9.02,9.52,53555500,325.51001,327.029999,323.95999,326.79001,33375600,95.97,96.73,95.85,96.7,2556100,95.97,96.73,95.85,96.7,2556100,412.22,413.42999,410.23001,413.01001,54289400,412.22,413.42999,410.23001,413.01001,54289400,33.45,33.58,33.39,33.54,1114000,3.507,3.464,3.511,3.457,3.507,3.464,3.511,3.457
2023-05-16,27171.51367,27299.30469,26878.94727,27036.65039,1.08737,1.090358,1.08567,1.08737,2015.89502,2018.94495,1985.47498,1988.60339,2015.89502,2018.94495,1985.47498,1988.60339,2.38095e-05,2.39234e-05,2.38095e-05,2.38095e-05,2.38095e-05,2.39234e-05,2.38095e-05,2.38095e-05,60.63,60.72,60.41,60.44,6518600,60.63,60.72,60.41,60.44,6518600,452.089996,452.44,447.66,447.73001,569500,439.98999,440.34,435.45001,435.63,448800,439.98999,440.34,435.45001,435.63,448800,70.84,71.28,71.76,70.44,153070.0,-0.35,9.4,9.63,9.35,9.47,42311900,326.059998,328.89999,326.019989,327.16,40019200,96.55,96.55,95.42,95.46,2534100,96.55,96.55,95.42,95.46,2534100,411.85999,412.82001,410.23999,410.25,57705500,411.85999,412.82001,410.23999,410.25,57705500,33.35,33.43,33.15,33.16,563700,3.541,3.507,3.573,3.457,3.541,3.507,3.573,3.457
2023-05-17,27035.4707,27465.92773,26600.14453,27398.80273,1.086567,1.087548,1.081163,1.086567,1988.93994,1993.13354,1974.80005,1981.72217,1988.93994,1993.13354,1974.80005,1981.72217,2.38949e-05,2.38949e-05,2.38663e-05,2.38663e-05,2.38949e-05,2.38949e-05,2.38663e-05,2.38663e-05,60.73,60.92,60.6,60.85,7119000,60.73,60.92,60.6,60.85,7119000,450.0,458.41,449.94,457.29999,1101900,439.0,448.39999,437.57999,447.34,758300,439.0,448.39999,437.57999,447.34,758300,72.89,70.6,73.3,70.05,219090.0,2.89,9.54,10.285,9.46,10.25,63834500,328.23999,331.70999,327.040009,331.12,47486100,95.76,97.36,95.76,96.57,4626800,95.76,97.36,95.76,96.57,4626800,412.35001,415.85999,410.64001,415.23001,87287000,412.35001,415.85999,410.64001,415.23001,87287000,33.23,33.32,33.02,33.31,1125900,3.572,3.547,3.589,3.515,3.572,3.547,3.589,3.515
2023-05-18,27401.65039,27466.52734,26415.10156,26832.20898,1.083835,1.084952,1.076542,1.083835,1981.51501,1986.12024,1951.96606,1958.053345,1981.51501,1986.12024,1951.96606,1958.053345,2.3892e-05,2.3892e-05,2.38663e-05,2.3892e-05,2.3892e-05,2.3892e-05,2.38663e-05,2.3892e-05,60.98,61.0099983,60.6,60.86,7947700,60.98,61.0099983,60.6,60.86,7947700,455.41,456.73999,449.39999,455.75,1456500,446.070007,446.92001,437.75,443.60001,518500,446.070007,446.92001,437.75,443.60001,518500,71.94,72.82,72.97,71.52,239920.0,-1.3,10.46,11.81,10.39,11.74,171402300,331.51999,337.48999,331.5,337.26999,64213500,95.79,96.4,95.080002,96.13,4277600,95.79,96.4,95.080002,96.13,4277600,414.89999,419.67001,414.67001,419.23001,97177200,414.89999,419.67001,414.67001,419.23001,97177200,33.16,33.17,32.94,33.099998,1480000,3.651,3.562,3.659,3.547,3.651,3.562,3.659,3.547
2023-05-19,26826.75391,27128.61914,26700.21094,26890.12891,1.07754,1.082392,1.076102,1.07754,1957.39502,1984.094971,1954.049927,1976.55505,1957.39502,1984.094971,1954.049927,1976.55505,2.38521e-05,2.38663e-05,2.38521e-05,2.38521e-05,2.38521e-05,2.38663e-05,2.38521e-05,2.38521e-05,60.66,60.98,60.66,60.96,9201200,60.66,60.98,60.66,60.96,9201200,457.029999,458.26999,452.85999,454.48999,804100,445.35999,446.29999,440.79001,443.31,463500,445.35999,446.29999,440.79001,443.31,463500,71.69,72.06,73.58,71.18,312430.0,-0.35,11.97,12.41,11.52,11.71,148321300,337.48999,338.20999,335.42999,336.51001,61462400,96.59,96.8,95.5,96.13,3527400,96.59,96.8,95.5,96.13,3527400,420.17001,420.72,417.35001,418.62,103679700,420.17001,420.72,417.35001,418.62,103679700,33.26,33.39,33.19,33.32,2120000,3.682,3.649,3.72,3.619,3.682,3.649,3.72,3.619
2023-05-22,26749.89258,27045.73438,26549.73438,26851.27734,1.082275,1.083072,1.079657,1.082275,1977.79504,1982.65723,1968.40002,1969.43164,1977.79504,1982.65723,1968.40002,1969.43164,2.38663e-05,2.38663e-05,2.38663e-05,2.38663e-05,2.38663e-05,2.38663e-05,2.38663e-05,2.38663e-05,61.13,61.35,61.09,61.23,6471100,61.13,61.35,61.09,61.23,6471100,454.0,457.37,451.59,454.72,628000,442.089996,445.17999,438.44,443.070007,508700,442.089996,445.17999,438.44,443.070007,508700,72.05,71.87,72.53,70.67,263980.0,0.5,11.62,12.105,11.39,11.84,76377100,336.25,338.67001,336.23999,337.64001,43015900,95.9,96.28,95.040001,95.66,3976100,95.9,96.28,95.040001,95.66,3976100,418.64001,420.39001,417.35001,418.79001,60745400,418.64001,420.39001,417.35001,418.79001,60745400,33.2,33.32,33.16,33.23,1509100,3.719,3.669,3.728,3.642,3.719,3.669,3.728,3.642
2023-05-23,26855.96094,27434.68359,26816.17969,27225.72656,1.081105,1.082134,1.07638,1.081105,1971.995,1977.79504,1954.28589,1974.72754,1971.995,1977.79504,1954.28589,1974.72754,2.38663e-05,2.38663e-05,2.38521e-05,2.38663e-05,2.38663e-05,2.38663e-05,2.38521e-05,2.38663e-05,60.31,60.62,60.25,60.35,15764500,60.31,60.62,60.25,60.35,15764500,452.10999,456.39999,450.0,452.63,1027200,441.17001,445.87,440.26001,443.029999,578300,441.17001,445.87,440.26001,443.029999,578300,72.85,72.0,73.72,71.63,92340.0,1.11,11.95,13.42,11.87,12.64,148701800,335.89001,337.059998,333.0,333.35999,48216700,94.83,95.27,94.07,94.080002,4388700,94.83,95.27,94.07,94.080002,4388700,417.079987,418.72,413.67999,414.089996,86383500,417.079987,418.72,413.67999,414.089996,86383500,33.21,33.23,32.98,32.99,3405900,3.698,3.717,3.761,3.688,3.698,3.717,3.761,3.688
2023-05-24,27224.60352,27224.60352,26106.57617,26334.81836,1.076971,1.079937,1.074968,1.076971,1975.19495,1985.30005,1956.51379,1957.011353,1975.19495,1985.30005,1956.51379,1957.011353,2.38521e-05,2.38663e-05,2.38521e-05,2.38521e-05,2.38521e-05,2.38663e-05,2.38521e-05,2.38521e-05,59.92,59.93,59.67,59.71,8184200,59.92,59.93,59.67,59.71,8184200,453.23999,456.73999,451.17999,452.72,858600,443.029999,446.35001,441.38,441.44,664600,443.029999,446.35001,441.38,441.44,664600,74.29,73.68,74.65,73.09,121830.0,1.98,12.05,12.43,11.82,12.23,90496900,331.37,332.91,329.56,331.64999,62891200,93.78,94.59,93.15,93.66,3670500,93.78,94.59,93.15,93.66,3670500,412.42001,412.82001,409.88,411.089996,89213700,412.42001,412.82001,409.88,411.089996,89213700,32.56,32.56,32.32,32.42,3861400,3.744,3.701,3.748,3.667,3.744,3.701,3.748,3.667
2023-05-25,26329.46094,26591.51953,25890.59375,26476.20703,1.075732,1.075732,1.070996,1.075732,1958.1344,1964.94995,1938.86255,1940.33643,1958.1344,1964.94995,1938.86255,1940.33643,2.38663e-05,2.38663e-05,2.38095e-05,2.38663e-05,2.38663e-05,2.38663e-05,2.38095e-05,2.38663e-05,60.099998,60.099998,59.8,60.049999,9127500,60.099998,60.099998,59.8,60.049999,9127500,451.5,451.5,439.70001,442.82999,1205000,438.32999,439.95001,429.10001,433.51001,910600,438.32999,439.95001,429.10001,433.51001,910600,71.93,74.18,74.34,71.03,154730.0,-3.18,13.18,13.22,12.34,12.84,106557800,339.14001,341.01001,336.67001,339.72,66862800,93.51,93.72,92.059998,93.12,5340500,93.51,93.72,92.059998,93.12,5340500,414.73999,416.16,412.41,414.64999,90961600,414.73999,416.16,412.41,414.64999,90961600,32.24,32.25,32.040001,32.17,2937400,3.823,3.74,3.827,3.73,3.823,3.74,3.827,3.73
2023-05-26,26474.18164,26916.66992,26343.94922,26719.29102,1.072444,1.075755,1.070205,1.072444,1940.68994,1957.39502,1936.84497,1946.32507,1940.68994,1957.39502,1936.84497,1946.32507,2.37954e-05,2.38095e-05,2.37954e-05,2.38095e-05,2.37954e-05,2.38095e-05,2.37954e-05,2.38095e-05,60.02,60.41,59.97,60.25,5308400,60.02,60.41,59.97,60.25,5308400,442.85999,451.76999,442.10001,448.45001,1135500,432.62,441.51001,432.62,438.32001,865000,432.62,441.51001,432.62,438.32001,865000,72.76,71.99,73.12,71.59,77580.0,1.15,12.84,14.195,12.82,13.65,127311200,340.76001,349.25,340.66,348.39999,63007000,93.72,94.64,93.12,93.26,4056700,93.72,94.64,93.12,93.26,4056700,415.32999,420.76999,415.25,420.019989,93830000,415.32999,420.76999,415.25,420.019989,93830000,32.35,32.48,32.34,32.44,4712800,3.81,3.817,3.859,3.777,3.81,3.817,3.859,3.777
2023-05-30,27745.12305,28044.75977,27588.50195,27702.34961,1.070767,1.074576,1.067338,1.070767,1944.19495,1963.63281,1932.081909,1959.14453,1944.19495,1963.63281,1932.081909,1959.14453,2.37954e-05,2.38095e-05,2.37954e-05,2.38095e-05,2.37954e-05,2.38095e-05,2.37954e-05,2.38095e-05,60.07,60.09,59.71,59.86,5522900,60.07,60.09,59.71,59.86,5522900,448.079987,449.049988,444.23999,447.97,1163300,434.89001,441.12,432.32999,438.16,875900,434.89001,441.12,432.32999,438.16,875900,69.6,73.22,73.62,69.16,117500.0,-4.49,14.44,15.0050001,14.24,14.71,159089300,352.70999,353.92999,348.53,349.98001,72652200,93.010002,93.56,92.31,92.82,4559300,93.010002,93.56,92.31,92.82,4559300,422.029999,422.57999,418.73999,420.17999,72216000,422.029999,422.57999,418.73999,420.17999,72216000,32.36,32.39,32.02,32.14,3814600,3.694,3.765,3.769,3.681,3.694,3.765,3.769,3.681
2023-05-31,27700.5293,27831.67773,26866.45312,27219.6582,1.073307,1.073883,1.065167,1.073307,1959.29504,1975.34497,1953.6665,1962.30115,1959.29504,1975.34497,1953.6665,1962.30115,2.37954e-05,2.38095e-05,2.37954e-05,2.38095e-05,2.37954e-05,2.38095e-05,2.37954e-05,2.38095e-05,59.26,59.41,58.93,59.34,7626200,59.26,59.41,58.93,59.34,7626200,444.62,445.92999,443.0,444.01001,1673500,437.81,441.35999,434.62,435.48999,1500800,437.81,441.35999,434.62,435.48999,1500800,68.24,69.67,69.81,67.21,157340.0,-1.95,14.19,14.79,13.82,14.71,130392200,348.37,350.60001,346.51001,347.98999,65105400,92.37,92.87,91.95,92.14,9972500,92.37,92.87,91.95,92.14,9972500,418.28,419.22,416.22,417.85001,110811800,418.28,419.22,416.22,417.85001,110811800,31.9,31.93,31.68,31.9,5911800,3.646,3.694,3.694,3.614,3.646,3.694,3.694,3.614
2023-06-01,27218.41211,27346.10547,26671.7207,26819.97266,1.069519,1.0754,1.066416,1.069519,1962.79504,1983.26501,1953.42725,1977.87512,1962.79504,1983.26501,1953.42725,1977.87512,2.37954e-05,2.38095e-05,2.37954e-05,2.37954e-05,2.37954e-05,2.38095e-05,2.37954e-05,2.37954e-05,60.31,60.85,60.26,60.83,11298100,60.31,60.85,60.26,60.83,11298100,445.60001,450.78,443.42001,449.67001,878700,436.76999,439.23001,433.53,438.51001,792500,436.76999,439.23001,433.53,438.51001,792500,70.2,67.81,71.14,67.67,135270.0,2.87,14.46,15.22,14.2,14.54,126015100,347.73001,353.35999,346.66,352.01001,50488600,92.28,94.14,92.25,94.089996,5636400,92.28,94.14,92.25,94.089996,5636400,418.089996,422.92001,416.79001,421.82001,88865000,418.089996,422.92001,416.79001,421.82001,88865000,32.0,32.35,31.98,32.31,5204100,3.601,3.639,3.689,3.57,3.601,3.639,3.689,3.57
2023-06-02,26824.55664,27303.86133,26574.64453,27249.58984,1.076079,1.077935,1.071811,1.076079,1978.13989,1983.51501,1947.6322,1947.6322,1978.13989,1983.51501,1947.6322,1947.6322,2.37954e-05,2.38095e-05,2.37954e-05,2.37954e-05,2.37954e-05,2.38095e-05,2.37954e-05,2.37954e-05,62.0,62.09,61.78,62.0,14766900,62.0,62.09,61.78,62.0,14766900,452.12,456.35999,450.56,454.48999,894200,441.92001,447.13,438.73999,443.82999,1025000,441.92001,447.13,438.73999,443.82999,1025000,71.84,70.25,72.24,70.1,110940.0,2.34,14.65,15.03,14.16,14.52,79328400,353.79999,355.82999,352.01001,354.64999,53293500,94.96,96.42,94.6,96.080002,5558700,94.96,96.42,94.6,96.080002,5558700,424.5,428.73999,423.95001,427.92001,91366700,424.5,428.73999,423.95001,427.92001,91366700,32.64,32.69,32.53,32.63,1930500,3.698,3.606,3.7,3.599,3.698,3.606,3.7,3.599
2023-06-05,27123.10938,27129.98242,25445.16797,25760.09766,1.069862,1.072271,1.067475,1.069862,1947.59497,1964.13049,1938.14465,1961.45276,1947.59497,1964.13049,1938.14465,1961.45276,2.38095e-05,2.38095e-05,2.38095e-05,2.38095e-05,2.38095e-05,2.38095e-05,2.38095e-05,2.38095e-05,62.19,62.25,61.75,61.78,8439900,62.19,62.25,61.75,61.78,8439900,456.14001,456.76001,452.48001,454.69,807200,446.98999,446.98999,442.049988,445.54999,843900,446.98999,446.98999,442.049988,445.54999,843900,72.26,75.1,75.7,71.85,148980.0,0.58,14.365,15.7,14.365,15.24,109017800,354.42999,357.5,353.85001,354.89999,47266200,96.61,96.91,95.65,95.75,3811400,96.61,96.91,95.65,95.75,3811400,428.28,429.62,426.37,427.10001,65460200,428.28,429.62,426.37,427.10001,65460200,32.54,32.58,32.4,32.43,2624400,3.689,3.706,3.762,3.658,3.689,3.706,3.762,3.658
2023-06-06,25732.10938,27313.82031,25434.86719,27238.7832,1.07118,1.073307,1.066735,1.07118,1962.10999,1966.84998,1954.0,1962.84753,1962.10999,1966.84998,1954.0,1962.84753,2.38095e-05,2.38095e-05,2.37954e-05,2.38095e-05,2.38095e-05,2.38095e-05,2.37954e-05,2.38095e-05,62.54,63.080002,62.5,63.040001,11346500,62.54,63.080002,62.5,63.040001,11346500,456.51999,459.34,454.39001,458.63,816800,447.5,449.37,444.17999,448.10001,696000,447.5,449.37,444.17999,448.10001,696000,71.85,72.09,72.42,70.29,118290.0,-0.57,15.3,15.58,14.92,15.46,74284300,354.28,355.82001,352.92999,354.84,41390400,96.14,97.69,95.36,97.44,4947600,96.14,97.69,95.36,97.44,4947600,426.67001,428.57999,425.98999,428.029999,64022200,426.67001,428.57999,425.98999,428.029999,64022200,32.43,32.67,32.42,32.66,2596200,3.677,3.685,3.735,3.654,3.677,3.685,3.735,3.654
2023-06-07,27235.65039,27332.18164,26146.98828,26345.99805,1.069805,1.074022,1.066883,1.069805,1963.59497,1970.26318,1939.63184,1939.63184,1963.59497,1970.26318,1939.63184,1939.63184,2.38095e-05,2.38095e-05,2.38095e-05,2.38095e-05,2.38095e-05,2.38095e-05,2.38095e-05,2.38095e-05,61.32,61.66,60.98,61.0,10400700,61.32,61.66,60.98,61.0,10400700,458.12,463.75,455.01001,461.75,893100,447.89001,454.5,444.25,453.35001,814100,447.89001,454.5,444.25,453.35001,814100,72.64,71.7,73.29,71.14,109560.0,1.1,16.01,17.16,14.52,14.69,227244100,355.13,357.12,348.17999,348.82001,69225900,97.54,98.79,96.63,98.59,4275400,97.54,98.79,96.63,98.59,4275400,428.44,429.62,426.10999,426.54999,85373300,428.44,429.62,426.10999,426.54999,85373300,32.15,32.21,31.96,32.040001,1857700,3.793,3.668,3.801,3.656,3.793,3.668,3.801,3.656
2023-06-08,26347.6543,26797.51367,26246.66406,26508.2168,1.070744,1.078283,1.070217,1.070744,1940.59497,1970.49756,1939.80591,1967.76147,1940.59497,1970.49756,1939.80591,1967.76147,2.37954e-05,2.37954e-05,2.37954e-05,2.37954e-05,2.37954e-05,2.37954e-05,2.37954e-05,2.37954e-05,60.95,61.6,60.83,61.52,14393100,60.95,61.6,60.83,61.52,14393100,462.17999,466.42001,461.45999,464.17001,863400,453.73999,457.84,452.39999,455.47,630300,453.73999,457.84,452.39999,455.47,630300,71.44,72.57,73.37,69.21,236210.0,-1.65,14.44,15.59,14.39,15.19,115591600,349.12,353.62,348.89001,353.14999,47153900,98.43,99.53,98.19,99.080002,3269300,98.43,99.53,98.19,99.080002,3269300,426.62,429.60001,425.82001,429.13,61952800,426.62,429.60001,425.82001,429.13,61952800,32.11,32.3,32.060001,32.29,1386400,3.718,3.789,3.821,3.708,3.718,3.789,3.821,3.708
2023-06-09,26505.92383,26770.28906,26339.31445,26480.375,1.078272,1.078749,1.074772,1.078272,1968.099976,1973.094971,1956.72864,1960.59973,1968.099976,1973.094971,1956.72864,1960.59973,2.37954e-05,2.38095e-05,2.37954e-05,2.37954e-05,2.37954e-05,2.38095e-05,2.37954e-05,2.37954e-05,62.29,62.36,62.049999,62.22,5957300,62.29,62.36,62.049999,62.22,5957300,465.39001,465.39001,460.39001,462.69,713100,456.45001,459.70999,454.19,454.26001,640800,456.45001,459.70999,454.19,454.26001,640800,70.33,71.11,71.93,70.26,160290.0,-1.55,15.36,15.98,14.82,15.02,93983400,354.63,357.66,353.029999,354.5,53155900,99.43,99.5,98.85,99.34,2518100,99.43,99.5,98.85,99.34,2518100,429.95999,431.98999,428.87,429.89999,85742800,429.95999,431.98999,428.87,429.89999,85742800,32.09,32.2,32.049999,32.16,1449400,3.743,3.724,3.78,3.716,3.743,3.724,3.78,3.716
2023-06-12,25934.28516,26087.91992,25675.19727,25902.5,1.075095,1.07897,1.073434,1.075095,1960.25,1967.54504,1948.80005,1956.92175,1960.25,1967.54504,1948.80005,1956.92175,2.37954e-05,2.37954e-05,2.37954e-05,2.37954e-05,2.37954e-05,2.37954e-05,2.37954e-05,2.37954e-05,62.47,62.64,62.39,62.61,5143200,62.47,62.64,62.39,62.61,5143200,462.79001,462.87,458.17999,459.87,954400,453.95999,453.95999,448.23999,453.51001,781800,453.95999,453.95999,448.23999,453.51001,781800,67.29,70.42,70.49,66.96,223620.0,-4.32,15.44,16.030001,15.33,15.65,89900400,356.19,360.59,355.20001,360.48999,44606500,99.39,99.79,99.050003,99.42,3527500,99.39,99.79,99.050003,99.42,3527500,430.92001,433.88,430.17001,433.79999,76104300,430.92001,433.88,430.17001,433.79999,76104300,32.080002,32.11,31.9,32.0099983,1419400,3.743,3.745,3.794,3.711,3.743,3.745,3.794,3.711
2023-06-13,25902.94141,26376.35156,25728.36523,25918.72852,1.076299,1.082251,1.076056,1.076299,1957.69495,1970.745,1939.995,1943.32849,1957.69495,1970.745,1939.995,1943.32849,2.37954e-05,2.38095e-05,2.37954e-05,2.37954e-05,2.37954e-05,2.38095e-05,2.37954e-05,2.37954e-05,63.68,63.83,63.4,63.51,10623300,63.68,63.83,63.4,63.51,10623300,456.01001,456.97,445.89001,452.37,1486300,450.17999,453.82999,445.16,451.14999,609800,450.17999,453.82999,445.16,451.14999,609800,69.58,67.45,69.97,67.31,253160.0,3.4,16.18,16.27,15.163,16.0,112765900,363.29001,364.10999,360.029999,363.26001,57097800,100.0,100.68,99.52,99.69,4053500,100.0,100.68,99.52,99.69,4053500,435.32001,437.32999,434.63,436.66,95899700,435.32001,437.32999,434.63,436.66,95899700,32.24,32.37,32.22,32.33,3876600,3.827,3.74,3.845,3.682,3.827,3.74,3.845,3.682
2023-06-14,25920.25781,26041.80078,24902.15234,25124.67578,1.078935,1.085835,1.077575,1.078935,1943.495,1960.40503,1939.72546,1942.99036,1943.495,1960.40503,1939.72546,1942.99036,2.38095e-05,2.38095e-05,2.38095e-05,2.38095e-05,2.38095e-05,2.38095e-05,2.38095e-05,2.38095e-05,63.84,64.11,63.36,63.8,9214700,63.84,64.11,63.36,63.8,9214700,451.41,453.42001,448.57001,452.54999,945700,450.89001,453.44,446.16,447.89999,510200,450.89001,453.44,446.16,447.89999,510200,68.46,69.51,70.64,68.26,212220.0,-1.61,15.93,16.19,15.44,15.91,70871900,363.26999,366.19,360.42001,365.89999,69525600,99.71,99.82,96.55,96.86,6363800,99.71,99.82,96.55,96.86,6363800,437.01001,439.059998,433.59,437.17999,100612100,437.01001,439.059998,433.59,437.17999,100612100,32.6,32.67,32.31,32.45,3710200,3.79,3.821,3.851,3.771,3.79,3.821,3.851,3.771
2023-06-15,25121.67383,25735.30859,24797.16797,25576.39453,1.084305,1.093853,1.080427,1.084305,1943.44495,1960.34302,1925.29504,1957.65479,1943.44495,1960.34302,1925.29504,1957.65479,2.37954e-05,2.38095e-05,2.37954e-05,2.38095e-05,2.37954e-05,2.38095e-05,2.37954e-05,2.38095e-05,63.14,63.8,63.099998,63.71,9803400,63.14,63.8,63.099998,63.71,9803400,454.0,458.51001,453.92001,455.95001,892400,449.69,454.78,446.76001,452.87,544600,449.69,454.78,446.76001,452.87,544600,70.81,68.92,71.15,68.14,262830.0,3.43,15.66,16.79,15.49,16.6,91200900,364.60999,371.76999,363.98001,370.26001,71138800,97.18,98.37,97.040001,98.0,4530100,97.18,98.37,97.040001,98.0,4530100,436.32999,443.89999,436.23001,442.60001,110303100,436.32999,443.89999,436.23001,442.60001,110303100,32.61,32.98,32.58,32.95,1579000,3.72,3.79,3.845,3.707,3.72,3.79,3.845,3.707
2023-06-16,25575.2832,26463.17383,25245.35742,26327.46289,1.094595,1.0971,1.092013,1.094595,1957.68005,1967.99878,1953.41943,1957.36255,1957.68005,1967.99878,1953.41943,1957.36255,2.37954e-05,2.3801e-05,2.37954e-05,2.37954e-05,2.37954e-05,2.3801e-05,2.37954e-05,2.37954e-05,63.77,63.77,63.060001,63.099998,5663500,63.77,63.77,63.060001,63.099998,5663500,457.73001,461.76999,456.60001,459.17001,1642800,453.10001,458.91,452.60001,458.35001,1179000,453.10001,458.91,452.60001,458.35001,1179000,71.93,70.81,72.03,70.18,297840.0,1.58,16.87,16.91,16.01,16.3,90473900,372.72,372.85001,367.48001,367.92999,80875900,98.2,99.010002,96.81,97.74,9035700,98.2,99.010002,96.81,97.74,9035700,443.019989,443.60999,438.97,439.45999,114121300,443.019989,443.60999,438.97,439.45999,114121300,33.099998,33.15,32.93,32.97,1877900,3.767,3.718,3.806,3.717,3.767,3.718,3.806,3.717
2023-06-20,26841.66406,28388.96875,26668.79102,28327.48828,1.09243,1.094523,1.089455,1.09243,1950.89502,1956.86865,1929.77014,1935.91394,1950.89502,1956.86865,1929.77014,1935.91394,2.37812e-05,2.38095e-05,2.37812e-05,2.37812e-05,2.37812e-05,2.38095e-05,2.37812e-05,2.37812e-05,62.39,62.5,62.12,62.23,11658700,62.39,62.5,62.12,62.23,11658700,459.48001,461.89001,457.48001,458.38,774800,458.95001,460.69,454.089996,454.34,510200,458.95001,460.69,454.089996,454.34,510200,71.19,71.69,72.38,69.76,430490.0,-0.17,15.99,16.89,15.58,15.79,81335000,365.95001,368.32001,363.89001,366.89999,49204700,98.4,98.96,97.54,97.7,6935100,98.4,98.96,97.54,97.7,6935100,437.45001,438.37,435.029999,437.17999,76160400,437.45001,438.37,435.029999,437.17999,76160400,32.65,32.65,32.46,32.54,1684600,3.719,3.824,3.826,3.701,3.719,3.824,3.826,3.701
2023-06-21,28311.31055,30737.33008,28283.41016,30027.29688,1.092037,1.096131,1.090667,1.092037,1935.42004,1939.54504,1919.34497,1932.26306,1935.42004,1939.54504,1919.34497,1932.26306,2.37954e-05,2.38095e-05,2.37954e-05,2.38095e-05,2.37954e-05,2.38095e-05,2.37954e-05,2.38095e-05,62.81,63.14,62.69,62.97,6679600,62.81,63.14,62.69,62.97,6679600,461.059998,467.17001,458.01001,466.040009,906900,454.23001,462.63,454.17001,462.47,495300,454.23001,462.63,454.17001,462.47,495300,72.52,70.86,72.69,70.8,97510.0,1.87,15.66,15.755,14.37,14.64,97885000,365.73999,366.17999,360.95999,361.89999,53378300,97.7,99.95,97.39,99.07,4776500,97.7,99.95,97.39,99.07,4776500,436.16,436.98999,434.32999,434.94,76982300,436.16,436.98999,434.32999,434.94,76982300,32.35,32.58,32.28,32.49,1820500,3.727,3.732,3.791,3.711,3.727,3.732,3.791,3.711
2023-06-22,29995.93555,30495.99805,29679.1582,29912.28125,1.099264,1.10112,1.09511,1.099264,1932.094971,1935.002319,1912.34497,1913.51599,1932.094971,1935.002319,1912.34497,1913.51599,2.38095e-05,2.38095e-05,2.38095e-05,2.38095e-05,2.38095e-05,2.38095e-05,2.38095e-05,2.38095e-05,62.5,62.69,62.41,62.45,3493100,62.5,62.69,62.41,62.45,3493100,465.51999,466.049988,461.5,463.42999,688500,460.95001,460.98999,455.81,458.059998,454400,460.95001,460.98999,455.81,458.059998,454400,69.63,72.4,72.62,69.07,234790.0,-3.99,14.3,14.44,13.86,14.05,103461000,360.63,366.32999,360.22,366.17001,47603000,98.6,98.63,96.6,96.92,4531500,98.6,98.63,96.6,96.92,4531500,433.95001,436.62,433.60001,436.51001,70637200,433.95001,436.62,433.60001,436.51001,70637200,32.24,32.32,32.17,32.3,1717900,3.797,3.727,3.81,3.711,3.797,3.727,3.81,3.711
2023-06-23,29896.38281,31389.53906,29845.21484,30695.46875,1.09589,1.09589,1.084505,1.09589,1913.79504,1937.099976,1910.245,1921.36316,1913.79504,1937.099976,1910.245,1921.36316,2.38095e-05,2.38095e-05,2.37954e-05,2.37954e-05,2.38095e-05,2.38095e-05,2.37954e-05,2.37954e-05,60.95,61.029999,60.76,60.91,6295200,60.95,61.029999,60.76,60.91,6295200,463.51999,465.42001,458.13,459.35999,1347800,458.14001,460.10999,452.63,454.049988,554700,458.14001,460.10999,452.63,454.049988,554700,69.32,69.66,69.77,67.52,113920.0,-0.45,13.64,14.14,13.56,14.03,74640600,362.20999,364.88,360.82001,362.54001,48873900,96.7,97.29,96.34,96.91,6210700,96.7,97.29,96.34,96.91,6210700,432.92999,435.059998,432.47,433.20999,92074500,432.92999,435.059998,432.47,433.20999,92074500,31.95,32.099998,31.91,31.99,1071200,3.737,3.787,3.799,3.692,3.737,3.787,3.799,3.692
2023-06-26,30480.52344,30636.0293,29955.74414,30271.13086,1.090667,1.09218,1.088815,1.090667,1924.29504,1933.47998,1921.59497,1922.85327,1924.29504,1933.47998,1921.59497,1922.85327,2.38095e-05,2.38095e-05,2.37954e-05,2.37954e-05,2.38095e-05,2.38095e-05,2.37954e-05,2.37954e-05,60.93,61.049999,60.83,60.91,4205700,60.93,61.049999,60.83,60.91,4205700,455.94,456.16,446.67999,452.79999,997200,449.59,449.92999,442.79999,448.019989,744200,449.59,449.92999,442.79999,448.019989,744200,69.54,69.93,70.24,68.88,94210.0,0.32,13.87,14.42,13.83,13.94,50679900,362.0,364.84,357.59,357.67999,52685500,95.98,96.61,94.75,96.55,3993600,95.98,96.61,94.75,96.55,3993600,432.62,434.60999,431.19,431.44,72823600,432.62,434.60999,431.19,431.44,72823600,31.95,32.07,31.94,32.0,1078800,3.723,3.721,3.737,3.679,3.723,3.721,3.737,3.679
2023-06-27,30274.32031,31006.78711,30236.65039,30688.16406,1.091048,1.09761,1.090322,1.091048,1923.20996,1930.84998,1911.18506,1913.35254,1923.20996,1930.84998,1911.18506,1913.35254,2.38095e-05,2.38095e-05,2.38095e-05,2.38095e-05,2.38095e-05,2.38095e-05,2.38095e-05,2.38095e-05,60.97,61.19,60.78,61.14,4398900,60.97,61.19,60.78,61.14,4398900,452.79001,455.63,452.42001,453.14999,671100,448.23999,451.44,445.34,448.44,535200,448.23999,451.44,445.34,448.44,535200,67.9,69.63,70.29,67.71,170460.0,-2.36,14.22,14.76,13.96,14.61,55410500,359.25,364.57001,358.51001,363.82999,49428100,96.35,96.75,95.85,96.53,4048200,96.35,96.75,95.85,96.53,4048200,432.35001,436.81,431.88,436.17001,72813700,432.35001,436.81,431.88,436.17001,72813700,32.049999,32.23,31.97,32.18,1459100,3.772,3.719,3.776,3.692,3.772,3.719,3.776,3.692
2023-06-28,30696.56055,30703.2793,29921.82227,30086.24609,1.095722,1.096251,1.089966,1.095722,1913.59497,1917.23792,1902.84497,1907.42334,1913.59497,1917.23792,1902.84497,1907.42334,2.38095e-05,2.38095e-05,2.38095e-05,2.38095e-05,2.38095e-05,2.38095e-05,2.38095e-05,2.38095e-05,61.67,61.97,61.55,61.82,4924500,61.67,61.97,61.55,61.82,4924500,453.57999,453.76001,447.45999,449.66,848900,448.79001,450.57001,440.67001,442.66,618800,448.79001,450.57001,440.67001,442.66,618800,69.73,68.2,69.9,67.27,159540.0,2.7,14.53,15.43,14.465,15.28,66001000,361.98001,366.51999,361.89999,364.54001,46498000,96.39,96.4,95.12,95.87,4014900,96.39,96.4,95.12,95.87,4014900,435.049988,437.44,434.41,436.39001,75636000,435.049988,437.44,434.41,436.39001,75636000,32.0099983,32.02,31.88,31.97,1590800,3.714,3.762,3.77,3.704,3.714,3.762,3.77,3.704
2023-06-29,30086.1875,30796.25,30057.20312,30445.35156,1.091584,1.094068,1.086236,1.091584,1908.79504,1913.14844,1893.009644,1908.15247,1908.79504,1913.14844,1893.009644,1908.15247,2.38095e-05,2.38095e-05,2.38095e-05,2.38095e-05,2.38095e-05,2.38095e-05,2.38095e-05,2.38095e-05,61.45,61.62,61.38,61.51,5542200,61.45,61.62,61.38,61.51,5542200,449.92001,457.53,448.78,457.44,684200,442.76001,451.44,442.39999,451.22,531200,442.76001,451.44,442.39999,451.22,531200,70.02,69.37,70.73,69.11,106170.0,0.42,15.4,15.57,15.06,15.2,46300900,364.23999,364.89001,362.14001,363.81,46151000,96.0,97.89,95.85,97.8,4071400,96.0,97.89,95.85,97.8,4071400,435.95999,438.28,435.54001,438.10999,67882300,435.95999,438.28,435.54001,438.10999,67882300,31.71,31.9,31.7,31.9,1448700,3.842,3.714,3.868,3.712,3.842,3.714,3.868,3.712
2023-06-30,30441.35352,31256.86328,29600.27539,30477.25195,1.086803,1.093374,1.083647,1.086803,1908.53003,1922.89795,1900.55652,1919.56543,1908.53003,1922.89795,1900.55652,1919.56543,2.37954e-05,2.38095e-05,2.37954e-05,2.37954e-05,2.37954e-05,2.38095e-05,2.37954e-05,2.37954e-05,61.66,62.029999,61.61,61.9,6036300,61.66,62.029999,61.61,61.9,6036300,459.23999,462.67001,456.79001,460.38,982700,453.14999,459.51001,449.91,455.79999,765300,453.14999,459.51001,449.91,455.79999,765300,70.78,69.95,71.17,69.69,136640.0,1.09,15.48,15.8,15.23,15.33,42081000,367.54999,370.48999,367.23001,369.42001,58668800,98.099998,98.39,97.28,97.96,4381500,98.099998,98.39,97.28,97.96,4381500,441.44,444.29999,441.10999,443.28,104921500,441.44,444.29999,441.10999,443.28,104921500,32.29,32.41,32.27,32.35,1672400,3.841,3.838,3.892,3.803,3.841,3.838,3.892,3.803
2023-07-03,30624.51562,31375.61328,30586.51367,31156.43945,1.09075,1.093135,1.087181,1.09075,1919.39502,1931.094971,1910.099976,1921.42847,1919.39502,1931.094971,1910.099976,1921.42847,2.37954e-05,2.38095e-05,2.37954e-05,2.37954e-05,2.37954e-05,2.38095e-05,2.37954e-05,2.37954e-05,62.18,62.41,62.080002,62.09,4219400,62.18,62.41,62.080002,62.09,4219400,460.0,463.32999,457.54999,462.57999,385400,453.10999,458.84,452.22,458.16,239600,453.10999,458.84,452.22,458.16,239600,69.91,70.61,71.88,69.82,107160.0,-1.23,15.49,15.59,15.19,15.52,26037400,370.070007,370.92999,368.97,370.29001,19432900,97.49,98.84,97.32,98.39,2149900,97.49,98.84,97.32,98.39,2149900,442.92001,444.079987,442.63,443.79001,32793400,442.92001,444.079987,442.63,443.79001,32793400,32.26,32.27,32.17,32.21,862500,3.858,3.845,3.868,3.778,3.858,3.845,3.868,3.778
2023-07-05,30778.72461,30877.33008,30225.61328,30514.16602,1.088495,1.09062,1.086508,1.088495,1925.90002,1935.16504,1914.48254,1917.32239,1925.90002,1935.16504,1914.48254,1917.32239,2.37982e-05,2.37982e-05,2.37982e-05,2.37982e-05,2.37982e-05,2.37982e-05,2.37982e-05,2.37982e-05,61.68,61.69,61.5,61.58,6195000,61.68,61.69,61.5,61.58,6195000,461.57001,463.35001,458.94,462.76001,625500,457.82999,459.63,453.12,459.049988,369300,457.82999,459.63,453.12,459.049988,369300,71.88,70.25,72.25,70.03,214790.0,1.15,15.425,15.77,15.23,15.7,39179900,368.70001,372.01001,368.66,370.28,34460900,98.019997,98.46,97.44,98.24,3247400,98.019997,98.46,97.44,98.24,3247400,441.91,443.89001,441.89999,443.13,58418400,441.91,443.89001,441.89999,443.13,58418400,32.029999,32.060001,31.83,31.85,2790300,3.934,3.841,3.947,3.831,3.934,3.841,3.947,3.831
2023-07-06,30507.15039,31460.05273,29892.22656,29909.33789,1.085658,1.090156,1.083435,1.085658,1916.045044,1927.68994,1902.67505,1910.79724,1916.045044,1927.68994,1902.67505,1910.79724,2.3801e-05,2.3801e-05,2.3801e-05,2.3801e-05,2.3801e-05,2.3801e-05,2.3801e-05,2.3801e-05,60.83,60.87,60.41,60.77,9312900,60.83,60.87,60.41,60.77,9312900,463.0,463.0,459.34,461.64001,675900,458.45001,460.67999,454.040009,455.98001,673800,458.45001,460.67999,454.040009,455.98001,673800,71.79,71.85,72.37,70.28,217750.0,-0.13,15.32,15.383,14.62,15.13,56534000,366.51001,367.91,364.51999,367.45999,49374700,97.9,98.74,97.35,98.050003,3679600,97.9,98.74,97.35,98.050003,3679600,439.42001,440.10001,437.059998,439.66,80658300,439.42001,440.10001,437.059998,439.66,80658300,31.44,31.46,31.11,31.31,2756500,4.031,3.938,4.083,3.93,4.031,3.938,4.083,3.93
2023-07-07,29907.99805,30434.64453,29777.28516,30342.26562,1.089064,1.096467,1.086862,1.089064,1911.069946,1934.92004,1909.55579,1924.28247,1911.069946,1934.92004,1909.55579,1924.28247,2.3801e-05,2.38095e-05,2.3801e-05,2.3801e-05,2.3801e-05,2.38095e-05,2.3801e-05,2.3801e-05,61.07,61.92,61.07,61.64,6669900,61.07,61.92,61.07,61.64,6669900,460.0,461.89001,458.10001,458.70999,639400,454.98999,455.84,450.76999,452.45001,577500,454.98999,455.84,450.76999,452.45001,577500,73.77,71.85,73.82,71.22,178320.0,2.76,15.23,15.9,15.19,15.34,48109800,367.23001,370.48001,366.01001,366.23999,47083200,98.080002,98.47,97.37,97.42,4569600,98.080002,98.47,97.37,97.42,4569600,438.63,442.64001,438.29999,438.54999,86076100,438.63,442.64001,438.29999,438.54999,86076100,31.22,31.56,31.22,31.44,2297700,4.066,4.031,4.094,4.006,4.066,4.031,4.094,4.006
2023-07-10,30172.42383,31026.08398,29985.39453,30414.4707,1.096972,1.099276,1.094451,1.096972,1925.19495,1928.31152,1912.67932,1924.99365,1925.19495,1928.31152,1912.67932,1924.99365,2.37954e-05,2.37954e-05,2.37954e-05,2.37954e-05,2.37954e-05,2.37954e-05,2.37954e-05,2.37954e-05,61.25,61.58,61.25,61.55,6002300,61.25,61.58,61.25,61.55,6002300,458.5,462.59,458.049988,460.38,718400,452.59,455.54999,451.35999,452.59,494600,452.59,455.54999,451.35999,452.59,494600,72.95,73.76,74.06,72.63,143740.0,-1.11,15.37,16.33,14.945,16.3,62823600,365.95999,367.049988,363.41,366.35999,48498800,97.41,98.33,97.27,97.48,3300300,97.41,98.33,97.27,97.48,3300300,438.17999,439.84,437.59,439.66,62443500,438.17999,439.84,437.59,439.66,62443500,31.33,31.53,31.33,31.48,1169000,4.0,4.062,4.092,3.986,4.0,4.062,4.092,3.986
2023-07-11,30417.63281,30788.31445,30358.09766,30620.95117,1.10059,1.10256,1.097864,1.10059,1925.39502,1938.69495,1924.3988,1931.995,1925.39502,1938.69495,1924.3988,1931.995,2.38095e-05,2.38095e-05,2.38095e-05,2.38095e-05,2.38095e-05,2.38095e-05,2.38095e-05,2.38095e-05,61.5,61.83,61.39,61.82,6165800,61.5,61.83,61.39,61.82,6165800,461.26999,467.10001,459.79001,466.29001,709200,453.91,462.0,453.17001,460.75,688100,453.91,462.0,453.17001,460.75,688100,74.71,73.13,74.82,72.94,193290.0,2.41,16.47,16.93,16.15,16.49,63236600,366.79001,368.63,364.62,368.17001,38214100,97.099998,98.089996,96.54,98.029999,6209900,97.099998,98.089996,96.54,98.029999,6209900,440.45001,442.97,439.44,442.45999,64463800,440.45001,442.97,439.44,442.45999,64463800,31.57,31.78,31.55,31.76,2403000,3.978,4.0,4.008,3.95,3.978,4.0,4.008,3.95
2023-07-12,30622.24609,30959.96484,30228.83594,30391.64648,1.10141,1.11259,1.10129,1.10141,1932.59497,1959.82227,1932.18237,1957.088501,1932.59497,1959.82227,1932.18237,1957.088501,2.38095e-05,2.38095e-05,2.37954e-05,2.38095e-05,2.38095e-05,2.38095e-05,2.37954e-05,2.38095e-05,61.97,62.62,61.92,62.25,10371200,61.97,62.62,61.92,62.25,10371200,467.20001,467.22,461.12,461.95999,1067100,461.44,461.5,453.17999,453.35001,691000,461.44,461.5,453.17999,453.35001,691000,75.54,74.7,75.94,74.53,251400.0,1.11,16.78,16.94,16.41,16.59,50079400,372.34,374.19,370.29999,372.82001,61975400,98.64,98.8,96.72,96.82,4943300,98.64,98.8,96.72,96.82,4943300,446.39001,447.48001,444.91,446.019989,91924500,446.39001,447.48001,444.91,446.019989,91924500,32.37,32.49,32.32,32.44,2631200,3.861,3.962,3.97,3.844,3.861,3.962,3.97,3.844
2023-07-13,30387.48828,31814.51562,30268.35156,31476.04883,1.11445,1.11962,1.11307,1.11445,1957.43994,1963.69495,1952.71448,1960.19446,1957.43994,1963.69495,1952.71448,1960.19446,2.37954e-05,2.38095e-05,2.37954e-05,2.37954e-05,2.37954e-05,2.38095e-05,2.37954e-05,2.37954e-05,63.13,63.24,63.040001,63.18,10043100,63.13,63.24,63.040001,63.18,10043100,461.0,467.44,460.32999,466.38,821700,452.29001,457.95999,450.76001,457.029999,552600,452.29001,457.95999,450.76001,457.029999,552600,76.76,75.64,77.15,75.23,297920.0,1.62,16.7,17.26,16.631,16.74,58397800,376.049988,379.98999,375.45999,379.14999,46960000,96.59,97.46,96.29,97.17,3357600,96.59,97.46,96.29,97.17,3357600,447.89999,450.38,447.45001,449.56,72425200,447.89999,450.38,447.45001,449.56,72425200,32.84,32.98,32.81,32.94,1829200,3.767,3.859,3.865,3.757,3.767,3.859,3.865,3.757
2023-07-14,31474.7207,31582.25391,29966.38672,30334.06836,1.12235,1.12448,1.12061,1.12235,1961.58496,1963.81482,1951.0,1954.92542,1961.58496,1963.81482,1951.0,1954.92542,2.38095e-05,2.38095e-05,2.37954e-05,2.38095e-05,2.38095e-05,2.38095e-05,2.37954e-05,2.38095e-05,62.55,62.68,62.37,62.42,8611500,62.55,62.68,62.37,62.42,8611500,466.0,466.51999,462.35999,464.31,932900,455.95001,456.23999,449.75,450.64001,604300,455.95001,456.23999,449.75,450.64001,604300,75.32,77.02,77.11,75.06,204780.0,-1.88,16.76,17.0,16.27,16.4,45018700,379.59,382.85999,378.17999,379.070007,55097800,97.089996,97.15,95.73,96.17,3454200,97.089996,97.15,95.73,96.17,3454200,450.48001,451.35999,448.48999,449.28,69761800,450.48001,451.35999,448.48999,449.28,69761800,33.040001,33.040001,32.71,32.73,1708000,3.83,3.777,3.836,3.76,3.83,3.777,3.836,3.76
2023-07-17,30249.62695,30336.40039,29685.7832,30145.88867,1.12278,1.12511,1.12055,1.12278,1954.89502,1959.91003,1945.82446,1954.73547,1954.89502,1959.91003,1945.82446,1954.73547,2.38095e-05,2.38095e-05,2.37954e-05,2.38095e-05,2.38095e-05,2.38095e-05,2.37954e-05,2.38095e-05,62.23,62.52,62.12,62.45,9922700,62.23,62.52,62.12,62.45,9922700,466.29001,473.98999,465.62,469.97,1886300,451.87,457.0,449.35001,454.23999,861500,451.87,457.0,449.35001,454.23999,861500,74.08,74.88,76.0,73.78,248260.0,-1.65,16.42,17.59,16.32,17.4,63505000,379.79999,383.5,379.31,382.60999,40868900,96.089996,96.88,95.6,96.32,3268800,96.089996,96.88,95.6,96.32,3268800,449.13,451.92999,449.079987,450.84,52680200,449.13,451.92999,449.079987,450.84,52680200,32.66,32.73,32.59,32.68,1147100,3.809,3.815,3.836,3.772,3.809,3.815,3.836,3.772
2023-07-18,30147.07031,30233.65625,29556.42773,29856.5625,1.12376,1.12757,1.12201,1.12376,1954.59497,1984.39331,1954.44495,1978.71497,1954.59497,1984.39331,1954.44495,1978.71497,2.37954e-05,2.37954e-05,2.37954e-05,2.37954e-05,2.37954e-05,2.37954e-05,2.37954e-05,2.37954e-05,63.15,63.38,63.029999,63.31,9943400,63.15,63.38,63.029999,63.31,9943400,474.37,479.5,454.28,455.70001,3122600,456.69,460.64001,440.5,442.67999,1263100,456.69,460.64001,440.5,442.67999,1263100,75.66,74.08,75.9,73.82,388370.0,2.13,17.88,18.13,17.19,18.08,87365700,381.95999,387.13,380.0,385.73999,55343400,96.42,97.68,95.49,95.76,5464600,96.42,97.68,95.49,95.76,5464600,450.5,454.85999,450.049988,454.19,80744400,450.5,454.85999,450.049988,454.19,80744400,32.66,32.88,32.65,32.8,1764500,3.789,3.805,3.809,3.734,3.789,3.805,3.809,3.734
2023-07-19,29862.04688,30184.18164,29794.26953,29913.92383,1.12289,1.12397,1.11763,1.12289,1978.96997,1981.045044,1969.74731,1976.73572,1978.96997,1981.045044,1969.74731,1976.73572,2.38095e-05,2.38095e-05,2.38095e-05,2.38095e-05,2.38095e-05,2.38095e-05,2.38095e-05,2.38095e-05,63.35,63.46,63.18,63.32,6073400,63.35,63.46,63.18,63.32,6073400,457.0,459.28,448.10999,451.51001,2141500,442.42001,445.82999,438.64999,442.28,933600,442.42001,445.82999,438.64999,442.28,933600,75.29,75.75,76.87,75.02,385600.0,-0.49,18.02,18.995,17.76,18.049999,89044600,386.82001,387.98001,384.29999,385.64999,54093000,95.84,96.47,95.27,95.57,4133300,95.84,96.47,95.27,95.57,4133300,455.01001,456.42999,454.10999,455.20001,65891700,455.01001,456.42999,454.10999,455.20001,65891700,32.98,33.11,32.94,33.099998,4759700,3.748,3.789,3.797,3.727,3.748,3.789,3.797,3.727
2023-07-20,29915.25,30195.53125,29638.0957,29792.01563,1.12052,1.12296,1.11331,1.12052,1976.79504,1987.59497,1965.40002,1969.62012,1976.79504,1987.59497,1965.40002,1969.62012,2.37812e-05,2.37812e-05,2.37812e-05,2.37812e-05,2.37812e-05,2.37812e-05,2.37812e-05,2.37812e-05,62.55,62.68,62.35,62.48,7279000,62.55,62.68,62.35,62.48,7279000,452.63,458.20001,452.0,456.01001,1353800,447.53,455.16,443.19,454.35999,978200,447.53,455.16,443.19,454.35999,978200,75.65,75.33,76.15,74.52,340960.0,0.48,17.54,18.0,16.98,17.13,62711600,382.60999,384.10001,375.72,376.76001,71941700,96.2,97.28,95.97,97.16,4314600,96.2,97.28,95.97,97.16,4314600,454.17001,455.10001,451.44,452.17999,70591600,454.17001,455.10001,451.44,452.17999,70591600,33.17,33.28,33.099998,33.21,4052400,3.856,3.754,3.874,3.746,3.856,3.754,3.874,3.746
2023-07-21,29805.11133,30045.99805,29733.85156,29908.74414,1.11371,1.1147,1.11096,1.11371,1969.98999,1973.88879,1956.82495,1960.22729,1969.98999,1973.88879,1956.82495,1960.22729,2.37812e-05,2.38095e-05,2.37812e-05,2.37812e-05,2.37812e-05,2.38095e-05,2.37812e-05,2.37812e-05,62.51,62.58,62.3,62.41,7566200,62.51,62.58,62.3,62.41,7566200,454.81,456.94,453.35001,454.76001,934300,454.10999,457.059998,451.89999,453.42001,593300,454.10999,457.059998,451.89999,453.42001,593300,76.78,75.45,76.98,75.45,106730.0,1.49,17.47,17.49,16.0,16.43,63260300,379.17999,379.92001,375.19,375.63,60439400,97.2,97.44,96.37,96.39,3272100,97.2,97.44,96.37,96.39,3272100,453.95999,454.17001,452.17001,452.17999,71245400,453.95999,454.17001,452.17001,452.17999,71245400,33.24,33.29,33.14,33.28,2640800,3.837,3.85,3.861,3.809,3.837,3.85,3.861,3.809
2023-07-24,30081.66211,30093.39453,28934.29492,29176.91602,1.11253,1.1145,1.10688,1.11253,1962.094971,1967.97009,1953.4187,1954.51257,1962.094971,1967.97009,1953.4187,1954.51257,2.37812e-05,2.38095e-05,2.37812e-05,2.37812e-05,2.37812e-05,2.38095e-05,2.37812e-05,2.37812e-05,62.41,62.65,62.31,62.5,6047300,62.41,62.65,62.31,62.5,6047300,456.0,457.95001,454.040009,456.79999,892200,453.91,455.32999,451.39999,452.20999,551400,453.91,455.32999,451.39999,452.20999,551400,78.4,76.62,78.89,76.16,109570.0,2.11,16.61,16.69,16.12,16.32,36133600,376.62,377.57999,374.34,376.23001,40380100,96.9,97.18,96.51,97.010002,4741800,96.9,97.18,96.51,97.010002,4741800,453.37,455.040009,452.29999,454.20001,54023400,453.37,455.040009,452.29999,454.20001,54023400,33.099998,33.29,33.07,33.23,1326200,3.878,3.847,3.878,3.792,3.878,3.847,3.878,3.792
2023-07-25,29178.9707,29353.16016,29062.43359,29227.39062,1.10632,1.10889,1.10221,1.10632,1955.19995,1966.029907,1953.20764,1964.5824,1955.19995,1966.029907,1953.20764,1964.5824,2.37954e-05,2.37954e-05,2.37954e-05,2.37954e-05,2.37954e-05,2.37954e-05,2.37954e-05,2.37954e-05,62.34,62.64,62.34,62.58,5303100,62.34,62.64,62.34,62.58,5303100,452.42999,454.76001,447.42001,454.14999,1207800,445.45999,457.29001,444.049988,457.19,846300,445.45999,457.29001,444.049988,457.19,846300,79.2,78.47,79.46,77.93,122790.0,1.02,16.35,16.86,16.35,16.55,36612900,376.95001,380.47,376.92999,378.78,38894400,85.86,87.25,81.35,87.099998,49625600,85.86,87.25,81.35,87.099998,49625600,453.92001,456.73999,453.87,455.44,55191200,453.92001,456.73999,453.87,455.44,55191200,33.26,33.45,33.26,33.44,1386000,3.89,3.876,3.922,3.857,3.89,3.876,3.922,3.857
2023-07-26,29225.75977,29675.55273,29113.91211,29354.97266,1.10505,1.10865,1.10384,1.10505,1964.995,1978.3147,1961.99451,1972.10315,1964.995,1978.3147,1961.99451,1972.10315,2.38095e-05,2.38095e-05,2.38095e-05,2.38095e-05,2.38095e-05,2.38095e-05,2.38095e-05,2.38095e-05,62.67,63.040001,62.62,62.83,4351700,62.67,63.040001,62.62,62.83,4351700,454.32999,457.049988,451.87,452.81,1322300,457.17001,459.82001,454.019989,457.16,896200,457.17001,459.82001,454.019989,457.16,896200,78.4,78.88,79.31,78.17,112970.0,-1.01,16.4,16.69,16.13,16.43,35804800,377.72,379.23999,375.17999,377.51999,47075700,86.82,87.2,84.86,86.3,20124000,86.82,87.2,84.86,86.3,20124000,454.47,456.98999,453.38,455.51001,71052900,454.47,456.98999,453.38,455.51001,71052900,33.27,33.65,33.27,33.58,3094900,3.873,3.898,3.904,3.847,3.873,3.898,3.904,3.847
2023-07-27,29353.79883,29560.9668,29099.35156,29210.68945,1.10784,1.1152,1.098491,1.10784,1972.075073,1982.245,1942.61047,1944.98621,1972.075073,1982.245,1942.61047,1944.98621,2.37954e-05,2.37954e-05,2.37954e-05,2.37954e-05,2.37954e-05,2.37954e-05,2.37954e-05,2.37954e-05,63.52,63.79,63.24,63.34,13156000,63.52,63.79,63.24,63.34,13156000,451.5,452.42001,445.32001,448.64001,1603600,442.72,446.98999,431.60999,445.31,1719600,442.72,446.98999,431.60999,445.31,1719600,79.63,78.49,80.08,78.47,138780.0,1.57,16.8,17.19,16.0,16.15,50685200,383.070007,384.70999,375.31,376.62,63940200,85.8,87.22,84.43,85.17,14092700,85.8,87.22,84.43,85.17,14092700,459.019989,459.44,451.54999,452.48999,92194400,459.019989,459.44,451.54999,452.48999,92194400,33.45,33.45,32.99,33.040001,2822100,4.002,3.877,4.024,3.839,4.002,3.877,4.024,3.839
2023-07-28,29212.16406,29521.51367,29125.8457,29319.24609,1.097876,1.10468,1.094703,1.097876,1944.27087,1963.70996,1944.27087,1959.20129,1944.27087,1963.70996,1944.27087,1959.20129,2.38095e-05,2.38095e-05,2.3753e-05,2.37954e-05,2.38095e-05,2.38095e-05,2.3753e-05,2.37954e-05,63.87,64.07,63.68,63.7,5952100,63.87,64.07,63.68,63.7,5952100,448.0,450.64999,446.48999,449.0,1163100,445.85999,452.39999,445.5,449.67999,1127000,445.85999,452.39999,445.5,449.67999,1127000,80.18,79.33,80.29,78.67,101330.0,0.69,17.21,17.97,16.74,17.81,106125600,380.73999,384.51999,380.22,383.48001,56902900,85.5,87.55,85.4,87.34,11617700,85.5,87.55,85.4,87.34,11617700,455.88,457.78,452.48999,456.92001,80011800,455.88,457.78,452.48999,456.92001,80011800,33.34,33.45,33.23,33.28,1960200,3.957,4.014,4.043,3.939,3.957,4.014,4.043,3.939
2023-07-31,29278.31445,29489.87305,29131.57812,29230.11133,1.10243,1.10455,1.10062,1.10243,1959.495,1972.44495,1951.0,1964.18835,1959.495,1972.44495,1951.0,1964.18835,2.3753e-05,2.3753e-05,2.3753e-05,2.3753e-05,2.3753e-05,2.3753e-05,2.3753e-05,2.3753e-05,63.32,63.65,63.3,63.42,9700000,63.32,63.65,63.3,63.42,9700000,449.70999,449.70999,444.63,446.37,1806000,450.5,450.5,442.5,445.0,1031000,450.5,450.5,442.5,445.0,1031000,81.32,80.23,81.5,79.72,92510.0,1.42,18.82,19.995,18.38,19.84,142173800,383.79001,384.88,382.34,383.67999,44019900,87.45,88.69,87.22,87.93,10177400,87.45,88.69,87.22,87.93,10177400,457.41,458.16,456.049988,457.79001,62040400,457.41,458.16,456.049988,457.79001,62040400,33.35,33.49,33.29,33.3,2596500,3.967,3.963,4.003,3.927,3.967,3.963,4.003,3.927
2023-08-01,29230.87305,29675.73242,28657.02344,29675.73242,1.099759,1.10023,1.095446,1.099759,1965.099976,1966.245,1941.20496,1944.079346,1965.099976,1966.245,1941.20496,1944.079346,2.38095e-05,2.38095e-05,2.38095e-05,2.38095e-05,2.38095e-05,2.38095e-05,2.38095e-05,2.38095e-05,62.92,62.99,62.6,62.67,6392400,62.92,62.99,62.6,62.67,6392400,447.029999,453.12,446.89999,451.28,1047900,445.89001,449.66,445.0,448.14999,576700,445.89001,449.66,445.0,448.14999,576700,80.92,81.25,81.74,80.17,105360.0,-0.49,19.46,20.24,19.23,19.99,99336200,382.31,383.56,380.69,382.79001,41060600,87.15,88.21,87.07,87.97,6780400,87.15,88.21,87.07,87.97,6780400,456.26999,457.25,455.48999,456.48001,55291500,456.26999,457.25,455.48999,456.48001,55291500,33.07,33.17,32.91,33.0099983,2600100,4.037,3.965,4.057,3.949,4.037,3.965,4.057,3.949
2023-08-02,29704.14648,29987.99805,28946.50977,29151.95898,1.10079,1.10079,1.091977,1.10079,1945.745,1955.39502,1933.0,1933.56494,1945.745,1955.39502,1933.0,1933.56494,2.38095e-05,2.38095e-05,2.37954e-05,2.38095e-05,2.38095e-05,2.38095e-05,2.37954e-05,2.38095e-05,61.92,62.060001,61.45,61.49,11902000,61.92,62.060001,61.45,61.49,11902000,451.28,453.13,447.91,448.56,905700,447.89001,448.44,444.37,447.47,830300,447.89001,448.44,444.37,447.47,830300,79.13,81.54,81.95,78.68,135800.0,-2.21,19.26,19.62,18.15,18.97,98215800,379.26001,379.26001,373.13,374.39001,72687100,87.5,87.92,85.27,85.46,8610900,87.5,87.92,85.27,85.46,8610900,453.25,453.51999,449.35001,450.13,93933400,453.25,453.51999,449.35001,450.13,93933400,32.51,32.55,32.25,32.38,3596800,4.09,4.013,4.126,4.009,4.09,4.013,4.126,4.009
2023-08-03,29161.8125,29375.70703,28959.48828,29178.67969,1.094415,1.095398,1.091358,1.094415,1934.65503,1939.030029,1929.54504,1933.73694,1934.65503,1939.030029,1929.54504,1933.73694,2.38095e-05,2.38095e-05,2.37954e-05,2.38095e-05,2.38095e-05,2.38095e-05,2.37954e-05,2.38095e-05,60.87,61.27,60.8,61.19,4987000,60.87,61.27,60.8,61.19,4987000,447.32001,450.20001,445.98001,447.92001,1240700,447.19,447.98999,441.60999,442.60999,758500,447.19,447.98999,441.60999,442.60999,758500,81.08,79.4,81.4,78.33,150290.0,2.46,18.63,19.3,18.61,18.71,54345900,371.94,375.95001,371.76999,373.79001,47666400,85.53,85.76,84.36,84.67,7947300,85.53,85.76,84.36,84.67,7947300,448.040009,450.79001,447.37,448.84,64276100,448.040009,450.79001,447.37,448.84,64276100,32.07,32.4,32.07,32.37,4075300,4.179,4.086,4.198,4.082,4.179,4.086,4.198,4.082
2023-08-04,29174.38281,29302.07813,28885.33594,29074.0918,1.095158,1.10409,1.093625,1.095158,1934.12,1947.19495,1929.75,1941.62329,1934.12,1947.19495,1929.75,1941.62329,2.38095e-05,2.38095e-05,2.37954e-05,2.37954e-05,2.38095e-05,2.38095e-05,2.37954e-05,2.37954e-05,61.8,62.29,61.71,61.78,5821200,61.8,62.29,61.71,61.78,5821200,448.57999,450.29001,445.31,445.72,846800,444.019989,444.76999,437.67001,438.54001,583900,444.019989,444.76999,437.67001,438.54001,583900,82.27,81.22,82.66,81.04,108120.0,1.47,18.874,19.08,18.08,18.2,71979800,375.75,378.10001,371.53,372.040009,61646200,85.050003,85.2,84.34,84.55,5572300,85.050003,85.2,84.34,84.55,5572300,450.72,452.89999,446.26999,446.81,100052300,450.72,452.89999,446.26999,446.81,100052300,32.36,32.67,32.3,32.35,3367200,4.042,4.179,4.206,4.038,4.042,4.179,4.206,4.038
2023-08-07,29038.51367,29244.28125,28724.14062,29180.57812,1.10027,1.1012,1.096611,1.10027,1942.59497,1946.81458,1931.52502,1936.38708,1942.59497,1946.81458,1931.52502,1936.38708,2.38095e-05,2.38095e-05,2.37954e-05,2.37954e-05,2.38095e-05,2.38095e-05,2.37954e-05,2.37954e-05,62.28,62.36,62.11,62.3,4209400,62.28,62.36,62.11,62.3,4209400,447.32001,450.47,446.28,449.78,746800,437.87,439.35999,433.10999,436.66,1289300,437.87,439.35999,433.10999,436.66,1289300,81.49,82.27,82.73,81.08,123010.0,-0.95,18.25,18.39,17.01,17.99,133808400,373.88,375.29001,371.51001,375.19,37230400,84.75,85.77,84.71,85.47,6740900,84.75,85.77,84.71,85.47,6740900,448.70999,450.87,447.98999,450.70999,58357500,448.70999,450.87,447.98999,450.70999,58357500,32.53,32.66,32.4,32.66,2553800,4.097,4.05,4.123,4.046,4.097,4.05,4.123,4.046
2023-08-08,29180.01953,30176.79688,29113.81445,29765.49219,1.10032,1.10098,1.093099,1.10032,1936.76001,1938.1532,1922.5,1924.81506,1936.76001,1938.1532,1922.5,1924.81506,2.38095e-05,2.38095e-05,2.37954e-05,2.37954e-05,2.38095e-05,2.38095e-05,2.37954e-05,2.37954e-05,61.65,61.78,61.48,61.75,4519600,61.65,61.78,61.48,61.75,4519600,449.0,450.51001,447.57001,449.47,791600,436.0,438.42001,432.31,432.89999,664800,436.0,438.42001,432.31,432.89999,664800,82.36,82.04,82.52,79.52,187840.0,1.07,17.49,17.49,16.1,17.040001,143014200,372.64001,372.66,368.82001,372.0,44726500,85.010002,86.43,84.66,86.21,7220000,85.010002,86.43,84.66,86.21,7220000,448.079987,450.70001,445.26999,448.75,71361300,448.079987,450.70001,445.26999,448.75,71361300,32.29,32.53,32.18,32.52,3571900,4.028,4.089,4.089,3.984,4.028,4.089,4.089,3.984
2023-08-09,29766.69531,30093.43555,29376.80078,29561.49414,1.09589,1.099433,1.09559,1.09589,1925.16003,1932.47998,1914.04834,1914.58899,1925.16003,1932.47998,1914.04834,1914.58899,2.38095e-05,2.38095e-05,2.37954e-05,2.37954e-05,2.38095e-05,2.38095e-05,2.37954e-05,2.37954e-05,61.52,61.57,61.12,61.21,4421300,61.52,61.57,61.12,61.21,4421300,450.079987,454.049988,449.98999,452.81,1211700,433.0,437.57001,432.45999,435.54999,1547800,433.0,437.57001,432.45999,435.54999,1547800,83.69,82.34,83.91,82.11,279750.0,1.61,16.76,16.92,15.1,15.25,126230400,372.29001,372.45001,367.14001,367.91,51150900,86.080002,87.91,85.97,87.77,8802600,86.080002,87.91,85.97,87.77,8802600,449.029999,449.20001,444.95999,445.75,78789600,449.029999,449.20001,444.95999,445.75,78789600,32.59,32.75,32.58,32.65,2717600,4.016,4.012,4.044,3.988,4.016,4.012,4.044,3.988
2023-08-10,29563.97266,29688.56445,29354.44727,29429.5918,1.097767,1.10584,1.096804,1.097767,1914.93994,1930.10925,1911.72876,1912.060669,1914.93994,1930.10925,1911.72876,1912.060669,2.38095e-05,2.38095e-05,2.37954e-05,2.37954e-05,2.38095e-05,2.38095e-05,2.37954e-05,2.37954e-05,61.93,62.19,61.43,61.47,7154400,61.93,62.19,61.43,61.47,7154400,452.0,453.97,449.26001,450.049988,688700,434.35001,434.73999,429.64001,430.26999,800500,434.35001,434.73999,429.64001,430.26999,800500,82.29,83.51,84.16,82.04,166860.0,-1.67,15.44,15.87,15.25,15.41,73129100,370.97,374.35999,367.040009,368.59,72035300,87.32,88.07,86.099998,86.22,5359700,87.32,88.07,86.099998,86.22,5359700,448.19,451.70001,444.70001,445.91,93005500,448.19,451.70001,444.70001,445.91,93005500,32.91,33.049999,32.63,32.65,1780300,4.107,4.009,4.113,3.957,4.107,4.009,4.113,3.957
2023-08-11,29424.90234,29517.77344,29253.51758,29397.71484,1.098165,1.10044,1.095182,1.098165,1912.64502,1921.14502,1910.94495,1913.31824,1912.64502,1921.14502,1910.94495,1913.31824,2.38095e-05,2.38095e-05,2.37954e-05,2.37954e-05,2.38095e-05,2.38095e-05,2.37954e-05,2.37954e-05,61.48,61.64,61.31,61.37,5682800,61.48,61.64,61.31,61.37,5682800,451.17999,454.089996,450.51999,454.049988,690500,430.26999,432.66,429.67001,431.049988,733800,430.26999,432.66,429.67001,431.049988,733800,82.57,82.33,83.16,81.75,174300.0,0.34,15.05,15.58,14.91,15.41,56489900,365.98999,368.0,364.69,366.23999,48683800,85.92,86.87,85.9,86.84,3778800,85.92,86.87,85.9,86.84,3778800,443.97,446.70001,443.35001,445.64999,68664600,443.97,446.70001,443.35001,445.64999,68664600,32.36,32.58,32.33,32.5,2752900,4.158,4.123,4.178,4.08,4.158,4.123,4.178,4.08
2023-08-14,29283.26367,29660.25391,29124.10547,29408.44336,1.094439,1.096035,1.087749,1.094439,1913.66992,1916.54504,1902.19995,1907.90259,1913.66992,1916.54504,1902.19995,1907.90259,2.37954e-05,2.38095e-05,2.37954e-05,2.37954e-05,2.37954e-05,2.38095e-05,2.37954e-05,2.37954e-05,60.57,60.87,60.46,60.82,5623600,60.57,60.87,60.46,60.82,5623600,454.59,455.60999,449.66,450.079987,752300,431.23001,432.89001,429.01001,429.45001,516700,431.23001,432.89001,429.01001,429.45001,516700,81.92,82.46,82.51,81.19,126690.0,-0.79,15.2,15.74,14.95,15.72,47511400,365.42999,370.47,364.70001,370.35001,42130800,86.84,87.11,86.23,86.44,3521800,86.84,87.11,86.23,86.44,3521800,444.70001,448.10999,444.38,448.10999,47867400,444.70001,448.10999,444.38,448.10999,47867400,32.13,32.39,32.029999,32.38,3484800,4.201,4.172,4.215,4.146,4.201,4.172,4.215,4.146
2023-08-15,29408.04883,29439.12109,29088.85352,29170.34766,1.090988,1.094966,1.090085,1.090988,1907.39502,1912.19495,1896.15002,1901.55713,1907.39502,1912.19495,1896.15002,1901.55713,2.37954e-05,2.38095e-05,2.37954e-05,2.37954e-05,2.37954e-05,2.38095e-05,2.37954e-05,2.37954e-05,60.46,60.46,60.07,60.17,9804200,60.46,60.46,60.07,60.17,9804200,448.0,450.0,443.28,443.57999,725300,427.79001,428.42001,421.73001,423.17001,583700,427.79001,428.42001,421.73001,423.17001,583700,80.5,81.98,82.33,79.95,198940.0,-1.73,15.61,15.87,15.29,15.37,44000400,369.35999,370.17001,365.73999,366.42001,45539900,86.12,86.23,85.59,85.66,4174900,86.12,86.23,85.59,85.66,4174900,446.26999,446.64001,442.29999,442.89001,75707500,446.26999,446.64001,442.29999,442.89001,75707500,32.09,32.09,31.8,31.87,2384700,4.219,4.199,4.274,4.166,4.219,4.199,4.274,4.166
2023-08-16,29169.07422,29221.97656,28701.7793,28701.7793,1.090417,1.09347,1.089776,1.090417,1901.59497,1907.89502,1891.30005,1891.76221,1901.59497,1907.89502,1891.30005,1891.76221,2.38095e-05,2.38095e-05,2.37954e-05,2.37954e-05,2.38095e-05,2.38095e-05,2.37954e-05,2.37954e-05,59.72,59.94,59.41,59.42,6043100,59.72,59.94,59.41,59.42,6043100,442.85999,447.029999,442.29999,445.13,822000,422.48001,428.54999,422.48001,427.29001,518200,422.48001,428.54999,422.48001,427.29001,518200,79.02,80.74,80.97,78.68,237710.0,-1.84,15.21,15.725,15.12,15.45,40394600,365.87,367.42999,362.44,362.54001,53190500,85.54,85.79,85.089996,85.14,4207700,85.54,85.79,85.089996,85.14,4207700,442.45999,444.17999,439.53,439.64001,80107200,442.45999,444.17999,439.53,439.64001,80107200,31.71,31.89,31.67,31.68,2848600,4.258,4.211,4.28,4.17,4.258,4.211,4.28,4.17
2023-08-17,28699.80273,28745.94727,25409.11133,26664.55078,1.087488,1.091727,1.086236,1.087488,1892.20496,1903.89502,1884.5,1888.88733,1892.20496,1903.89502,1884.5,1888.88733,2.38095e-05,2.38095e-05,2.38095e-05,2.38095e-05,2.38095e-05,2.38095e-05,2.38095e-05,2.38095e-05,59.69,59.75,59.080002,59.17,7489700,59.69,59.75,59.080002,59.17,7489700,446.64001,450.22,446.44,446.67999,635800,428.17001,432.25,428.10001,429.17001,576200,428.17001,432.25,428.10001,429.17001,576200,79.9,78.91,80.61,78.6,239170.0,1.11,15.39,15.437,14.035,14.15,91086700,363.95999,364.31,358.16,358.57999,62604300,84.96,85.72,84.53,85.15,5090700,84.96,85.72,84.53,85.15,5090700,441.16,441.42999,435.75,436.29001,95711300,441.16,441.42999,435.75,436.29001,95711300,31.84,31.89,31.52,31.57,2217400,4.284,4.252,4.328,4.252,4.284,4.252,4.328,4.252
2023-08-18,26636.07813,26808.19531,25668.92188,26049.55664,1.087465,1.089562,1.084646,1.087465,1889.495,1897.44495,1886.19995,1888.19336,1889.495,1897.44495,1886.19995,1888.19336,2.37954e-05,2.37954e-05,2.37954e-05,2.37954e-05,2.37954e-05,2.37954e-05,2.37954e-05,2.37954e-05,59.07,59.47,59.040001,59.32,3962600,59.07,59.47,59.040001,59.32,3962600,445.42001,455.37,445.38,450.059998,1074100,428.13,437.54001,428.12,430.17001,716300,428.13,437.54001,428.12,430.17001,716300,80.66,79.58,80.97,79.02,377450.0,0.95,13.88,14.6,13.68,14.4,70047000,355.26001,359.41,354.70999,358.13,61119500,84.64,86.23,84.62,85.8,8147900,84.64,86.23,84.62,85.8,8147900,433.37,437.57001,433.01001,436.5,98758400,433.37,437.57001,433.01001,436.5,98758400,31.25,31.52,31.25,31.47,2901300,4.251,4.27,4.28,4.215,4.251,4.27,4.28,4.215
2023-08-21,26188.69141,26220.20117,25846.08789,26124.14062,1.087559,1.091358,1.087063,1.087559,1889.40002,1899.045044,1884.5,1893.94495,1889.40002,1899.045044,1884.5,1893.94495,2.38095e-05,2.38095e-05,2.37954e-05,2.37954e-05,2.38095e-05,2.38095e-05,2.37954e-05,2.37954e-05,59.32,59.47,59.099998,59.37,3872200,59.32,59.47,59.099998,59.37,3872200,449.84,453.029999,449.0,451.48999,573500,429.17001,434.72,429.070007,433.69,542400,429.17001,434.72,429.070007,433.69,542400,80.12,80.76,81.75,79.97,361840.0,-0.67,14.42,14.78,14.34,14.5,43206200,359.62,364.59,359.14999,363.89999,50696500,85.62,86.010002,85.22,85.52,4494800,85.62,86.010002,85.22,85.52,4494800,437.54999,440.10999,435.32001,439.34,68719000,437.54999,440.10999,435.32001,439.34,68719000,31.51,31.58,31.39,31.55,1853200,4.342,4.26,4.354,4.255,4.342,4.26,4.354,4.255
2023-08-22,26130.74805,26135.50781,25520.72852,26031.65625,1.089835,1.0932,1.0834,1.089835,1895.094971,1905.045044,1888.59998,1897.002686,1895.094971,1905.045044,1888.59998,1897.002686,2.38095e-05,2.38095e-05,2.38095e-05,2.38095e-05,2.38095e-05,2.38095e-05,2.38095e-05,2.38095e-05,60.0,60.0099983,59.61,59.66,5166200,60.0,60.0099983,59.61,59.66,5166200,451.73999,453.89001,450.45999,452.94,671800,434.5,438.22,434.01001,437.73001,597900,434.5,438.22,434.01001,437.73001,597900,79.64,80.25,80.37,79.46,287490.0,-0.6,14.76,15.13,14.63,14.67,52106900,366.54999,366.56,362.67999,363.38,44613500,85.82,85.82,85.059998,85.33,3925000,85.82,85.82,85.059998,85.33,3925000,441.17999,441.17999,437.57001,438.14999,65062900,441.17999,441.17999,437.57001,438.14999,65062900,31.56,31.6,31.39,31.42,5324000,4.332,4.354,4.366,4.306,4.332,4.354,4.366,4.306
2023-08-23,26040.47461,26786.89844,25804.99805,26431.64062,1.084669,1.087051,1.080299,1.084669,1897.79504,1920.94495,1897.22815,1914.31494,1897.79504,1920.94495,1897.22815,1914.31494,2.38095e-05,2.38095e-05,2.37954e-05,2.38095e-05,2.38095e-05,2.38095e-05,2.37954e-05,2.38095e-05,60.16,60.64,60.15,60.45,5227400,60.16,60.64,60.15,60.45,5227400,454.57999,454.89001,452.089996,454.57001,1043200,438.95001,440.01001,433.37,434.51999,558700,438.95001,440.01001,433.37,434.51999,558700,78.59,79.35,79.6,77.34,127190.0,-1.32,14.5,15.47,14.42,15.3,53523300,364.57999,370.22,364.35999,369.10999,51770600,85.55,86.15,85.3,86.040001,4462000,85.55,86.15,85.3,86.040001,4462000,439.25,443.67001,439.10001,443.029999,68441000,439.25,443.67001,439.10001,443.029999,68441000,31.43,31.65,31.41,31.59,2907900,4.196,4.318,4.32,4.184,4.196,4.318,4.32,4.184
2023-08-24,26431.51953,26554.91016,25914.92578,26162.37305,1.086579,1.08769,1.081549,1.086579,1914.15002,1923.94495,1911.34998,1916.59705,1914.15002,1923.94495,1911.34998,1916.59705,2.38095e-05,2.38095e-05,2.37954e-05,2.37954e-05,2.38095e-05,2.38095e-05,2.37954e-05,2.37954e-05,60.13,60.28,59.64,59.66,5996800,60.13,60.28,59.64,59.66,5996800,453.26001,457.67001,452.44,452.54999,697800,434.20999,437.69,432.12,432.17999,518300,434.20999,437.69,432.12,432.17999,518300,78.66,78.3,78.95,77.32,149900.0,0.09,15.7,15.71,13.875,14.14,93586200,372.64001,372.73999,361.01001,361.22,66842500,85.5,86.16,85.15,85.15,3905800,85.5,86.16,85.15,85.15,3905800,444.69,445.22,436.85999,436.89001,88517300,444.69,445.22,436.85999,436.89001,88517300,31.47,31.64,31.31,31.31,1653600,4.241,4.194,4.243,4.174,4.241,4.194,4.243,4.174
2023-08-25,26163.67969,26248.10352,25786.8125,26047.66797,1.079914,1.083976,1.07667,1.079914,1917.79993,1923.094971,1903.40002,1914.52551,1917.79993,1923.094971,1903.40002,1914.52551,2.38095e-05,2.38095e-05,2.37954e-05,2.37954e-05,2.38095e-05,2.38095e-05,2.37954e-05,2.37954e-05,59.9,60.19,59.53,59.97,4403800,59.9,60.19,59.53,59.97,4403800,455.26001,455.26001,449.059998,451.089996,785200,432.45999,433.25,428.5,429.56,436500,432.45999,433.25,428.5,429.56,436500,79.49,78.49,79.98,77.82,165220.0,1.06,14.14,14.65,14.01,14.53,55668900,362.070007,365.73999,358.57999,364.019989,69960500,85.51,85.73,84.65,84.69,4737600,85.51,85.73,84.65,84.69,4737600,438.67999,441.29999,435.0,439.97,102325100,438.67999,441.29999,435.0,439.97,102325100,31.57,31.61,31.25,31.48,2292600,4.231,4.231,4.285,4.204,4.231,4.231,4.285,4.204
2023-08-28,26089.61523,26198.57812,25880.59961,26106.15039,1.079739,1.082134,1.079739,1.079739,1916.094971,1926.18506,1912.8335,1919.65857,1916.094971,1926.18506,1912.8335,1919.65857,2.38095e-05,2.38095e-05,2.37954e-05,2.37954e-05,2.38095e-05,2.38095e-05,2.37954e-05,2.37954e-05,60.5,60.74,60.48,60.68,3398800,60.5,60.74,60.48,60.68,3398800,450.81,453.32999,450.26999,452.32001,641000,429.34,431.32999,428.51999,431.14999,505300,429.34,431.32999,428.51999,431.14999,505300,79.67,79.69,80.44,79.25,71330.0,0.23,14.69,14.88,14.5,14.64,35964700,366.98999,367.70999,364.25,366.76001,40910000,84.84,86.050003,84.81,85.74,4834600,84.84,86.050003,84.81,85.74,4834600,442.23999,443.39999,439.97,442.76001,61595400,442.23999,443.39999,439.97,442.76001,61595400,31.64,31.86,31.64,31.82,1758200,4.206,4.253,4.257,4.194,4.206,4.253,4.257,4.194
2023-08-29,26102.48633,28089.33789,25912.62891,27727.39258,1.082556,1.08567,1.078353,1.082556,1920.22998,1938.41125,1914.0,1937.12219,1920.22998,1938.41125,1914.0,1937.12219,2.38095e-05,2.38095e-05,2.37954e-05,2.37954e-05,2.38095e-05,2.38095e-05,2.37954e-05,2.37954e-05,60.21,61.14,60.19,61.099998,4342000,60.21,61.14,60.19,61.099998,4342000,452.32001,453.26001,444.48999,448.39999,1053700,429.91,431.19,426.0,430.059998,541100,429.91,431.19,426.0,430.059998,541100,80.68,79.55,80.91,78.94,88150.0,1.27,14.6,15.63,14.5,15.4,47213200,366.56,375.13,366.23001,374.76999,58492400,85.76,86.14,85.27,85.35,5130900,85.76,86.14,85.27,85.35,5130900,442.64999,449.45001,442.45999,449.16,83081900,442.64999,449.45001,442.45999,449.16,83081900,31.8,32.16,31.78,32.16,2192800,4.12,4.194,4.243,4.106,4.12,4.194,4.243,4.106
2023-08-30,27726.08398,27760.16016,27069.20703,27297.26562,1.086921,1.094547,1.085611,1.086921,1937.47998,1949.036255,1934.94495,1942.23987,1937.47998,1949.036255,1934.94495,1942.23987,2.38095e-05,2.38095e-05,2.37954e-05,2.37954e-05,2.38095e-05,2.38095e-05,2.37954e-05,2.37954e-05,60.98,61.15,60.85,60.99,4736900,60.98,61.15,60.85,60.99,4736900,449.44,455.92001,448.48999,452.41,875900,431.22,436.0,431.0,434.79999,478700,431.22,436.0,431.0,434.79999,478700,81.12,80.78,81.54,80.43,80260.0,0.55,15.46,16.35,15.33,16.33,65674100,374.88,377.45001,373.85999,376.85999,41731500,85.64,86.73,85.55,86.43,4469800,85.64,86.73,85.55,86.43,4469800,449.51001,451.67001,448.78,451.01001,69053900,449.51001,451.67001,448.78,451.01001,69053900,32.34,32.43,32.24,32.28,1443700,4.112,4.137,4.159,4.087,4.112,4.137,4.159,4.087
2023-08-31,27301.92969,27456.07813,25752.92969,25931.47266,1.093255,1.093972,1.083717,1.093255,1942.60999,1948.19495,1938.86499,1939.74414,1942.60999,1948.19495,1938.86499,1939.74414,2.38095e-05,2.38095e-05,2.37954e-05,2.37954e-05,2.38095e-05,2.38095e-05,2.37954e-05,2.37954e-05,61.49,61.72,61.43,61.64,6259000,61.49,61.72,61.43,61.64,6259000,450.82001,453.62,448.14001,448.35001,826300,436.0,437.44,433.059998,433.089996,503600,436.0,437.44,433.059998,433.089996,503600,82.96,81.14,83.02,81.0,150230.0,2.27,15.6,15.85,14.65,14.98,101517200,376.94,379.72,376.87,377.98999,35730700,86.7,87.019997,86.029999,86.040001,4914500,86.7,87.019997,86.029999,86.040001,4914500,451.64999,452.82999,450.16,450.35001,66084600,451.64999,452.82999,450.16,450.35001,66084600,32.27,32.27,31.92,32.0,1552200,4.106,4.114,4.124,4.077,4.106,4.114,4.124,4.077
2023-09-01,25934.02148,26125.86914,25362.60938,25800.72461,1.08441,1.08808,1.078586,1.08441,1940.19495,1953.44495,1934.59497,1938.79504,1940.19495,1953.44495,1934.59497,1938.79504,2.38095e-05,2.38095e-05,2.37954e-05,2.37954e-05,2.38095e-05,2.38095e-05,2.37954e-05,2.37954e-05,62.52,62.52,61.8,62.040001,5084100,62.52,62.52,61.8,62.040001,5084100,450.32001,451.89001,447.78,448.17999,668600,435.23001,437.10999,434.87,435.62,423900,435.23001,437.10999,434.87,435.62,423900,84.75,82.9,85.19,82.78,169830.0,2.16,15.16,15.365,14.83,15.18,45107800,380.39999,380.82999,376.079987,377.59,39772400,86.61,86.69,85.89,86.28,2583000,86.61,86.69,85.89,86.28,2583000,453.17001,453.67001,449.67999,451.19,58875700,453.17001,453.67001,449.67999,451.19,58875700,32.28,32.31,31.94,32.060001,1080300,4.181,4.114,4.2,4.06,4.181,4.114,4.2,4.06
2023-09-05,25814.95703,25858.375,25589.98828,25779.98242,1.079447,1.079914,1.070755,1.079447,1938.59497,1939.12561,1925.21753,1925.81116,1938.59497,1939.12561,1925.21753,1925.81116,2.37954e-05,2.37954e-05,2.37954e-05,2.37954e-05,2.37954e-05,2.37954e-05,2.37954e-05,2.37954e-05,62.22,62.24,62.0099983,62.07,4909600,62.22,62.24,62.0099983,62.07,4909600,448.0,448.32999,445.049988,445.19,854000,435.01001,435.89999,431.0,431.079987,470400,435.01001,435.89999,431.0,431.079987,470400,86.01,85.19,87.25,84.29,154050.0,0.22,15.08,15.42,14.9,15.21,33818400,376.76999,379.31,375.82999,378.070007,32344200,86.25,86.3,85.019997,85.050003,4973800,86.25,86.3,85.019997,85.050003,4973800,450.73001,451.059998,449.17001,449.23999,55166200,450.73001,451.059998,449.17001,449.23999,55166200,31.98,32.0,31.71,31.73,1113600,4.266,4.208,4.274,4.204,4.266,4.208,4.274,4.204
2023-09-06,25783.93164,25953.01563,25404.35938,25753.23633,1.072616,1.074818,1.070515,1.072616,1926.16003,1929.79504,1914.80005,1916.27588,1926.16003,1929.79504,1914.80005,1916.27588,2.37812e-05,2.37812e-05,2.37812e-05,2.37812e-05,2.37812e-05,2.37812e-05,2.37812e-05,2.37812e-05,62.44,62.55,62.07,62.23,5076100,62.44,62.55,62.07,62.23,5076100,440.23999,441.34,423.66,423.94,2548000,431.59,432.029999,423.44,423.64001,602500,431.59,432.029999,423.44,423.64001,602500,86.79,86.02,87.27,85.31,135350.0,0.91,15.17,15.62,15.08,15.3,38738100,377.28,377.63,372.70001,374.73999,42998700,84.87,84.97,83.25,83.51,7528800,84.87,84.97,83.25,83.51,7528800,448.39999,448.51001,443.81,446.22,70758500,448.39999,448.51001,443.81,446.22,70758500,31.66,31.73,31.49,31.58,2892500,4.296,4.254,4.306,4.238,4.296,4.254,4.306,4.238
2023-09-07,25748.3125,26409.30273,25608.20117,26240.19531,1.07242,1.073422,1.068764,1.07242,1916.86499,1923.67004,1916.099976,1919.18665,1916.86499,1923.67004,1916.099976,1919.18665,2.37954e-05,2.37954e-05,2.37954e-05,2.37954e-05,2.37954e-05,2.37954e-05,2.37954e-05,2.37954e-05,62.25,62.31,62.060001,62.23,5362900,62.25,62.31,62.060001,62.23,5362900,424.0,427.78,422.0,425.94,1195700,425.64001,431.44,425.64001,430.98999,718500,425.64001,431.44,425.64001,430.98999,718500,86.15,86.8,86.99,85.68,111070.0,-0.74,14.88,15.24,14.29,15.21,51798800,370.20999,372.85001,369.14999,372.059998,52060700,83.81,84.41,83.7,84.33,6376700,83.81,84.41,83.7,84.33,6376700,443.10999,445.54999,442.75,444.85001,70355400,443.10999,445.54999,442.75,444.85001,70355400,31.59,31.67,31.49,31.58,2077800,4.25,4.292,4.308,4.248,4.25,4.292,4.308,4.248
2023-09-08,26245.20898,26414.00586,25677.48047,25905.6543,1.069782,1.074206,1.069507,1.069782,1919.56995,1930.19495,1917.3595,1917.80505,1919.56995,1930.19495,1917.3595,1917.80505,2.38095e-05,2.38095e-05,2.38095e-05,2.38095e-05,2.38095e-05,2.38095e-05,2.38095e-05,2.38095e-05,61.67,61.81,61.53,61.61,5631100,61.67,61.81,61.53,61.61,5631100,426.32999,426.44,422.25,423.089996,1162300,430.82999,430.82999,420.95001,422.72,767900,430.82999,430.82999,420.95001,422.72,767900,86.81,86.01,87.2,85.49,125620.0,0.77,15.12,15.61,15.085,15.13,33862000,372.01001,374.85001,371.60001,372.57999,35800100,84.33,84.4,82.94,83.48,5984000,84.33,84.4,82.94,83.48,5984000,444.89999,447.10999,444.53,445.51999,61659700,444.89999,447.10999,444.53,445.51999,61659700,31.67,31.82,31.64,31.75,1346700,4.26,4.25,4.268,4.21,4.26,4.25,4.268,4.21
2023-09-11,25831.71484,25883.94727,24930.29688,25162.6543,1.071811,1.075685,1.071146,1.071811,1919.16003,1930.89502,1916.89502,1921.6626,1919.16003,1930.89502,1916.89502,1921.6626,2.37954e-05,2.37954e-05,2.37954e-05,2.37954e-05,2.37954e-05,2.37954e-05,2.37954e-05,2.37954e-05,62.15,62.4,62.07,62.32,6489500,62.15,62.4,62.07,62.32,6489500,422.22,422.73001,416.51999,420.66,1618300,423.31,425.10999,416.70999,425.0,843300,423.31,425.10999,416.70999,425.0,843300,86.66,86.74,87.49,86.12,179000.0,-0.17,15.41,16.1,15.36,15.79,55294700,375.66,377.48999,373.66,376.97,39936600,80.2,80.5,75.99,76.9,24520700,80.2,80.5,75.99,76.9,24520700,448.23999,448.76999,446.47,448.45001,60180100,448.23999,448.76999,446.47,448.45001,60180100,31.94,32.060001,31.87,32.0,936700,4.294,4.286,4.304,4.272,4.294,4.286,4.304,4.272
2023-09-12,25160.6582,26451.93945,25133.07813,25833.34375,1.075038,1.076264,1.070618,1.075038,1922.89502,1925.045044,1907.15002,1913.26135,1922.89502,1925.045044,1907.15002,1913.26135,2.37954e-05,2.38095e-05,2.37954e-05,2.38095e-05,2.37954e-05,2.38095e-05,2.37954e-05,2.38095e-05,62.2,62.47,62.2,62.31,3647200,62.2,62.47,62.2,62.31,3647200,419.54001,420.10999,415.94,417.82999,1307700,423.51999,426.20999,421.78,424.079987,581600,423.51999,426.20999,421.78,424.079987,581600,88.16,86.62,88.62,86.58,217680.0,1.73,15.46,16.15,15.43,15.59,39497900,375.26999,376.95001,372.5,372.79001,41391000,74.7,75.71,73.66,75.56,17931800,74.7,75.71,73.66,75.56,17931800,446.95001,448.53,445.39001,445.98999,67565400,446.95001,448.53,445.39001,445.98999,67565400,31.95,32.14,31.95,32.0099983,1698900,4.28,4.298,4.3,4.264,4.28,4.298,4.3,4.264
2023-09-13,25837.55469,26376.11328,25781.12305,26228.32422,1.075327,1.076542,1.071742,1.075327,1913.55005,1916.29504,1905.5,1906.30225,1913.55005,1916.29504,1905.5,1906.30225,2.37954e-05,2.38095e-05,2.37954e-05,2.38095e-05,2.37954e-05,2.38095e-05,2.37954e-05,2.38095e-05,62.27,62.43,62.16,62.28,5859900,62.27,62.43,62.16,62.28,5859900,419.82001,422.25,418.57999,420.98999,971500,426.0,431.92999,424.51001,426.31,472700,426.0,431.92999,424.51001,426.31,472700,87.88,88.07,88.92,87.66,250860.0,-0.32,15.63,15.85,15.42,15.6,34354400,373.029999,375.84,371.88,374.20999,46300700,75.56,76.66,75.46,75.56,11613000,75.56,76.66,75.46,75.56,11613000,446.22,447.70999,445.079987,446.51001,60199300,446.22,447.70999,445.079987,446.51001,60199300,32.049999,32.14,31.95,32.0099983,1583800,4.254,4.286,4.352,4.235,4.254,4.286,4.352,4.235
2023-09-14,26228.27734,26774.62305,26171.45117,26539.67383,1.073422,1.0755,1.065507,1.073422,1906.68005,1912.98987,1900.95496,1910.31885,1906.68005,1912.98987,1900.95496,1910.31885,2.38095e-05,2.38095e-05,2.38095e-05,2.38095e-05,2.38095e-05,2.38095e-05,2.38095e-05,2.38095e-05,63.19,63.43,63.060001,63.34,5157200,63.19,63.43,63.060001,63.34,5157200,420.73001,426.66,420.73001,425.89001,992400,424.98999,432.44,424.17999,432.32001,543900,424.98999,432.44,424.17999,432.32001,543900,89.61,88.19,90.2,88.04,257680.0,1.97,15.69,16.040001,15.47,15.83,38572500,375.98999,378.26999,373.89001,377.26999,48039400,73.68,75.64,73.62,75.5,15600400,73.68,75.64,73.62,75.5,15600400,449.070007,451.079987,447.72,450.35999,83430800,449.070007,451.079987,447.72,450.35999,83430800,32.25,32.58,32.25,32.57,1908600,4.286,4.245,4.298,4.221,4.286,4.245,4.298,4.221
2023-09-15,26533.81836,26840.49805,26240.70117,26608.69336,1.063717,1.068764,1.063468,1.063717,1910.89502,1930.84497,1909.745,1923.57495,1910.89502,1930.84497,1909.745,1923.57495,2.37954e-05,2.37954e-05,2.37954e-05,2.37954e-05,2.37954e-05,2.37954e-05,2.37954e-05,2.37954e-05,63.23,63.4,62.96,62.99,4669500,63.23,63.4,62.96,62.99,4669500,423.91,428.88,423.70999,424.049988,1678500,432.45999,435.73999,431.47,433.48999,1033200,432.45999,435.73999,431.47,433.48999,1033200,90.02,90.07,90.56,88.65,321840.0,0.46,15.77,15.9,15.17,15.33,56161900,375.91,376.32001,369.85999,370.81,69757700,75.099998,76.4,75.080002,75.8,16047300,75.099998,76.4,75.080002,75.8,16047300,447.14001,447.48001,442.92001,443.37,111761400,447.14001,447.48001,442.92001,443.37,111761400,32.66,32.78,32.49,32.49,1352700,4.336,4.288,4.338,4.272,4.336,4.288,4.338,4.272
2023-09-18,26532.99414,27414.73438,26415.51562,26754.28125,1.066826,1.069816,1.065632,1.066826,1924.19495,1934.60754,1922.15002,1933.13965,1924.19495,1934.60754,1922.15002,1933.13965,2.38095e-05,2.38095e-05,2.38095e-05,2.38095e-05,2.38095e-05,2.38095e-05,2.38095e-05,2.38095e-05,62.99,63.17,62.81,63.14,4545200,62.99,63.17,62.81,63.14,4545200,427.66,431.45001,426.60001,429.85999,951200,435.87,442.60001,435.029999,440.51999,692600,435.87,442.60001,435.029999,440.51999,692600,90.58,90.41,91.36,89.91,414190.0,0.62,15.18,15.63,15.07,15.46,37404100,369.32001,371.79001,369.029999,370.66,36903500,75.91,76.51,75.12,75.18,9847200,75.91,76.51,75.12,75.18,9847200,443.049988,444.97,442.56,443.63,55752200,443.049988,444.97,442.56,443.63,55752200,32.41,32.41,32.24,32.33,2071500,4.303,4.306,4.311,4.301,4.303,4.306,4.311,4.301
2023-09-19,26760.85156,27488.76367,26681.60547,27211.11719,1.069267,1.071926,1.067635,1.069267,1933.68005,1937.94495,1929.71436,1930.94495,1933.68005,1937.94495,1929.71436,1930.94495,2.37954e-05,2.37954e-05,2.37954e-05,2.37954e-05,2.37954e-05,2.37954e-05,2.37954e-05,2.37954e-05,63.51,63.64,63.34,63.45,4046800,63.51,63.64,63.34,63.45,4046800,430.25,431.079987,425.059998,425.31,862300,440.26001,441.66,435.54999,435.97,597100,440.26001,441.66,435.54999,435.97,597100,90.48,90.97,92.43,90.31,537520.0,-0.11,15.34,15.519,14.95,15.15,37804800,369.32001,370.67999,366.79999,369.87,37621700,74.98,75.43,74.42,75.080002,11389300,74.98,75.43,74.42,75.080002,11389300,442.67999,443.29001,439.94,442.70999,66514600,442.67999,443.29001,439.94,442.70999,66514600,32.38,32.45,32.27,32.37,1634700,4.365,4.306,4.371,4.301,4.365,4.306,4.371,4.301
2023-09-20,27210.22852,27379.50586,26864.08203,27132.00781,1.068205,1.072697,1.067578,1.068205,1931.69495,1947.79602,1927.9032,1929.68384,1931.69495,1947.79602,1927.9032,1929.68384,2.38095e-05,2.38095e-05,2.3801e-05,2.38095e-05,2.38095e-05,2.38095e-05,2.3801e-05,2.38095e-05,63.029999,63.3,62.58,62.6,8085700,63.029999,63.3,62.58,62.6,8085700,426.95001,430.85001,426.67001,426.95001,1044100,437.42999,443.85999,435.64001,440.17999,432700,437.42999,443.85999,435.64001,440.17999,432700,89.66,90.63,91.07,88.97,457850.0,-0.91,15.25,15.425,14.733,14.74,37640500,370.95001,371.31,364.45999,364.54001,45514200,75.95,76.16,74.38,74.43,10817900,75.95,76.16,74.38,74.43,10817900,444.01001,444.44,438.42999,438.64001,82562600,444.01001,444.44,438.42999,438.64001,82562600,32.62,32.76,32.39,32.41,1517500,4.399,4.365,4.411,4.313,4.399,4.365,4.411,4.313
2023-09-21,27129.83984,27152.93945,26389.30078,26567.63281,1.065303,1.067361,1.061909,1.065303,1930.995,1931.73889,1913.40002,1919.56909,1930.995,1931.73889,1913.40002,1919.56909,2.38095e-05,2.38095e-05,2.38095e-05,2.38095e-05,2.38095e-05,2.38095e-05,2.38095e-05,2.38095e-05,61.81,62.040001,61.61,61.63,5039800,61.81,62.040001,61.61,61.63,5039800,425.73001,426.60999,417.19,417.54001,1669400,439.70001,441.070007,436.76001,437.10999,767900,439.70001,441.070007,436.76001,437.10999,767900,88.32,88.07,89.5,87.15,162030.0,-1.49,14.34,14.599,13.68,14.0,72831500,360.79999,361.60001,357.69,357.85999,69584700,74.28,74.45,72.44,72.64,12456600,74.28,74.45,72.44,72.64,12456600,435.70001,435.97,431.23001,431.39001,103976100,435.70001,435.97,431.23001,431.39001,103976100,32.36,32.39,32.029999,32.049999,2501600,4.494,4.409,4.498,4.409,4.494,4.409,4.498,4.409
2023-09-22,26564.05664,26726.07813,26495.5332,26579.56836,1.066155,1.067156,1.061526,1.066155,1920.084961,1929.64502,1919.57629,1924.98755,1920.084961,1929.64502,1919.57629,1924.98755,2.38067e-05,2.38067e-05,2.38067e-05,2.38067e-05,2.38067e-05,2.38067e-05,2.38067e-05,2.38067e-05,61.98,62.17,61.77,61.8,6319700,61.98,62.17,61.77,61.8,6319700,415.94,417.5,413.23001,413.64999,1453300,434.51999,436.029999,424.39999,424.89999,850400,434.51999,436.029999,424.39999,424.89999,850400,88.35,88.27,89.65,87.82,253890.0,0.03,14.23,14.415,14.03,14.13,47714500,359.63,361.79999,357.59,357.91,51589700,72.61,72.69,71.43,71.58,9673000,72.61,72.69,71.43,71.58,9673000,432.45001,434.10001,429.98999,430.42001,100829700,432.45001,434.10001,429.98999,430.42001,100829700,32.23,32.32,31.97,32.0099983,1689900,4.438,4.492,4.508,4.424,4.438,4.492,4.508,4.424
2023-09-25,26253.77539,26421.50781,26011.46875,26298.48047,1.064849,1.065542,1.057731,1.064849,1925.23999,1927.26001,1915.003052,1915.65527,1925.23999,1927.26001,1915.003052,1915.65527,2.38067e-05,2.38067e-05,2.38067e-05,2.38067e-05,2.38067e-05,2.38067e-05,2.38067e-05,2.38067e-05,61.52,61.75,61.35,61.72,6078300,61.52,61.75,61.35,61.72,6078300,413.23001,413.95001,411.51001,412.89999,748300,423.32001,428.97,420.12,425.57001,676600,423.32001,428.97,420.12,425.57001,676600,88.17,88.83,89.07,87.52,161520.0,-0.2,14.0,14.24,13.82,14.22,39693900,356.92999,359.70001,355.92999,359.60999,39168000,71.3,72.099998,71.019997,72.050003,10430100,71.3,72.099998,71.019997,72.050003,10430100,429.17001,432.26999,428.72,432.23001,70874500,429.17001,432.26999,428.72,432.23001,70874500,31.67,31.89,31.6,31.85,2399500,4.531,4.442,4.548,4.442,4.531,4.442,4.548,4.442
2023-09-26,26294.75781,26389.88477,26090.71289,26217.25,1.059165,1.060895,1.056814,1.059165,1916.030029,1916.89099,1899.17371,1900.48608,1916.030029,1916.89099,1899.17371,1900.48608,2.38095e-05,2.38095e-05,2.38095e-05,2.38095e-05,2.38095e-05,2.38095e-05,2.38095e-05,2.38095e-05,61.099998,61.25,60.72,60.77,8765700,61.099998,61.25,60.72,60.77,8765700,410.63,411.26999,407.75,408.75,1108000,423.98001,426.89999,421.62,426.57999,617500,423.98001,426.89999,421.62,426.57999,617500,88.78,88.3,89.09,86.74,137240.0,0.69,13.95,14.17,13.88,13.96,37276200,356.98999,357.54001,353.20999,354.20999,53657700,71.43,72.42,71.32,72.26,10323600,71.43,72.42,71.32,72.26,10323600,429.089996,429.82001,425.019989,425.88,96168400,429.089996,429.82001,425.019989,425.88,96168400,31.77,31.88,31.54,31.55,2252500,4.55,4.546,4.566,4.483,4.55,4.546,4.566,4.483
2023-09-27,26209.49805,26817.8418,26111.46484,26352.7168,1.056948,1.057373,1.050906,1.056948,1900.69495,1903.95142,1872.47498,1874.69531,1900.69495,1903.95142,1872.47498,1874.69531,2.37954e-05,2.37954e-05,2.37954e-05,2.37954e-05,2.37954e-05,2.37954e-05,2.37954e-05,2.37954e-05,61.4,61.43,60.78,61.029999,8211500,61.4,61.43,60.78,61.029999,8211500,409.17999,410.0,405.72,408.72,1317700,427.31,438.040009,427.040009,437.23999,987000,427.31,438.040009,427.040009,437.23999,987000,91.3,88.92,91.73,88.8,293270.0,2.84,14.2,14.96,14.16,14.85,62780600,355.38,356.98001,351.35999,355.040009,56066000,72.75,73.33,72.45,72.88,9391800,72.75,73.33,72.45,72.88,9391800,427.089996,427.67001,422.29001,426.049988,104705800,427.089996,427.67001,422.29001,426.049988,104705800,31.64,31.65,31.27,31.5,2305500,4.608,4.53,4.642,4.491,4.608,4.53,4.642,4.491
2023-09-28,26355.8125,27259.5,26327.32227,27021.54688,1.050531,1.057865,1.049186,1.050531,1875.73499,1880.14502,1857.75879,1864.55908,1875.73499,1880.14502,1857.75879,1864.55908,2.38095e-05,2.38095e-05,2.38095e-05,2.38095e-05,2.38095e-05,2.38095e-05,2.38095e-05,2.38095e-05,60.71,61.26,60.69,61.15,8296900,60.71,61.26,60.69,61.15,8296900,409.89999,412.85999,408.82001,410.95999,819700,441.39001,443.23001,438.62,439.5,997400,441.39001,443.23001,438.62,439.5,997400,89.59,91.44,92.48,89.31,226830.0,-1.87,15.14,15.96,14.825,15.77,66590800,354.10999,360.17001,353.23999,358.01001,56453300,72.22,73.080002,71.95,72.0,8490600,72.22,73.080002,71.95,72.0,8490600,425.48001,430.25,424.87,428.51999,92258300,425.48001,430.25,424.87,428.51999,92258300,31.56,31.84,31.49,31.73,1818800,4.579,4.605,4.688,4.571,4.579,4.605,4.688,4.571
2023-09-29,27024.8418,27225.9375,26721.76367,26911.7207,1.056245,1.061797,1.055855,1.056245,1865.42505,1880.245,1846.33582,1848.31335,1865.42505,1880.245,1846.33582,1848.31335,2.38095e-05,2.38095e-05,2.37954e-05,2.38095e-05,2.38095e-05,2.38095e-05,2.37954e-05,2.38095e-05,60.82,60.87,60.12,60.29,9032600,60.82,60.87,60.12,60.29,9032600,410.95999,411.45001,407.59,408.95999,763800,439.89999,442.53,438.14999,440.19,790100,439.89999,442.53,438.14999,440.19,790100,88.8,89.7,90.96,88.45,156930.0,-0.88,16.11,16.81,15.96,16.0,77919600,361.54001,362.95001,357.019989,358.26999,64754300,72.3,72.52,71.56,71.97,6363700,72.3,72.52,71.56,71.97,6363700,431.67001,431.85001,425.91,427.48001,115078500,431.67001,431.85001,425.91,427.48001,115078500,32.029999,32.029999,31.57,31.64,2921400,4.579,4.579,4.602,4.508,4.579,4.579,4.602,4.508
2023-10-02,27976.79883,28494.45898,27347.78711,27530.78516,1.056524,1.059098,1.049274,1.056524,1848.13,1849.063965,1826.59998,1827.40332,1848.13,1849.063965,1826.59998,1827.40332,2.38095e-05,2.38095e-05,2.37954e-05,2.38095e-05,2.38095e-05,2.38095e-05,2.37954e-05,2.38095e-05,60.0,60.060001,59.57,59.77,6944400,60.0,60.060001,59.57,59.77,6944400,408.95999,410.98999,405.89001,407.82001,733200,440.41,445.75,440.41,442.22,889300,440.41,445.75,440.41,442.22,889300,87.17,88.83,89.89,86.83,161570.0,-1.84,16.030001,16.44,15.77,15.88,41043900,358.54001,362.67999,357.92001,361.26001,51625100,71.74,71.94,70.9,71.34,6791300,71.74,71.94,70.9,71.34,6791300,426.62,428.60001,424.45999,427.31,83798600,426.62,428.60001,424.45999,427.31,83798600,31.39,31.44,30.98,31.040001,3053100,4.685,4.614,4.703,4.602,4.685,4.614,4.703,4.602
2023-10-03,27508.25195,27667.19141,27216.00195,27429.97852,1.048075,1.049428,1.044987,1.048075,1827.96484,1833.3634,1814.69995,1822.81165,1827.96484,1833.3634,1814.69995,1822.81165,2.37954e-05,2.37954e-05,2.37954e-05,2.37954e-05,2.37954e-05,2.37954e-05,2.37954e-05,2.37954e-05,58.78,59.48,58.42,58.73,15392600,58.78,59.48,58.42,58.73,15392600,407.39001,407.5,402.59,403.82999,899200,442.20999,443.57001,433.66,434.31,844500,442.20999,443.57001,433.66,434.31,844500,87.44,87.01,88.25,86.17,204060.0,0.31,15.61,15.77,14.82,14.9,51578100,358.78,361.01001,353.28,354.92001,60478500,71.41,72.25,70.44,70.58,8175800,71.41,72.25,70.44,70.58,8175800,425.059998,427.37,420.17999,421.59,103760600,425.059998,427.37,420.17999,421.59,103760600,31.01,31.07,30.77,30.87,1890500,4.795,4.679,4.81,4.664,4.795,4.679,4.81,4.664
2023-10-04,27429.07422,27826.6582,27248.10547,27799.39453,1.04723,1.053241,1.045369,1.04723,1824.29504,1831.045044,1816.15002,1821.075439,1824.29504,1831.045044,1816.15002,1821.075439,2.38095e-05,2.38095e-05,2.38095e-05,2.38095e-05,2.38095e-05,2.38095e-05,2.38095e-05,2.38095e-05,57.92,58.11,57.7,58.09,8756900,57.92,58.11,57.7,58.09,8756900,400.66,402.0,397.10999,401.32999,1243400,430.79001,431.75,420.12,422.29001,900200,430.79001,431.75,420.12,422.29001,900200,82.55,87.44,87.76,82.5,217230.0,-5.59,15.46,15.85,15.16,15.73,52786200,355.76999,360.60999,355.29999,359.75,54786700,70.13,70.21,69.22,70.12,10264000,70.13,70.21,69.22,70.12,10264000,422.070007,425.42999,420.56,424.66,87453000,422.070007,425.42999,420.56,424.66,87453000,30.97,30.98,30.57,30.86,1775100,4.735,4.802,4.884,4.72,4.735,4.802,4.884,4.72
2023-10-05,27798.64648,28091.86133,27375.60156,27415.91211,1.050707,1.053685,1.050089,1.050707,1820.495,1829.30005,1812.69995,1820.005859,1820.495,1829.30005,1812.69995,1820.005859,2.37954e-05,2.37954e-05,2.37954e-05,2.37954e-05,2.37954e-05,2.37954e-05,2.37954e-05,2.37954e-05,59.07,59.32,58.86,59.23,6329000,59.07,59.32,58.86,59.23,6329000,400.95999,401.42999,394.62,397.35001,1162800,422.16,424.26001,419.85999,420.070007,792100,422.16,424.26001,419.85999,420.070007,792100,80.81,82.85,83.23,80.61,234180.0,-2.11,15.56,15.9,15.41,15.81,49648100,359.73999,360.14999,355.14001,358.69,45897400,70.059998,70.37,69.26,69.38,7402600,70.059998,70.37,69.26,69.38,7402600,424.35999,425.37,421.17001,424.5,70142700,424.35999,425.37,421.17001,424.5,70142700,30.93,31.13,30.92,31.1,1996300,4.721,4.733,4.777,4.702,4.721,4.733,4.777,4.702
2023-10-06,27412.12305,28252.53711,27215.55273,27946.59766,1.054663,1.059816,1.048394,1.054663,1820.39502,1834.96997,1810.099976,1832.25732,1820.39502,1834.96997,1810.099976,1832.25732,2.37954e-05,2.38095e-05,2.37954e-05,2.37954e-05,2.37954e-05,2.38095e-05,2.37954e-05,2.37954e-05,58.92,59.46,58.6,59.38,7078600,58.92,59.46,58.6,59.38,7078600,395.39999,402.42001,393.76999,400.73001,1135000,419.0,425.32001,414.56,423.23999,947700,419.0,425.32001,414.56,423.23999,947700,81.28,81.05,81.69,80.2,277710.0,0.58,15.56,16.695,15.51,16.61,65511400,355.64999,365.91,354.85001,364.70001,74959200,69.099998,70.39,68.56,69.77,8539600,69.099998,70.39,68.56,69.77,8539600,421.97,431.13,420.60001,429.54001,113202700,421.97,431.13,420.60001,429.54001,113202700,31.11,31.56,30.87,31.48,2241200,4.795,4.725,4.887,4.713,4.795,4.725,4.887,4.713
2023-10-09,27934.47266,27989.4707,27302.5625,27583.67773,1.056747,1.057641,1.052144,1.056747,1832.73999,1864.14502,1832.63245,1860.88147,1832.73999,1864.14502,1832.63245,1860.88147,2.38095e-05,2.38095e-05,2.37954e-05,2.37954e-05,2.38095e-05,2.38095e-05,2.37954e-05,2.37954e-05,59.029999,59.67,59.02,59.55,5133500,59.029999,59.67,59.02,59.55,5133500,428.72,436.60001,423.39001,436.53,5343700,450.0,474.48001,448.73001,471.60999,2864300,450.0,474.48001,448.73001,471.60999,2864300,84.6,83.2,85.56,82.95,246680.0,4.08,16.25,17.83,16.22,17.61,106161200,362.29999,367.10999,360.78,366.56,45304800,72.75,73.25,71.82,72.99,13726200,72.75,73.25,71.82,72.99,13726200,427.57999,432.88,427.01001,432.29001,80374400,427.57999,432.88,427.01001,432.29001,80374400,31.29,31.55,31.26,31.52,1055100,4.628,4.725,4.759,4.622,4.628,4.725,4.759,4.622
2023-10-10,27589.20117,27715.84766,27301.6543,27391.01953,1.057888,1.061954,1.055598,1.057888,1861.27002,1865.64502,1852.65002,1860.087402,1861.27002,1865.64502,1852.65002,1860.087402,2.38095e-05,2.38095e-05,2.37954e-05,2.37954e-05,2.38095e-05,2.38095e-05,2.37954e-05,2.37954e-05,60.14,60.55,60.080002,60.33,5054700,60.14,60.55,60.080002,60.33,5054700,441.51999,442.62,432.53,435.10001,2626200,473.85999,474.98001,462.63,465.12,1383600,473.85999,474.98001,462.63,465.12,1383600,84.13,84.7,84.94,83.39,246750.0,-0.56,18.059999,18.4,17.62,17.8,99971500,366.89999,371.28,366.39001,368.59,46968800,73.46,73.66,72.65,73.35,10633900,73.46,73.66,72.65,73.35,10633900,432.94,437.22,432.53,434.54001,78607300,432.94,437.22,432.53,434.54001,78607300,31.91,32.11,31.85,32.0,1631500,4.657,4.628,4.715,4.618,4.657,4.628,4.715,4.618
2023-10-11,27392.07617,27474.11523,26561.09961,26873.32031,1.060479,1.063355,1.059277,1.060479,1859.995,1877.21997,1858.59595,1873.60815,1859.995,1877.21997,1858.59595,1873.60815,2.38095e-05,2.38095e-05,2.37954e-05,2.37954e-05,2.38095e-05,2.38095e-05,2.37954e-05,2.37954e-05,60.32,60.42,59.94,60.18,5427400,60.32,60.42,59.94,60.18,5427400,434.72,438.79999,433.29999,436.64999,1419500,467.25,474.64001,466.31,473.37,865800,467.25,474.64001,466.31,473.37,865800,82.07,84.16,84.72,81.63,286840.0,-2.45,17.87,18.44,17.73,17.92,55745600,369.94,371.41,368.19,371.22,38215100,73.33,73.33,72.62,73.31,7349800,73.33,73.33,72.62,73.31,7349800,435.64001,436.57999,433.17999,436.32001,62451700,435.64001,436.57999,433.17999,436.32001,62451700,32.21,32.24,31.96,32.17,1713700,4.558,4.655,4.655,4.544,4.558,4.655,4.655,4.544
2023-10-12,26873.29297,26921.43945,26558.32031,26756.79883,1.062428,1.063909,1.054596,1.062428,1874.099976,1885.29504,1866.91504,1868.64905,1874.099976,1885.29504,1866.91504,1868.64905,2.38095e-05,2.38095e-05,2.38095e-05,2.38095e-05,2.38095e-05,2.38095e-05,2.38095e-05,2.38095e-05,60.81,60.81,60.12,60.33,6965100,60.81,60.81,60.12,60.33,6965100,438.049988,439.089996,430.10999,434.14001,1121900,474.0,479.42001,471.070007,477.31,1084200,474.0,479.42001,471.070007,477.31,1084200,81.8,81.84,83.75,81.31,296210.0,-0.33,17.92,18.24,17.551,17.94,57940900,371.73001,373.73999,367.5,369.92999,49587900,73.41,73.55,72.29,73.3,6921300,73.41,73.55,72.29,73.3,6921300,436.95001,437.34,431.23001,433.66,81154200,436.95001,437.34,431.23001,433.66,81154200,32.17,32.17,31.73,31.86,1605300,4.697,4.558,4.728,4.53,4.697,4.558,4.728,4.53
2023-10-13,26752.87891,27092.69727,26686.32227,26862.375,1.053674,1.055855,1.049615,1.053674,1869.02002,1933.76282,1868.94495,1931.69751,1869.02002,1933.76282,1868.94495,1931.69751,2.38095e-05,2.38095e-05,2.37954e-05,2.38095e-05,2.38095e-05,2.38095e-05,2.37954e-05,2.38095e-05,59.95,60.060001,59.46,59.58,5528100,59.95,60.060001,59.46,59.58,5528100,438.53,443.12,434.67001,441.059998,1519300,482.39001,490.98999,480.35001,490.14999,1464500,482.39001,490.98999,480.35001,490.14999,1464500,86.35,82.27,86.51,82.17,290380.0,5.56,18.059999,18.16,17.27,17.36,54541600,370.57001,371.16,363.85999,365.28,52469900,73.93,74.4,73.099998,73.25,8661900,73.93,74.4,73.099998,73.25,8661900,435.20999,436.45001,429.88,431.5,95143100,435.20999,436.45001,429.88,431.5,95143100,31.83,31.92,31.57,31.67,1547100,4.616,4.695,4.697,4.586,4.616,4.695,4.697,4.586
2023-10-16,27162.62891,29448.13867,27130.47266,28519.4668,1.052155,1.055465,1.051635,1.052155,1929.29504,1931.79504,1907.65002,1919.43872,1929.29504,1931.79504,1907.65002,1919.43872,2.37954e-05,2.37954e-05,2.37954e-05,2.37954e-05,2.37954e-05,2.37954e-05,2.37954e-05,2.37954e-05,59.38,59.8,59.37,59.77,7738800,59.38,59.8,59.37,59.77,7738800,439.42001,443.5,434.39001,440.41,1931300,492.17999,495.0,482.57999,489.070007,959900,492.17999,495.0,482.57999,489.070007,959900,85.26,86.37,86.94,85.0,205580.0,-1.26,17.21,17.46,16.67,17.36,44987300,366.62,370.48001,366.47,369.41,44201100,73.64,74.099998,72.59,73.98,6299700,73.64,74.099998,72.59,73.98,6299700,433.82001,437.14001,433.57001,436.040009,75433200,433.82001,437.14001,433.57001,436.040009,75433200,31.76,32.02,31.7,32.0,1724500,4.7,4.648,4.725,4.643,4.7,4.648,4.725,4.643
2023-10-17,28522.09766,28618.75195,28110.18555,28415.74805,1.055431,1.0595,1.053341,1.055431,1920.14001,1931.5592,1911.84998,1922.45544,1920.14001,1931.5592,1911.84998,1922.45544,2.38095e-05,2.38095e-05,2.38095e-05,2.38095e-05,2.38095e-05,2.38095e-05,2.38095e-05,2.38095e-05,59.42,60.15,59.42,59.89,5662900,59.42,60.15,59.42,59.89,5662900,436.56,452.79001,435.13,441.13,3103900,487.81,496.89001,483.89001,489.0,1175500,487.81,496.89001,483.89001,489.0,1175500,85.44,85.69,86.44,84.39,229520.0,0.21,17.0,18.030001,16.91,17.84,54401300,365.81,369.92001,363.66,368.20001,50999100,73.75,74.92,73.35,73.89,8035100,73.75,74.92,73.35,73.89,8035100,432.81,438.14001,432.45001,436.019989,75324700,432.81,438.14001,432.45001,436.019989,75324700,31.85,32.25,31.85,32.09,2435900,4.836,4.714,4.862,4.704,4.836,4.714,4.862,4.704
2023-10-18,28413.53125,28889.00977,28174.25195,28328.3418,1.057306,1.059547,1.052709,1.057306,1923.69995,1962.73743,1923.045044,1947.6886,1923.69995,1962.73743,1923.045044,1947.6886,2.38095e-05,2.38095e-05,2.37954e-05,2.38095e-05,2.38095e-05,2.38095e-05,2.37954e-05,2.38095e-05,59.55,59.6,58.84,58.95,4984400,59.55,59.6,58.84,58.95,4984400,443.31,447.89001,440.26999,446.070007,2024100,493.0,495.98999,488.29001,490.76001,740200,493.0,495.98999,488.29001,490.76001,740200,87.27,86.41,88.57,86.25,384530.0,2.14,17.81,18.22,17.19,17.2,44208300,365.67001,367.91,362.019989,363.37,54280500,74.010002,74.9,73.92,74.24,7791000,74.010002,74.9,73.92,74.24,7791000,434.19,435.17999,429.089996,430.20999,93559800,434.19,435.17999,429.089996,430.20999,93559800,31.79,31.84,31.48,31.51,2888500,4.911,4.838,4.928,4.811,4.911,4.838,4.928,4.811
2023-10-19,28332.41602,28892.47461,28177.98828,28719.80664,1.053852,1.058537,1.052886,1.053852,1947.995,1977.86194,1945.18286,1973.70349,1947.995,1977.86194,1945.18286,1973.70349,2.38095e-05,2.38095e-05,2.37954e-05,2.37954e-05,2.38095e-05,2.38095e-05,2.37954e-05,2.37954e-05,58.93,59.22,58.42,58.52,7199200,58.93,59.22,58.42,58.52,7199200,443.66,449.67001,442.19,449.17999,2012400,488.57999,493.42999,487.63,489.94,672000,488.57999,493.42999,487.63,489.94,672000,88.37,87.22,89.54,85.44,384030.0,1.26,17.44,17.58,16.97,17.059999,46303200,364.81,366.019989,359.16,359.97,72274200,73.98,74.85,73.85,73.89,7421400,73.98,74.85,73.85,73.89,7421400,430.95001,432.82001,425.73001,426.42999,121323000,430.95001,432.82001,425.73001,426.42999,121323000,31.26,31.45,31.1,31.17,1793800,4.99,4.938,4.996,4.894,4.99,4.938,4.996,4.894
2023-10-20,28732.8125,30104.08594,28601.66992,29682.94922,1.058649,1.060108,1.05658,1.058649,1974.31006,1997.27185,1971.92505,1981.044556,1974.31006,1997.27185,1971.92505,1981.044556,2.37954e-05,2.37954e-05,2.37954e-05,2.37954e-05,2.37954e-05,2.37954e-05,2.37954e-05,2.37954e-05,58.47,58.6,58.12,58.13,4356300,58.47,58.6,58.12,58.13,4356300,451.37,452.60001,444.01001,444.17001,1714600,492.13,494.76999,485.60001,485.70001,920400,492.13,494.76999,485.60001,485.70001,920400,88.08,89.09,89.85,87.53,311920.0,-0.33,16.85,16.94,15.81,16.11,63738300,359.45999,360.040009,354.37,354.60001,72369800,74.089996,74.15,72.48,72.55,7993000,74.089996,74.15,72.48,72.55,7993000,425.98001,426.54001,421.079987,421.19,123845800,425.98001,426.54001,421.079987,421.19,123845800,30.93,31.01,30.79,30.81,2040400,4.914,4.988,4.995,4.892,4.914,4.988,4.995,4.892
2023-10-23,30140.68555,34370.4375,30097.82812,33086.23438,1.058997,1.064736,1.057183,1.058997,1972.89502,1983.39502,1964.35791,1972.59326,1972.89502,1983.39502,1964.35791,1972.59326,2.38095e-05,2.38095e-05,2.38095e-05,2.38095e-05,2.38095e-05,2.38095e-05,2.38095e-05,2.38095e-05,57.76,58.37,57.6,57.99,6251500,57.76,58.37,57.6,57.99,6251500,444.20999,452.059998,443.48999,446.16,1502400,486.26999,487.89999,480.44,480.60001,802000,486.26999,487.89999,480.44,480.60001,802000,84.42,86.69,87.0,84.3,101180.0,-4.16,15.9,16.34,15.21,16.2,55967200,353.26001,359.26001,351.12,355.67001,60665200,72.58,74.010002,72.52,73.13,8357200,72.58,74.010002,72.52,73.13,8357200,419.60999,424.45001,417.79999,420.45999,92035100,419.60999,424.45001,417.79999,420.45999,92035100,30.74,30.99,30.62,30.83,1527600,4.848,4.958,5.021,4.829,4.848,4.958,5.021,4.829
2023-10-24,33077.30469,35150.43359,32880.76172,33901.52734,1.066985,1.06905,1.058425,1.066985,1972.96997,1980.99353,1953.5,1970.10999,1972.96997,1980.99353,1953.5,1970.10999,2.38095e-05,2.38095e-05,2.38095e-05,2.38095e-05,2.38095e-05,2.38095e-05,2.38095e-05,2.38095e-05,58.15,58.39,58.07,58.36,5974600,58.15,58.39,58.07,58.36,5974600,449.13,450.60999,440.34,440.89999,1367100,484.20999,487.14001,477.98001,478.44,771700,484.20999,487.14001,477.98001,478.44,771700,82.97,85.05,85.22,82.16,136150.0,-1.72,16.38,16.93,16.3,16.64,39833800,357.51001,359.91,355.79001,359.13,47082100,78.75,78.8,76.96,78.38,25548200,78.75,78.8,76.96,78.38,25548200,422.64999,424.82001,420.73999,423.63,78564200,422.64999,424.82001,420.73999,423.63,78564200,30.76,30.92,30.72,30.84,1148800,4.819,4.859,4.889,4.8,4.819,4.859,4.889,4.8
2023-10-25,33916.04297,35133.75781,33709.10938,34502.82031,1.059535,1.06067,1.05668,1.059535,1971.35999,1987.19495,1963.34497,1979.61841,1971.35999,1987.19495,1963.34497,1979.61841,2.37954e-05,2.38095e-05,2.37954e-05,2.38095e-05,2.37954e-05,2.38095e-05,2.37954e-05,2.38095e-05,58.53,58.58,58.080002,58.13,6311500,58.53,58.58,58.080002,58.13,6311500,444.34,449.38,443.67999,447.69,1228900,482.41,486.29999,480.040009,483.26001,1062100,482.41,486.29999,480.040009,483.26001,1062100,84.69,82.99,84.85,81.44,141320.0,2.07,16.57,16.63,15.58,15.59,46706500,356.70001,356.88,349.75,350.34,71190500,79.35,79.35,77.77,78.41,22157600,79.35,79.35,77.77,78.41,22157600,421.89001,421.92001,417.019989,417.54999,94223200,421.89001,421.92001,417.019989,417.54999,94223200,30.8,30.97,30.67,30.74,2180000,4.961,4.823,4.966,4.806,4.961,4.823,4.966,4.806
2023-10-26,34504.28906,34832.91016,33762.32422,34156.64844,1.056725,1.056971,1.052632,1.056725,1979.96997,1994.045044,1971.59998,1984.81775,1979.96997,1994.045044,1971.59998,1984.81775,2.38095e-05,2.38095e-05,2.38095e-05,2.38095e-05,2.38095e-05,2.38095e-05,2.38095e-05,2.38095e-05,57.66,57.78,57.2,57.34,5833100,57.66,57.78,57.2,57.34,5833100,448.01001,451.089996,443.67999,445.97,1432000,486.5,492.0,474.01001,477.78,1545600,486.5,492.0,474.01001,477.78,1545600,82.54,84.58,84.85,81.97,107550.0,-2.54,15.6,15.91,15.05,15.29,49351800,349.12,350.070007,342.35001,343.66,78621400,78.0,79.83,77.91,79.15,33222400,78.0,79.83,77.91,79.15,33222400,416.45001,417.32999,411.60001,412.54999,115156800,416.45001,417.32999,411.60001,412.54999,115156800,30.68,30.74,30.44,30.53,1546200,4.849,4.949,4.989,4.838,4.849,4.949,4.989,4.838
2023-10-27,34156.5,34238.21094,33416.88672,33909.80078,1.056446,1.059771,1.05363,1.056446,1985.17004,2009.48206,1976.34998,2005.78369,1985.17004,2009.48206,1976.34998,2005.78369,2.38095e-05,2.38095e-05,2.38095e-05,2.38095e-05,2.38095e-05,2.38095e-05,2.38095e-05,2.38095e-05,58.22,58.23,57.68,57.82,4639600,58.22,58.23,57.68,57.82,4639600,443.42001,447.66,440.23999,443.39001,1288400,474.98999,478.51999,468.89999,473.070007,805700,474.98999,478.51999,468.89999,473.070007,805700,84.7,82.88,85.0,82.41,101150.0,2.62,15.48,15.6,14.96,15.07,39913600,346.42999,348.84,344.079987,345.31,63476700,78.53,79.77,78.42,79.16,21946800,78.53,79.77,78.42,79.16,21946800,414.19,414.60001,409.20999,410.67999,107367700,414.19,414.60001,409.20999,410.67999,107367700,30.59,30.62,30.14,30.21,1237100,4.845,4.853,4.892,4.83,4.845,4.853,4.892,4.83
2023-10-30,34531.74219,34843.93359,34110.97266,34502.36328,1.056245,1.0626,1.054841,1.056245,2004.79504,2007.37012,1990.5,1995.87842,2004.79504,2007.37012,1990.5,1995.87842,2.37954e-05,2.37954e-05,2.37954e-05,2.37954e-05,2.37954e-05,2.37954e-05,2.37954e-05,2.37954e-05,58.049999,58.26,57.76,58.25,6445900,58.049999,58.26,57.76,58.25,6445900,444.42001,446.85999,442.79999,445.84,948800,473.67001,475.0,467.39999,468.67999,1032600,473.67001,475.0,467.39999,468.67999,1032600,81.68,84.25,84.39,81.16,119750.0,-3.57,15.27,15.29,14.56,14.69,46886400,347.82999,350.54001,346.45001,349.20001,55298500,79.07,79.8,77.765,78.57,23380600,79.07,79.8,77.765,78.57,23380600,413.56,416.67999,412.22,415.59,86562700,413.56,416.67999,412.22,415.59,86562700,30.58,30.65,30.41,30.59,3822100,4.888,4.877,4.922,4.835,4.888,4.877,4.922,4.835
2023-10-31,34500.07813,34719.25391,34083.30859,34667.78125,1.061504,1.066906,1.056759,1.061504,1996.0,2007.79504,1978.89502,1982.70496,1996.0,2007.79504,1978.89502,1982.70496,2.36593e-05,2.37954e-05,2.36542e-05,2.37954e-05,2.36593e-05,2.37954e-05,2.36542e-05,2.37954e-05,58.73,59.029999,58.54,58.96,6625300,58.73,59.029999,58.54,58.96,6625300,447.29999,455.13,445.41,454.64001,1418700,470.32999,471.89999,463.84,471.42999,1089700,470.32999,471.89999,463.84,471.42999,1089700,80.5,81.96,82.77,80.26,135890.0,-1.44,14.58,15.01,14.55,14.8,40195400,349.23001,351.25,346.62,350.87,47671900,78.85,81.55,78.73,81.39,18663800,78.85,81.55,78.73,81.39,18663800,416.17999,418.53,414.20999,418.20001,79665200,416.17999,418.53,414.20999,418.20001,79665200,30.48,30.58,30.34,30.5,2336100,4.926,4.892,4.933,4.803,4.926,4.892,4.933,4.803
2023-11-01,34657.27344,35527.92969,34170.69141,35437.25391,1.05791,1.058078,1.052288,1.05791,1983.014893,1992.09375,1969.90405,1982.15002,1983.014893,1992.09375,1969.90405,1982.15002,2.38095e-05,2.38095e-05,2.37954e-05,2.37954e-05,2.38095e-05,2.38095e-05,2.37954e-05,2.37954e-05,59.43,59.98,59.39,59.97,7375200,59.43,59.98,59.39,59.97,7375200,456.32999,456.70001,451.45999,452.38,1267000,474.75,474.75,467.14001,468.26001,841000,474.75,474.75,467.14001,468.26001,841000,80.1,80.98,82.82,79.96,160140.0,-0.5,14.8,14.96,14.48,14.92,54419100,351.72,357.53,351.62,356.95999,58992700,82.0,82.8,81.325,82.15,20200200,82.0,82.8,81.325,82.15,20200200,419.20001,423.5,418.64999,422.66,98068100,419.20001,423.5,418.64999,422.66,98068100,30.55,30.7,30.4,30.64,1457000,4.734,4.926,4.935,4.734,4.734,4.926,4.935,4.734
2023-11-02,35441.57812,35919.84375,34401.57422,34938.24219,1.058705,1.067008,1.058425,1.058705,1983.52502,1991.495,1978.89502,1985.50696,1983.52502,1991.495,1978.89502,1985.50696,2.38095e-05,2.38095e-05,2.37954e-05,2.37954e-05,2.38095e-05,2.38095e-05,2.37954e-05,2.37954e-05,60.54,60.99,60.37,60.95,7777800,60.54,60.99,60.37,60.95,7777800,450.75,458.22,450.75,458.040009,1242000,465.32001,476.10001,463.69,475.76999,1353400,465.32001,476.10001,463.69,475.76999,1353400,82.16,80.44,82.44,80.01,158210.0,2.57,17.48,18.3,17.21,17.97,170406800,361.54001,363.67999,360.29999,363.44,58162400,82.35,83.2,82.23,82.78,15755700,82.35,83.2,82.23,82.78,15755700,426.57999,430.92001,426.56,430.76001,94938900,426.57999,430.92001,426.56,430.76001,94938900,31.09,31.22,31.02,31.21,2615200,4.661,4.717,4.749,4.626,4.661,4.717,4.749,4.626
2023-11-03,34942.47266,34942.47266,34133.44141,34732.32422,1.061909,1.0737,1.061549,1.061909,1985.69495,2004.055542,1983.26196,1992.26758,1985.69495,2004.055542,1983.26196,1992.26758,2.38095e-05,2.38095e-05,2.37954e-05,2.38095e-05,2.38095e-05,2.38095e-05,2.37954e-05,2.38095e-05,61.65,62.25,61.5,62.0,7668900,61.65,62.25,61.5,62.0,7668900,455.10999,457.76001,451.13,453.34,1365400,475.79999,477.0,470.13,470.57999,785700,475.79999,477.0,470.13,470.57999,785700,80.23,82.25,83.2,79.84,213050.0,-2.35,18.02,19.079,17.76,18.89,109039500,364.75,369.019989,364.51999,367.70999,53239100,83.17,83.86,82.67,82.72,21268600,83.17,83.86,82.67,82.72,21268600,433.14001,436.29001,433.01001,434.69,100110800,433.14001,436.29001,433.01001,434.69,100110800,31.36,31.46,31.23,31.33,1758100,4.576,4.662,4.678,4.484,4.576,4.662,4.678,4.484
2023-11-06,35044.78906,35286.02734,34765.36328,35037.37109,1.073215,1.0757,1.07234,1.073215,1992.29504,1993.29504,1977.52051,1977.68335,1992.29504,1993.29504,1977.52051,1977.68335,2.37954e-05,2.38095e-05,2.37954e-05,2.37954e-05,2.37954e-05,2.38095e-05,2.37954e-05,2.37954e-05,61.44,61.48,61.080002,61.2,5945300,61.44,61.48,61.080002,61.2,5945300,454.84,454.84,450.64001,451.16,1440800,472.62,474.37,469.70001,471.0,636800,472.62,474.37,469.70001,471.0,636800,80.6,80.76,81.9,80.33,131580.0,0.46,18.99,19.08,17.93,18.54,79952600,368.48999,369.78,366.91,369.20999,38848700,82.7,82.95,82.059998,82.4,5950700,82.7,82.95,82.059998,82.4,5950700,435.47,436.14999,433.67999,435.69,67831700,435.47,436.14999,433.67999,435.69,67831700,31.55,31.59,31.37,31.38,1175400,4.647,4.589,4.668,4.576,4.647,4.589,4.668,4.576
2023-11-07,35047.79297,35892.41797,34545.81641,35443.5625,1.072156,1.072156,1.066473,1.072156,1978.19495,1978.75244,1956.19995,1968.40491,1978.19495,1978.75244,1956.19995,1968.40491,2.38095e-05,2.38095e-05,2.38095e-05,2.38095e-05,2.38095e-05,2.38095e-05,2.38095e-05,2.38095e-05,60.43,60.71,60.29,60.64,5801700,60.43,60.71,60.29,60.64,5801700,453.16,453.16,449.69,450.14999,1220100,473.29999,473.29999,464.76999,467.70001,1009700,473.29999,473.29999,464.76999,467.70001,1009700,77.21,80.69,80.79,76.99,198960.0,-4.21,18.86,19.17,18.53,18.8,56289100,370.26999,373.57999,369.049988,372.70001,50777400,82.4,82.69,82.13,82.67,6352900,82.4,82.69,82.13,82.67,6352900,435.69,437.59,434.51001,436.92999,64256100,435.69,437.59,434.51001,436.92999,64256100,31.26,31.27,31.09,31.14,1499200,4.569,4.639,4.662,4.544,4.569,4.639,4.662,4.544
2023-11-08,35419.47656,35994.41797,35147.80078,35655.27734,1.06961,1.071605,1.066064,1.06961,1968.84497,1971.1217,1947.47876,1949.79004,1968.84497,1971.1217,1947.47876,1949.79004,2.38095e-05,2.38095e-05,2.36813e-05,2.36813e-05,2.38095e-05,2.38095e-05,2.36813e-05,2.36813e-05,59.87,59.98,59.51,59.64,6847800,59.87,59.98,59.51,59.64,6847800,450.14999,451.76999,444.029999,444.66,1386400,467.67001,469.57999,459.51999,460.48001,952700,467.67001,469.57999,459.51999,460.48001,952700,75.31,77.03,77.43,74.92,219200.0,-2.46,18.85,18.93,18.15,18.49,46063100,373.079987,373.79001,370.62,372.94,35663400,82.85,83.28,82.51,83.2,9844700,82.85,83.28,82.51,83.2,9844700,437.54999,438.089996,434.87,437.25,61746000,437.54999,438.089996,434.87,437.25,61746000,31.15,31.26,31.030001,31.08,1759800,4.492,4.579,4.614,4.488,4.492,4.579,4.614,4.488
2023-11-09,35633.63281,37926.25781,35592.10156,36693.125,1.071042,1.0728,1.068148,1.071042,1950.094971,1965.69495,1944.30005,1958.18994,1950.094971,1965.69495,1944.30005,1958.18994,2.38095e-05,2.38095e-05,2.36813e-05,2.36813e-05,2.38095e-05,2.38095e-05,2.36813e-05,2.36813e-05,60.5,60.56,59.87,59.89,6913000,60.5,60.56,59.87,59.89,6913000,445.41,445.60999,439.67999,442.45999,1775500,461.25,462.45001,457.16,461.089996,971300,461.25,462.45001,457.16,461.089996,971300,75.75,75.63,77.12,75.18,172860.0,0.58,18.66,18.87,18.16,18.27,48454200,373.64001,374.79999,369.57001,370.070007,53859400,83.66,83.85,82.14,82.43,9638100,83.66,83.85,82.14,82.43,9638100,438.42999,438.47,433.39999,433.84,83174400,438.42999,438.47,433.39999,433.84,83174400,31.37,31.46,31.1,31.12,1533100,4.632,4.484,4.654,4.473,4.632,4.484,4.654,4.473
2023-11-10,36702.25,37493.80078,36362.75391,37313.96875,1.066758,1.069256,1.065769,1.066758,1958.39502,1960.9259,1933.17505,1936.79004,1958.39502,1960.9259,1933.17505,1936.79004,2.38095e-05,2.38095e-05,2.38095e-05,2.38095e-05,2.38095e-05,2.38095e-05,2.38095e-05,2.38095e-05,60.099998,60.47,59.83,60.47,4877800,60.099998,60.47,59.83,60.47,4877800,444.01001,445.82999,440.97,444.87,1525400,461.54999,464.23999,458.34,463.26999,758500,461.54999,464.23999,458.34,463.26999,758500,77.15,75.65,77.71,75.36,159390.0,1.85,18.155,19.72,18.059999,19.67,92748000,371.82001,378.54001,371.28,378.39001,58309800,82.76,82.86,81.78,82.22,10351200,82.76,82.86,81.78,82.22,10351200,435.98001,440.92999,433.82999,440.60999,89462200,435.98001,440.92999,433.82999,440.60999,89462200,30.88,31.07,30.6,31.040001,1909100,4.646,4.64,4.654,4.567,4.646,4.64,4.654,4.567
2023-11-13,37070.30469,37405.11719,36399.60547,36502.35547,1.069016,1.070549,1.066553,1.069016,1937.050049,1949.26892,1931.72522,1945.89001,1937.050049,1949.26892,1931.72522,1945.89001,2.38095e-05,2.38095e-05,2.38095e-05,2.38095e-05,2.38095e-05,2.38095e-05,2.38095e-05,2.38095e-05,60.14,60.55,60.049999,60.44,4932600,60.14,60.55,60.049999,60.44,4932600,445.0,448.57001,443.29001,445.029999,1003800,464.029999,466.20999,462.029999,464.38,1020300,464.029999,466.20999,462.029999,464.38,1020300,78.19,77.18,78.54,76.19,157420.0,1.35,19.59,19.88,19.3,19.71,74877500,376.79001,378.28,375.23999,377.20999,40733500,82.26,82.81,81.6,82.029999,7740300,82.26,82.81,81.6,82.029999,7740300,439.23001,441.32999,438.42001,440.19,52236100,439.23001,441.32999,438.42001,440.19,52236100,31.07,31.3,31.0,31.27,1657000,4.638,4.654,4.696,4.624,4.638,4.654,4.696,4.624
2023-11-14,36491.78906,36753.35156,34948.5,35537.64062,1.070183,1.08672,1.069359,1.070183,1946.19495,1970.84497,1943.40002,1962.67395,1946.19495,1970.84497,1943.40002,1962.67395,2.37954e-05,2.37954e-05,2.37954e-05,2.37954e-05,2.37954e-05,2.37954e-05,2.37954e-05,2.37954e-05,61.040001,61.69,61.02,61.64,5383200,61.040001,61.69,61.02,61.64,5383200,443.0,446.73001,441.85999,444.22,1336800,463.0,468.67999,460.57001,466.82999,1064800,463.0,468.67999,460.57001,466.82999,1064800,78.17,78.48,79.65,77.73,166180.0,-0.03,20.0,20.1,19.5,19.94,83230500,383.70999,386.26001,383.17999,385.32999,67792600,82.18,82.25,80.61,80.69,13128900,82.18,82.25,80.61,80.69,13128900,446.32001,450.059998,446.089996,448.73001,97176900,446.32001,450.059998,446.089996,448.73001,97176900,31.7,31.87,31.7,31.82,1520100,4.453,4.644,4.656,4.432,4.453,4.644,4.656,4.432
2023-11-15,35548.11328,37964.89453,35383.78125,37880.58203,1.087831,1.088732,1.083295,1.087831,1963.045044,1975.59497,1955.40503,1959.091187,1963.045044,1975.59497,1955.40503,1959.091187,2.38095e-05,2.38095e-05,2.38095e-05,2.38095e-05,2.38095e-05,2.38095e-05,2.38095e-05,2.38095e-05,61.37,61.52,61.049999,61.18,6442900,61.37,61.52,61.049999,61.18,6442900,443.47,448.01001,443.47,445.14001,1098400,466.0,467.84,462.75,464.98999,649600,466.0,467.84,462.75,464.98999,649600,76.79,78.1,78.69,76.45,253170.0,-1.77,19.9,20.37,19.611,19.95,75533500,387.25,387.75,384.23999,385.62,54141400,80.51,81.25,79.775,80.63,10757800,80.51,81.25,79.775,80.63,10757800,450.10999,451.38,448.79999,449.67999,77327600,450.10999,451.38,448.79999,449.67999,77327600,31.94,31.97,31.78,31.8,1568700,4.537,4.445,4.559,4.426,4.537,4.445,4.559,4.426
2023-11-16,37879.98047,37934.625,35545.47266,36154.76953,1.085458,1.089396,1.083095,1.085458,1959.44495,1988.034668,1956.49451,1980.8512,1959.44495,1988.034668,1956.49451,1980.8512,2.38095e-05,2.38095e-05,2.37954e-05,2.38095e-05,2.38095e-05,2.38095e-05,2.37954e-05,2.38095e-05,61.31,61.5,61.2,61.39,5943000,61.31,61.5,61.2,61.39,5943000,445.79999,447.67001,443.54999,445.59,912900,466.14999,467.079987,462.85001,463.88,429900,466.14999,467.079987,462.85001,463.88,429900,73.09,76.71,76.8,72.37,428820.0,-4.82,19.8,19.875,19.29,19.77,49942800,384.84,386.19,383.56,385.95001,45343500,80.47,80.83,79.93,80.23,7578700,80.47,80.83,79.93,80.23,7578700,449.22,450.56,448.12,450.23001,66665800,449.22,450.56,448.12,450.23001,66665800,31.63,31.76,31.55,31.62,2005800,4.441,4.523,4.527,4.432,4.441,4.523,4.527,4.432
2023-11-17,36164.82422,36704.48438,35901.23438,36596.68359,1.085376,1.08923,1.08252,1.085376,1981.20996,1993.94495,1978.59497,1980.00769,1981.20996,1993.94495,1978.59497,1980.00769,2.37954e-05,2.38095e-05,2.37954e-05,2.37954e-05,2.37954e-05,2.38095e-05,2.37954e-05,2.37954e-05,62.11,62.41,62.040001,62.35,5164600,62.11,62.41,62.040001,62.35,5164600,446.64001,447.23001,444.22,444.67999,898600,464.34,466.26999,463.20999,464.17001,519800,464.34,466.26999,463.20999,464.17001,519800,76.04,73.11,76.19,72.91,368480.0,4.04,19.68,20.58,19.6587,20.49,69497400,385.20999,387.070007,384.29001,386.040009,46571900,80.64,80.68,79.415,79.68,7343900,80.64,80.68,79.415,79.68,7343900,450.23999,451.42001,449.29001,450.79001,83133200,450.23999,451.42001,449.29001,450.79001,83133200,31.95,32.12,31.87,32.099998,1901200,4.439,4.439,4.469,4.379,4.439,4.439,4.469,4.379
2023-11-20,37374.07422,37756.82031,36882.53125,37476.95703,1.090703,1.094511,1.0898,1.090703,1980.39001,1985.2627,1965.19995,1977.19409,1980.39001,1985.2627,1965.19995,1977.19409,2.38095e-05,2.38095e-05,2.38095e-05,2.38095e-05,2.38095e-05,2.38095e-05,2.38095e-05,2.38095e-05,62.09,62.42,62.049999,62.36,7476200,62.09,62.42,62.049999,62.36,7476200,444.029999,445.59,440.76001,443.81,982000,464.51999,467.92001,462.87,465.82001,594200,464.51999,467.92001,462.87,465.82001,594200,77.83,75.8,78.46,75.41,270640.0,2.35,20.65,21.6,20.56,21.34,90270000,386.049988,391.41,386.049988,390.73999,44429600,79.56,79.82,78.99,79.17,8359300,79.56,79.82,78.99,79.17,8359300,450.53,455.13,450.51999,454.26001,69936200,450.53,455.13,450.51999,454.26001,69936200,31.98,32.19,31.97,32.14,2346000,4.426,4.461,4.488,4.41,4.426,4.461,4.488,4.41
2023-11-21,37469.16016,37631.14062,35813.8125,35813.8125,1.094595,1.096732,1.092299,1.094595,1977.495,2007.51501,1977.33655,1998.36926,1977.495,2007.51501,1977.33655,1998.36926,2.37954e-05,2.37954e-05,2.37954e-05,2.37954e-05,2.37954e-05,2.37954e-05,2.37954e-05,2.37954e-05,62.41,62.53,62.0,62.099998,4413800,62.41,62.53,62.0,62.099998,4413800,445.0,448.57001,444.16,448.14999,1177800,465.82001,472.019989,462.51001,471.070007,449000,465.82001,472.019989,462.51001,471.070007,449000,77.92,77.69,78.04,77.04,69050.0,0.12,21.11,21.85,19.72,19.8,106643300,389.01001,389.23001,386.70001,388.47,43337000,78.93,79.099998,78.11,78.15,7125000,78.93,79.099998,78.11,78.15,7125000,453.17999,454.13,451.95999,453.26999,49244600,453.17999,454.13,451.95999,453.26999,49244600,32.16,32.24,32.14,32.2,1160900,4.398,4.414,4.443,4.383,4.398,4.414,4.443,4.383
2023-11-22,35756.55469,37856.98047,35670.97266,37432.33984,1.091822,1.092252,1.085458,1.091822,1998.69495,2006.89502,1986.89001,1989.72351,1998.69495,2006.89502,1986.89001,1989.72351,2.37954e-05,2.38095e-05,2.37954e-05,2.37954e-05,2.37954e-05,2.38095e-05,2.37954e-05,2.37954e-05,62.4,62.52,62.16,62.49,4539100,62.4,62.52,62.16,62.49,4539100,447.5,451.70001,447.5,450.39999,833800,468.70999,472.94,467.76001,471.45001,589900,468.70999,472.94,467.76001,471.45001,589900,77.25,77.92,78.11,73.98,99860.0,-0.86,20.26,20.44,19.33,19.69,68326000,390.57001,393.070007,389.040009,390.059998,44121000,78.010002,79.87,78.0,79.82,7024900,78.010002,79.87,78.0,79.82,7024900,454.98001,456.38,453.89001,455.019989,59394900,454.98001,456.38,453.89001,455.019989,59394900,31.99,32.09,31.88,32.080002,1900000,4.408,4.394,4.447,4.363,4.408,4.394,4.447,4.363
2023-11-24,37296.31641,38415.33984,37261.60547,37720.28125,1.090631,1.094415,1.089562,1.090631,1994.064941,2003.68164,1991.40002,2001.96997,1994.064941,2003.68164,1991.40002,2001.96997,2.38095e-05,2.38095e-05,2.37954e-05,2.38095e-05,2.38095e-05,2.38095e-05,2.37954e-05,2.38095e-05,62.46,62.64,62.41,62.61,1370400,62.46,62.64,62.41,62.61,1370400,451.69,452.59,449.73999,452.01001,326600,471.5,473.60999,470.34,471.51999,191200,471.5,473.60999,470.34,471.51999,191200,75.77,76.94,77.25,75.32,74980.0,-0.75,19.38,19.6,18.93,19.2,39800400,389.64999,390.25,388.5,389.51001,15718800,79.82,80.089996,79.43,79.98,2346300,79.82,80.089996,79.43,79.98,2346300,455.070007,455.5,454.73001,455.29999,29737400,455.070007,455.5,454.73001,455.29999,29737400,32.28,32.49,32.28,32.49,1357400,4.472,4.451,4.494,4.443,4.472,4.451,4.494,4.443
2023-11-27,37454.19141,37559.35547,36750.12891,37254.16797,1.094044,1.095926,1.092586,1.094044,2002.77502,2018.13953,2000.66772,2013.64294,2002.77502,2018.13953,2000.66772,2013.64294,2.37954e-05,2.37954e-05,2.37954e-05,2.37954e-05,2.37954e-05,2.37954e-05,2.37954e-05,2.37954e-05,62.46,62.64,62.39,62.56,4047000,62.46,62.64,62.39,62.56,4047000,451.85999,452.82999,445.42999,445.48999,1496900,470.81,470.81,465.56,468.39001,482200,470.81,470.81,465.56,468.39001,482200,75.09,75.57,76.42,74.35,84350.0,-0.9,19.13,19.5,18.62,19.08,58808200,389.01001,391.14999,388.28,389.17001,34139700,79.76,79.99,79.13,79.47,9378400,79.76,79.99,79.13,79.47,9378400,454.64999,455.48999,454.079987,454.48001,50506000,454.64999,455.48999,454.079987,454.48001,50506000,32.4,32.42,32.29,32.36,863100,4.39,4.492,4.514,4.381,4.39,4.492,4.514,4.381
2023-11-28,37247.99219,38368.48047,36891.08984,37831.08594,1.095842,1.10072,1.093506,1.095842,2013.94495,2042.99707,2011.59998,2040.89001,2013.94495,2042.99707,2011.59998,2040.89001,2.38095e-05,2.38095e-05,2.38095e-05,2.38095e-05,2.38095e-05,2.38095e-05,2.38095e-05,2.38095e-05,62.24,62.74,62.14,62.55,4405400,62.24,62.74,62.14,62.55,4405400,447.85999,450.88,446.0,448.26999,1124900,470.53,473.57001,468.81,470.079987,550500,470.53,473.57001,468.81,470.079987,550500,76.59,75.32,77.13,74.88,121440.0,2.0,19.11,19.8,19.030001,19.71,54170700,388.41,390.78,388.049988,390.19,35491100,79.99,80.79,79.57,80.19,7094800,79.99,80.79,79.57,80.19,7094800,454.079987,456.26999,453.5,454.92999,62115000,454.079987,456.26999,453.5,454.92999,62115000,32.36,32.55,32.31,32.44,997000,4.325,4.402,4.422,4.321,4.325,4.402,4.422,4.321
2023-11-29,37826.10547,38366.11328,37612.63281,37858.49219,1.10059,1.10169,1.096119,1.10059,2041.245,2052.094971,2035.050049,2044.58997,2041.245,2052.094971,2035.050049,2044.58997,2.37954e-05,2.37954e-05,2.37954e-05,2.37954e-05,2.37954e-05,2.37954e-05,2.37954e-05,2.37954e-05,62.48,62.68,62.32,62.49,4010400,62.48,62.68,62.32,62.49,4010400,449.54001,449.54001,443.91,445.01001,1272900,470.28,471.41,464.44,467.41,554500,470.28,471.41,464.44,467.41,554500,77.99,76.67,78.18,75.87,112410.0,1.83,19.945,20.31,19.78,19.84,62782100,392.69,394.14001,389.45999,389.81,38811700,80.22,81.33,80.12,80.95,6852100,80.22,81.33,80.12,80.95,6852100,457.14999,458.32001,454.20001,454.60999,63146000,457.14999,458.32001,454.20001,454.60999,63146000,32.43,32.49,32.28,32.37,1576400,4.259,4.319,4.328,4.253,4.259,4.319,4.328,4.253
2023-11-30,37861.11719,38141.75391,37531.14062,37712.74609,1.09737,1.098539,1.089491,1.09737,2044.79504,2047.59497,2031.84497,2035.75452,2044.79504,2047.59497,2031.84497,2035.75452,2.37954e-05,2.38095e-05,2.37954e-05,2.37954e-05,2.37954e-05,2.38095e-05,2.37954e-05,2.37954e-05,62.66,62.68,62.02,62.61,6671800,62.66,62.68,62.02,62.61,6671800,443.0,447.85999,442.51001,447.76999,1514500,469.22,476.26999,468.39001,475.16,701300,469.22,476.26999,468.39001,475.16,701300,76.05,77.79,79.67,75.16,209440.0,-2.49,19.94,20.23,19.68,20.049999,55501000,390.079987,390.54999,385.82001,388.82999,52834400,81.14,81.92,81.050003,81.48,8366100,81.14,81.92,81.050003,81.48,8366100,455.48001,456.76001,453.34,456.39999,79752700,455.48001,456.76001,453.34,456.39999,79752700,32.44,32.48,32.34,32.39,1656500,4.33,4.267,4.369,4.247,4.33,4.267,4.369,4.247
2023-12-01,37718.00781,38954.10938,37629.35938,38688.75,1.089206,1.091346,1.083154,1.089206,2034.495,2075.34497,2033.75,2070.90112,2034.495,2075.34497,2033.75,2070.90112,2.37954e-05,2.38095e-05,2.37954e-05,2.38095e-05,2.37954e-05,2.38095e-05,2.37954e-05,2.38095e-05,62.37,63.22,62.35,63.21,4504400,62.37,63.22,62.35,63.21,4504400,448.39999,450.66,448.14999,449.41,856600,476.39001,480.57999,475.10999,479.84,696100,476.39001,480.57999,475.10999,479.84,696100,74.25,75.71,76.81,74.13,127630.0,-2.37,19.93,20.29,19.55,20.27,61336000,387.75,390.54001,386.070007,389.94,40440500,81.48,82.41,81.37,82.32,5486200,81.48,82.41,81.37,82.32,5486200,455.76999,459.64999,455.16,459.10001,89097900,455.76999,459.64999,455.16,459.10001,89097900,32.48,32.92,32.48,32.88,1815500,4.209,4.321,4.349,4.198,4.209,4.321,4.349,4.198
2023-12-04,39978.62891,42371.75,39978.62891,41980.09766,1.088815,1.088815,1.080567,1.088815,2071.070068,2135.71997,2020.41003,2030.060059,2071.070068,2135.71997,2020.41003,2030.060059,2.38095e-05,2.38095e-05,2.38095e-05,2.38095e-05,2.38095e-05,2.38095e-05,2.38095e-05,2.38095e-05,62.32,62.55,62.12,62.25,4531300,62.32,62.55,62.12,62.25,4531300,447.37,450.95999,446.10999,450.69,1265700,478.48999,480.56,474.95999,480.32999,1079100,478.48999,480.56,474.95999,480.32999,1079100,73.32,74.76,75.2,72.87,158420.0,-1.25,19.75,19.9,18.27,18.4,104948500,386.089996,386.60001,382.66,386.32001,51186900,82.07,83.19,81.94,83.13,5525300,82.07,83.19,81.94,83.13,5525300,455.60001,459.12,454.34,456.69,72430900,455.60001,459.12,454.34,456.69,72430900,32.54,32.72,32.51,32.61,1593500,4.259,4.22,4.299,4.22,4.259,4.22,4.299,4.22
2023-12-05,41986.26562,44408.66406,41421.14844,44080.64844,1.083776,1.084834,1.07826,1.083776,2030.14502,2041.32703,2010.015015,2019.42029,2030.14502,2041.32703,2010.015015,2019.42029,2.38095e-05,2.38095e-05,2.38095e-05,2.38095e-05,2.38095e-05,2.38095e-05,2.38095e-05,2.38095e-05,62.07,62.25,61.97,62.02,3818100,62.07,62.25,61.97,62.02,3818100,450.29001,450.64001,445.89999,446.23999,1055700,480.42999,480.42999,475.28,476.60999,637000,480.42999,480.42999,475.28,476.60999,637000,72.53,73.59,74.34,72.24,142710.0,-1.08,18.25,18.55,17.96,18.3,54460800,384.39001,388.5,384.20999,387.29001,42933000,82.93,83.35,82.66,82.69,5945700,82.93,83.35,82.66,82.69,5945700,455.26001,457.59,454.87,456.60001,69793500,455.26001,457.59,454.87,456.60001,69793500,32.43,32.51,32.36,32.36,1844600,4.167,4.255,4.265,4.163,4.167,4.255,4.265,4.163
2023-12-06,44080.02344,44265.76953,43478.08203,43746.44531,1.079366,1.080369,1.077319,1.079366,2019.745,2036.29504,2017.2655,2024.89746,2019.745,2036.29504,2017.2655,2024.89746,2.37954e-05,2.38095e-05,2.37954e-05,2.37954e-05,2.37954e-05,2.38095e-05,2.37954e-05,2.37954e-05,63.099998,63.17,62.65,62.67,6475100,63.099998,63.17,62.65,62.67,6475100,445.5,450.44,445.5,449.41,864100,475.20999,481.14001,475.20999,480.29001,446300,475.20999,481.14001,475.20999,480.29001,446300,69.65,72.33,72.84,69.39,183910.0,-3.97,17.69,17.83,17.049999,17.13,96111000,390.26999,390.37,384.70001,385.049988,41994100,82.62,83.43,82.33,82.71,6125800,82.62,83.43,82.33,82.71,6125800,458.81,458.84,454.31,454.76001,69124700,458.81,458.84,454.31,454.76001,69124700,32.59,32.64,32.3,32.32,762300,4.114,4.173,4.205,4.104,4.114,4.173,4.205,4.104
2023-12-07,43769.13281,44042.58984,42880.64844,43292.66406,1.07667,1.07968,1.075766,1.07667,2025.29504,2039.92603,2020.26001,2028.33752,2025.29504,2039.92603,2020.26001,2028.33752,2.37954e-05,2.37954e-05,2.37954e-05,2.37954e-05,2.37954e-05,2.37954e-05,2.37954e-05,2.37954e-05,62.76,63.54,62.49,63.15,8769600,62.76,63.54,62.49,63.15,8769600,450.42001,451.39001,446.29001,447.10999,861100,482.22,483.66,476.34,477.48001,530500,482.22,483.66,476.34,477.48001,530500,69.59,69.57,70.7,69.08,144370.0,-0.09,17.22,17.48,17.08,17.22,56455000,388.070007,391.26999,386.95999,390.42999,49593500,83.0,83.15,81.43,81.5,5443900,83.0,83.15,81.43,81.5,5443900,456.91,458.89999,456.29001,458.23001,66995400,456.91,458.89999,456.29001,458.23001,66995400,32.44,32.53,32.3,32.5,980800,4.148,4.11,4.186,4.104,4.148,4.11,4.186,4.104
2023-12-08,43293.13672,44705.51562,43125.29688,44166.60156,1.079214,1.080054,1.073146,1.079214,2028.69495,2034.18616,1994.74475,2003.39001,2028.69495,2034.18616,1994.74475,2003.39001,2.38095e-05,2.38095e-05,2.38095e-05,2.38095e-05,2.38095e-05,2.38095e-05,2.38095e-05,2.38095e-05,62.48,62.83,62.41,62.78,5921300,62.48,62.83,62.41,62.78,5921300,448.57001,450.53,447.45999,448.019989,761100,478.72,479.84,475.35999,476.25,411300,478.72,479.84,475.35999,476.25,411300,71.44,70.0,71.81,69.75,124730.0,2.66,17.18,17.92,17.09,17.77,57404600,388.67001,392.62,388.48001,392.17001,46623600,81.69,82.099998,81.16,81.32,5533200,81.69,82.099998,81.16,81.32,5533200,457.45999,460.75,457.20999,460.20001,83080900,457.45999,460.75,457.20999,460.20001,83080900,32.43,32.66,32.43,32.58,944500,4.229,4.153,4.278,4.147,4.229,4.153,4.278,4.147
2023-12-11,43792.01953,43808.375,40234.57812,41243.83203,1.076577,1.077935,1.074322,1.076577,2003.59998,2008.71997,1975.94995,1981.30298,2003.59998,2008.71997,1975.94995,1981.30298,2.37954e-05,2.37954e-05,2.37954e-05,2.37954e-05,2.37954e-05,2.37954e-05,2.37954e-05,2.37954e-05,62.98,63.2,62.93,63.14,5440800,62.98,63.2,62.93,63.14,5440800,451.88,453.26001,449.51001,451.26001,1021600,476.97,480.92999,476.91,478.76001,429300,476.97,480.92999,476.91,478.76001,429300,71.56,71.36,72.03,70.61,119850.0,0.17,17.97,18.28,17.7,17.77,50929600,391.73999,395.79001,391.53,395.51999,41198000,81.33,82.29,81.33,81.89,5897300,81.33,82.29,81.33,81.89,5897300,459.69,462.17001,459.47,461.98999,65002200,459.69,462.17001,459.47,461.98999,65002200,32.48,32.6,32.47,32.56,771900,4.237,4.241,4.295,4.229,4.237,4.241,4.295,4.229
2023-12-12,41238.73438,42048.30469,40667.5625,41450.22266,1.076658,1.082204,1.076183,1.076658,1981.59497,1996.79504,1977.18506,1979.4375,1981.59497,1996.79504,1977.18506,1979.4375,2.38095e-05,2.38095e-05,2.38095e-05,2.38095e-05,2.38095e-05,2.38095e-05,2.38095e-05,2.38095e-05,62.78,63.07,62.63,63.049999,3133900,62.78,63.07,62.63,63.049999,3133900,451.67999,453.75,450.37,451.63,1008200,479.54999,481.69,477.47,479.25,379400,479.54999,481.69,477.47,479.25,379400,68.85,71.67,72.2,68.49,189450.0,-3.79,17.69,17.88,17.23,17.5,46231900,395.56,398.79001,394.41,398.67001,39221200,81.21,81.58,80.91,81.040001,6811200,81.21,81.58,80.91,81.040001,6811200,461.63,464.20001,460.60001,464.10001,68327600,461.63,464.20001,460.60001,464.10001,68327600,32.56,32.61,32.42,32.6,837600,4.21,4.239,4.251,4.153,4.21,4.239,4.251,4.153
2023-12-13,41468.46484,43429.78125,40676.86719,42890.74219,1.079867,1.080824,1.0774,1.079867,1979.745,2027.54504,1973.091675,2026.39001,1979.745,2027.54504,1973.091675,2026.39001,2.38095e-05,2.38095e-05,2.38095e-05,2.38095e-05,2.38095e-05,2.38095e-05,2.38095e-05,2.38095e-05,62.96,64.050003,62.77,64.010002,5657400,62.96,64.050003,62.77,64.010002,5657400,452.95001,454.19,450.5,451.44,1300300,480.42999,486.39999,478.98001,485.01001,778300,480.42999,486.39999,478.98001,485.01001,778300,69.72,68.99,70.15,67.98,185240.0,1.26,17.65,17.9,17.22,17.87,52682600,399.62,404.35999,398.84,403.73999,55408100,81.19,83.4,80.52,83.22,8057900,81.19,83.4,80.52,83.22,8057900,464.48999,470.76001,464.12,470.5,93278000,464.48999,470.76001,464.12,470.5,93278000,32.63,32.99,32.42,32.98,1313300,4.024,4.202,4.21,4.007,4.024,4.202,4.21,4.007
2023-12-14,42884.26172,43390.85938,41767.08984,43023.97266,1.088613,1.10041,1.088021,1.088613,2026.59497,2047.98499,2024.32776,2035.52795,2026.59497,2047.98499,2024.32776,2035.52795,2.37954e-05,2.38095e-05,2.37954e-05,2.38095e-05,2.37954e-05,2.38095e-05,2.37954e-05,2.38095e-05,63.52,63.93,63.43,63.72,12694800,63.52,63.93,63.43,63.72,12694800,450.51001,450.87,441.44,445.26999,1891000,479.59,480.0,461.69,463.66,1205400,479.59,480.0,461.69,463.66,1205400,71.91,70.08,72.73,69.82,224160.0,3.14,18.17,18.58,17.72,18.21,67462800,404.98001,406.29999,400.34,403.39001,55447800,83.87,84.089996,81.41,81.86,11124700,83.87,84.089996,81.41,81.86,11124700,472.5,473.73001,469.25,472.01001,119026000,472.5,473.73001,469.25,472.01001,119026000,33.41,33.65,33.31,33.52,2885300,3.921,4.016,4.024,3.885,3.921,4.016,4.024,3.885
2023-12-15,43028.25,43087.82422,41692.96875,41929.75781,1.09936,1.10059,1.090227,1.09936,2035.79504,2045.54504,2015.68372,2018.18994,2035.79504,2045.54504,2015.68372,2018.18994,2.38095e-05,2.38095e-05,2.38095e-05,2.38095e-05,2.38095e-05,2.38095e-05,2.38095e-05,2.38095e-05,63.68,63.72,63.12,63.17,7283200,63.68,63.72,63.12,63.17,7283200,441.0,444.54999,438.70999,441.81,3973400,460.60001,462.48001,455.0,461.049988,1746200,460.60001,462.48001,455.0,461.049988,1746200,71.78,71.91,72.56,70.64,262870.0,-0.18,18.67,19.15,18.040001,18.2,93004400,404.17999,406.54001,403.57001,405.34,62598000,81.74,81.99,79.67,80.28,19011800,81.74,81.99,79.67,80.28,19011800,469.48999,470.70001,467.42999,469.32999,141319300,469.48999,470.70001,467.42999,469.32999,141319300,33.07,33.13,32.86,32.87,1968800,3.915,3.93,3.973,3.894,3.915,3.93,3.973,3.894
2023-12-18,41348.20312,42720.29688,40530.25781,42623.53906,1.089526,1.093004,1.089455,1.089526,2020.094971,2033.70911,2015.995,2026.99792,2020.094971,2033.70911,2015.995,2026.99792,2.38095e-05,2.38095e-05,2.38095e-05,2.38095e-05,2.38095e-05,2.38095e-05,2.38095e-05,2.38095e-05,63.18,63.23,62.86,63.049999,5017600,63.18,63.23,62.86,63.049999,5017600,442.70999,447.26001,442.26999,446.91,1197300,462.26999,466.76001,460.51001,465.42001,757900,462.26999,466.76001,460.51001,465.42001,757900,72.82,72.05,74.61,70.99,354890.0,1.45,18.21,18.575,17.77,17.84,60188100,404.92999,407.98999,404.60001,407.079987,46610000,80.36,81.49,80.36,80.69,7701100,80.36,81.49,80.36,80.69,7701100,470.98001,472.98001,469.89001,471.97,70375300,470.98001,472.98001,469.89001,471.97,70375300,33.14,33.16,33.0,33.080002,910800,3.935,3.931,3.971,3.89,3.935,3.931,3.971,3.89
2023-12-19,42641.51172,43354.29688,41826.33594,42270.52734,1.092383,1.0988,1.091608,1.092383,2027.29504,2047.074097,2021.73657,2040.12085,2027.29504,2047.074097,2021.73657,2040.12085,2.37954e-05,2.38095e-05,2.37954e-05,2.38095e-05,2.37954e-05,2.38095e-05,2.37954e-05,2.38095e-05,63.34,63.58,63.09,63.24,5975500,63.34,63.58,63.09,63.24,5975500,447.67999,448.59,446.14999,447.79001,695000,465.040009,467.32999,462.59,464.16,600000,465.040009,467.32999,462.59,464.16,600000,73.94,72.93,74.45,72.14,230040.0,1.54,17.98,18.19,17.84,17.95,43530300,407.54001,409.28,407.35001,409.16,35711900,80.92,82.66,80.92,82.62,9912600,80.92,82.66,80.92,82.62,9912600,472.53,474.92001,472.45001,474.84,55761800,472.53,474.92001,472.45001,474.84,55761800,33.28,33.47,33.28,33.44,2442600,3.931,3.93,3.952,3.894,3.931,3.93,3.952,3.894
2023-12-20,42261.30078,44275.58594,42223.81641,43652.25,1.098105,1.098105,1.093565,1.098105,2040.34497,2043.94495,2029.18994,2029.18994,2040.34497,2043.94495,2029.18994,2029.18994,2.38095e-05,2.38095e-05,2.37954e-05,2.38095e-05,2.38095e-05,2.38095e-05,2.37954e-05,2.38095e-05,62.73,62.78,61.94,62.049999,11485200,62.73,62.78,61.94,62.049999,11485200,448.040009,448.54999,442.57001,442.60001,1306800,462.70999,463.85001,457.14001,457.16,598400,462.70999,463.85001,457.14001,457.16,598400,74.45,74.31,75.56,73.87,98970.0,0.69,17.87,17.92,17.19,17.25,58666900,408.35001,410.47,402.89999,403.079987,54042400,82.2,82.9,81.56,81.64,6961800,82.2,82.9,81.56,81.64,6961800,473.95999,475.89999,467.82001,468.26001,102921000,473.95999,475.89999,467.82001,468.26001,102921000,32.76,32.87,32.44,32.45,2305300,3.853,3.924,3.924,3.847,3.853,3.924,3.924,3.847
2023-12-21,43648.125,44240.66797,43330.05078,43869.15234,1.094571,1.099977,1.093625,1.094571,2029.44495,2046.067749,2029.44495,2045.49414,2029.44495,2046.067749,2029.44495,2045.49414,2.37954e-05,2.37954e-05,2.37954e-05,2.37954e-05,2.37954e-05,2.37954e-05,2.37954e-05,2.37954e-05,62.73,63.16,62.72,63.13,5742800,62.73,63.16,62.72,63.13,5742800,444.23999,448.10001,444.22,448.019989,637200,458.60001,461.89001,458.29001,459.22,484000,458.60001,461.89001,458.29001,459.22,484000,74.06,73.99,74.78,72.65,81110.0,-0.52,17.53,17.74,17.42,17.59,30493600,407.059998,408.14001,404.47,407.76999,45568900,82.040001,82.99,81.37,82.010002,7732800,82.040001,82.99,81.37,82.010002,7732800,471.32999,472.98001,468.84,472.70001,86667500,471.32999,472.98001,468.84,472.70001,86667500,32.71,32.82,32.61,32.81,1465900,3.892,3.864,3.905,3.829,3.892,3.864,3.905,3.829
2023-12-22,43868.98828,44367.95703,43441.96875,43997.90234,1.10062,1.10406,1.099421,1.10062,2045.84497,2070.64502,2045.64502,2052.9751,2045.84497,2070.64502,2045.64502,2052.9751,2.37954e-05,2.38095e-05,2.37954e-05,2.37954e-05,2.37954e-05,2.38095e-05,2.37954e-05,2.37954e-05,63.31,63.6,63.19,63.33,4500000,63.31,63.6,63.19,63.33,4500000,450.0,451.73999,448.10999,448.22,623600,461.45001,465.42999,461.45001,463.13,362300,461.45001,465.42999,461.45001,463.13,362300,73.73,74.07,75.11,73.55,76790.0,-0.45,17.7,17.7,17.325,17.41,33615000,409.0,409.97,406.48001,408.38,34292400,82.089996,83.86,82.040001,83.23,9768500,82.089996,83.86,82.040001,83.23,9768500,473.85999,475.38,471.70001,473.64999,67126600,473.85999,475.38,471.70001,473.64999,67126600,33.040001,33.080002,32.83,32.92,1361700,3.901,3.888,3.921,3.849,3.901,3.888,3.921,3.849
2023-12-26,43599.84766,43603.17578,41676.48828,42520.40234,1.10203,1.104,1.10096,1.10203,2055.7251,2068.64502,2053.59351,2067.19995,2055.7251,2068.64502,2053.59351,2067.19995,2.37954e-05,2.37954e-05,2.37954e-05,2.37954e-05,2.37954e-05,2.37954e-05,2.37954e-05,2.37954e-05,63.11,63.42,63.060001,63.31,3942900,63.11,63.42,63.060001,63.31,3942900,448.14999,451.44,447.82001,450.17999,516900,462.56,465.76001,462.39999,464.5,420000,462.56,465.76001,462.39999,464.5,420000,75.71,73.74,76.31,73.32,56760.0,2.6,17.44,17.745,17.33,17.68,31750700,409.25,411.56,409.14999,410.88,22722500,83.15,84.3,83.080002,84.050003,4442600,83.15,84.3,83.080002,84.050003,4442600,474.070007,476.57999,473.98999,475.64999,55387000,474.070007,476.57999,473.98999,475.64999,55387000,32.96,33.14,32.91,33.09,1328900,3.897,3.901,3.91,3.876,3.897,3.901,3.91,3.876
2023-12-27,42518.46875,43683.16016,42167.58203,43442.85547,1.1043,1.11225,1.10292,1.1043,2066.69507,2084.58789,2061.0,2076.99512,2066.69507,2084.58789,2061.0,2076.99512,2.38095e-05,2.38095e-05,2.38095e-05,2.38095e-05,2.38095e-05,2.38095e-05,2.38095e-05,2.38095e-05,63.4,63.7,63.39,63.66,4275100,63.4,63.7,63.39,63.66,4275100,448.54999,451.019989,448.41,448.97,699900,462.89999,465.85001,462.60001,464.22,378400,462.89999,465.85001,462.60001,464.22,378400,74.34,75.57,75.81,74.01,80380.0,-1.81,17.78,17.91,17.45,17.47,32918400,410.95001,411.79001,410.079987,411.5,31980500,83.9,84.47,83.7,84.17,5440600,83.9,84.47,83.7,84.17,5440600,475.44,476.66,474.89001,476.51001,68000300,475.44,476.66,474.89001,476.51001,68000300,33.12,33.25,33.09,33.22,779600,3.789,3.9,3.904,3.783,3.789,3.9,3.904,3.783
2023-12-28,43468.19922,43804.78125,42318.55078,42627.85547,1.11086,1.11395,1.1071,1.11086,2077.34497,2088.53882,2065.8938,2066.042236,2077.34497,2088.53882,2065.8938,2066.042236,2.37954e-05,2.37954e-05,2.37954e-05,2.37954e-05,2.37954e-05,2.37954e-05,2.37954e-05,2.37954e-05,64.059998,64.26,63.99,64.040001,4144200,64.059998,64.26,63.99,64.040001,4144200,448.97,451.82999,448.45999,451.23001,741800,463.39999,467.41,463.20001,465.67999,387700,463.39999,467.41,463.20001,465.67999,387700,71.97,74.04,74.62,71.92,94290.0,-3.19,17.46,17.84,17.42,17.56,38990000,412.67001,412.92001,410.94,411.29999,27029200,84.17,84.61,84.089996,84.17,4622700,84.17,84.61,84.089996,84.17,4622700,476.88,477.54999,476.26001,476.69,77158100,476.88,477.54999,476.26001,476.69,77158100,33.099998,33.21,33.029999,33.049999,1086600,3.846,3.8,3.861,3.796,3.846,3.8,3.861,3.796
2023-12-29,42614.64453,43124.32422,41424.0625,42099.40234,1.10682,1.10865,1.10433,1.10682,2065.14502,2075.14502,2057.75,2062.59009,2065.14502,2075.14502,2057.75,2062.59009,2.37954e-05,2.38095e-05,2.37954e-05,2.37954e-05,2.37954e-05,2.38095e-05,2.37954e-05,2.37954e-05,64.11,64.28,63.96,64.14,7236500,64.11,64.28,63.96,64.14,7236500,452.0,453.5,451.14999,453.23999,832400,466.20999,468.92999,465.019989,468.14001,403400,466.20999,468.92999,465.019989,468.14001,403400,71.84,72.15,72.8,71.47,63480.0,-0.18,17.52,17.64,17.1,17.17,38805000,411.28,411.64001,407.57999,409.51999,42633400,84.21,84.41,83.78,84.14,4624200,84.21,84.41,83.78,84.14,4624200,476.48999,477.029999,473.29999,475.31,122234100,476.48999,477.029999,473.29999,475.31,122234100,33.049999,33.13,32.94,33.049999,1717900,3.866,3.844,3.898,3.832,3.866,3.844,3.898,3.832
2024-01-02,44187.14062,45899.70703,44176.94922,44957.96875,1.10387,1.10461,1.0942,1.10387,2062.90479,2079.02002,2056.044922,2058.5105,2062.90479,2079.02002,2056.044922,2058.5105,2.38095e-05,2.38095e-05,2.38095e-05,2.38095e-05,2.38095e-05,2.38095e-05,2.38095e-05,2.38095e-05,63.57,63.95,63.44,63.56,6828000,63.57,63.95,63.44,63.56,6828000,454.29999,462.049988,454.29999,456.12,1206500,469.19,476.35999,467.26999,470.089996,742500,469.19,476.35999,467.26999,470.089996,742500,70.62,71.9,73.8,70.32,108520.0,-1.88,16.95,16.95,16.5,16.58,41626700,405.84,406.089996,400.23999,402.59,58026900,84.050003,86.019997,83.96,85.22,10455600,84.050003,86.019997,83.96,85.22,10455600,472.16,473.67001,470.48999,472.64999,123623700,472.16,473.67001,470.48999,472.64999,123623700,32.7,32.9,32.66,32.74,1978800,3.941,3.899,4.023,3.881,3.941,3.899,4.023,3.881
2024-01-04,42855.81641,44770.02344,42675.17578,44179.92188,1.092777,1.097021,1.091703,1.092777,2041.34497,2051.39502,2036.245,2043.26465,2041.34497,2051.39502,2036.245,2043.26465,2.3793e-05,2.38095e-05,2.37558e-05,2.38095e-05,2.3793e-05,2.38095e-05,2.37558e-05,2.38095e-05,63.049999,63.45,63.0099983,63.060001,3649500,63.049999,63.45,63.0099983,63.060001,3649500,462.31,463.95001,457.76999,457.87,1087700,481.31,483.78,471.64999,471.73001,791600,481.31,483.78,471.64999,471.73001,791600,72.36,73.2,74.12,71.24,144600.0,-0.73,16.049999,16.58,15.95,16.25,39937700,396.44,399.59,396.059998,396.28,39432800,85.99,86.59,85.34,85.41,6656500,85.99,86.59,85.34,85.41,6656500,468.29999,470.95999,467.049988,467.28,84232200,468.29999,470.95999,467.049988,467.28,84232200,32.82,33.02,32.81,32.84,1264900,4.003,3.914,4.006,3.901,4.003,3.914,4.006,3.901
2024-01-05,44192.98047,44353.28516,42784.71875,44162.69141,1.094739,1.099638,1.087985,1.094739,2043.69495,2064.026855,2024.495,2045.49561,2043.69495,2064.026855,2024.495,2045.49561,2.37954e-05,2.37954e-05,2.37954e-05,2.37954e-05,2.37954e-05,2.37954e-05,2.37954e-05,2.37954e-05,63.56,64.19,63.46,63.53,6507200,63.56,64.19,63.46,63.53,6507200,460.040009,460.10999,453.26999,456.5,705300,472.72,472.72,467.20001,469.89001,511500,472.72,472.72,467.20001,469.89001,511500,73.86,72.51,74.3,72.35,164950.0,2.07,15.7,16.128,15.664,15.98,57628800,396.45001,399.56,395.34,396.75,44867900,85.76,85.76,84.86,85.38,6796100,85.76,85.76,84.86,85.38,6796100,467.48999,470.44,466.42999,467.92001,86060800,467.48999,470.44,466.42999,467.92001,86060800,32.75,33.080002,32.74,32.82,2192700,4.051,4.003,4.103,3.953,4.051,4.003,4.103,3.953
2024-01-08,43948.70703,47218.0,43244.08203,46970.50391,1.094224,1.097815,1.092454,1.094224,2044.084961,2046.7135,2016.84497,2027.84302,2044.084961,2046.7135,2016.84497,2027.84302,2.38095e-05,2.38095e-05,2.38095e-05,2.38095e-05,2.38095e-05,2.38095e-05,2.38095e-05,2.38095e-05,63.68,64.48,63.57,64.46,5785500,63.68,64.48,63.57,64.46,5785500,454.41,458.69,453.53,458.60001,716000,466.029999,475.39999,465.20999,475.26001,658900,466.029999,475.39999,465.20999,475.26001,658900,70.92,73.6,73.98,70.25,193270.0,-3.98,16.22,16.89,16.14,16.67,49090000,397.98999,405.23999,397.84,404.95001,42473800,84.91,86.18,84.72,85.84,7625700,84.91,86.18,84.72,85.84,7625700,468.42999,474.75,468.29999,474.60001,74879100,468.42999,474.75,468.29999,474.60001,74879100,32.88,33.13,32.81,33.12,1012700,4.027,4.061,4.068,3.966,4.027,4.061,4.068,3.966
2024-01-09,46987.64062,47893.69922,45244.71484,46139.73047,1.09517,1.096732,1.091262,1.09517,2028.39502,2042.094971,2026.11401,2029.59485,2028.39502,2042.094971,2026.11401,2029.59485,2.38095e-05,2.38095e-05,2.38095e-05,2.38095e-05,2.38095e-05,2.38095e-05,2.38095e-05,2.38095e-05,64.040001,64.24,63.97,64.07,5218800,64.040001,64.24,63.97,64.07,5218800,458.54999,458.60999,453.26999,456.29001,732900,475.29999,477.82001,470.0,472.23001,617500,475.29999,477.82001,470.0,472.23001,617500,72.29,70.92,72.99,70.63,204370.0,1.93,16.51,16.63,16.28,16.39,35794500,401.91,406.69,401.70999,405.75,39132900,85.76,85.98,84.97,85.8,5400500,85.76,85.98,84.97,85.8,5400500,471.87,474.92999,471.35001,473.88,65931400,471.87,474.92999,471.35001,473.88,65931400,32.91,32.94,32.77,32.8,1252000,4.015,4.023,4.053,3.996,4.015,4.023,4.053,3.996
2024-01-10,46121.53906,47647.22266,44483.15234,46627.77734,1.093243,1.096972,1.092335,1.093243,2029.94495,2040.44495,2020.44995,2023.40198,2029.94495,2040.44495,2020.44995,2023.40198,2.38095e-05,2.38095e-05,2.38095e-05,2.38095e-05,2.38095e-05,2.38095e-05,2.38095e-05,2.38095e-05,65.23,65.41,65.12,65.22,11832800,65.23,65.41,65.12,65.22,11832800,456.20001,459.66,454.78,455.39999,666100,472.0,477.079987,471.10999,471.95001,499300,472.0,477.079987,471.10999,471.95001,499300,71.44,72.2,73.55,71.09,198040.0,-1.18,16.5,17.030001,16.4,16.79,41254400,406.070007,409.51999,405.17001,408.5,33962800,85.8,86.46,85.66,86.080002,5706500,85.8,86.46,85.66,86.080002,5706500,474.16,477.45001,473.87,476.56,67310600,474.16,477.45001,473.87,476.56,67310600,32.79,32.85,32.75,32.82,1000600,4.03,4.006,4.043,3.979,4.03,4.006,4.043,3.979
2024-01-11,46656.07422,48969.37109,45678.64453,46368.58594,1.097514,1.099143,1.093147,1.097514,2023.745,2039.69495,2013.31909,2028.089966,2023.745,2039.69495,2013.31909,2028.089966,2.38095e-05,2.38095e-05,2.38095e-05,2.38095e-05,2.38095e-05,2.38095e-05,2.38095e-05,2.38095e-05,65.79,65.9,65.26,65.8,9210400,65.79,65.9,65.26,65.8,9210400,456.56,457.79999,449.35999,453.13,784800,472.60999,473.049988,465.32999,467.34,544600,472.60999,473.049988,465.32999,467.34,544600,72.09,71.35,73.81,71.24,240340.0,0.91,16.81,16.93,16.17,16.68,39552400,409.79001,411.20001,404.23999,409.35001,54536200,85.91,86.010002,84.73,85.32,5860100,85.91,86.010002,84.73,85.32,5860100,477.59,478.12,472.26001,476.35001,77940700,477.59,478.12,472.26001,476.35001,77940700,32.86,32.87,32.41,32.65,1464800,3.975,4.028,4.068,3.968,3.975,4.028,4.068,3.968
2024-01-12,46354.79297,46498.13672,41903.76953,42853.16797,1.098165,1.09866,1.093709,1.098165,2028.29504,2062.34668,2027.995,2048.71924,2028.29504,2062.34668,2027.995,2048.71924,2.37954e-05,2.38095e-05,2.37954e-05,2.38095e-05,2.37954e-05,2.38095e-05,2.37954e-05,2.38095e-05,66.54,66.79,66.33,66.43,9226300,66.54,66.79,66.33,66.43,9226300,457.37,463.38,456.53,463.17999,965500,468.76999,481.45999,468.76999,481.079987,701200,468.76999,481.45999,468.76999,481.079987,701200,72.79,73.16,75.28,72.48,244200.0,0.97,16.68,17.059999,16.62,16.76,33861400,410.39999,411.25,408.14999,409.56,39581400,86.56,86.73,85.99,86.33,5269500,86.56,86.73,85.99,86.33,5269500,477.84,478.60001,475.23001,476.67999,57944000,477.84,478.60001,475.23001,476.67999,57944000,32.91,32.96,32.68,32.76,1053400,3.939,3.962,4.007,3.916,3.939,3.962,4.007,3.916
2024-01-16,42499.33594,43566.27344,42085.99609,43154.94531,1.094571,1.094667,1.086708,1.094571,2054.90991,2055.646,2024.29004,2027.58997,2054.90991,2055.646,2024.29004,2027.58997,2.38095e-05,2.38095e-05,2.38095e-05,2.38095e-05,2.38095e-05,2.38095e-05,2.38095e-05,2.38095e-05,66.51,66.58,65.79,65.94,11987500,66.51,66.58,65.79,65.94,11987500,466.26999,466.26999,456.35999,457.84,814900,481.5,482.17001,476.029999,477.89999,734600,481.5,482.17001,476.029999,477.89999,734600,72.52,72.73,73.68,71.39,312940.0,-0.37,16.59,16.74,16.29,16.53,32659300,408.31,411.12,406.82999,409.51999,43903000,86.11,86.28,85.040001,85.5,9568200,86.11,86.28,85.040001,85.5,9568200,475.26001,476.60999,473.059998,474.92999,85014900,475.26001,476.60999,473.059998,474.92999,85014900,32.26,32.28,32.0,32.049999,1678400,4.054,3.986,4.083,3.977,4.054,3.986,4.083,3.977
2024-01-17,43132.10156,43189.89062,42189.30859,42742.65234,1.087879,1.088495,1.08454,1.087879,2027.89502,2033.045044,2001.91003,2005.71936,2027.89502,2033.045044,2001.91003,2005.71936,2.38095e-05,2.38095e-05,2.38095e-05,2.38095e-05,2.38095e-05,2.38095e-05,2.38095e-05,2.38095e-05,64.95,65.14,64.75,65.12,10639400,64.95,65.14,64.75,65.12,10639400,457.67001,462.79001,455.079987,456.47,920800,477.34,482.89999,473.57999,473.88,612100,477.34,482.89999,473.57999,473.88,612100,72.48,72.11,72.86,70.62,348480.0,-0.06,16.26,16.41,16.049999,16.39,30832800,406.17001,407.59,402.92001,407.20999,54386000,85.43,86.81,84.92,85.050003,7669600,85.43,86.81,84.92,85.050003,7669600,471.82001,472.79001,469.87,472.29001,68843900,471.82001,472.79001,469.87,472.29001,68843900,31.61,31.79,31.51,31.76,2066900,4.106,4.062,4.129,4.037,4.106,4.062,4.129,4.037
2024-01-18,42742.3125,42876.34766,40631.17188,41262.05859,1.088578,1.09075,1.084869,1.088578,2006.094971,2023.44727,2005.42505,2022.67041,2006.094971,2023.44727,2005.42505,2022.67041,2.37954e-05,2.38095e-05,2.37954e-05,2.37954e-05,2.37954e-05,2.38095e-05,2.37954e-05,2.37954e-05,65.39,65.75,65.35,65.73,11142900,65.39,65.75,65.35,65.73,11142900,456.10001,459.98001,453.54001,459.57001,780300,475.14001,476.22,468.51999,474.63,875800,475.14001,476.22,468.51999,474.63,875800,73.95,72.73,74.19,72.1,396280.0,2.03,16.75,16.81,16.1,16.4,35239700,410.51999,413.57999,409.16,412.98999,59562500,85.050003,85.84,84.8,85.47,6594800,85.050003,85.84,84.8,85.47,6594800,474.01001,477.059998,472.42001,476.48999,91856200,474.01001,477.059998,472.42001,476.48999,91856200,31.81,31.95,31.69,31.95,1597500,4.142,4.104,4.154,4.071,4.142,4.104,4.154,4.071
2024-01-19,41278.46094,42134.16016,40297.45703,41618.40625,1.087914,1.089265,1.086827,1.087914,2023.045044,2039.495,2020.36548,2029.089966,2023.045044,2039.495,2020.36548,2029.089966,2.3801e-05,2.38095e-05,2.3801e-05,2.38095e-05,2.3801e-05,2.38095e-05,2.3801e-05,2.38095e-05,65.56,65.9,65.28,65.9,11184400,65.56,65.9,65.28,65.9,11184400,460.56,460.85001,455.95999,457.76001,864800,475.37,475.37,469.35999,470.48001,1369200,475.37,475.37,469.35999,470.48001,1369200,73.25,73.92,74.63,72.99,360030.0,-0.95,16.57,16.78,16.15,16.78,40538700,415.22,421.34,414.63,421.17999,70268500,85.59,85.8,84.43,85.53,7501600,85.59,85.8,84.43,85.53,7501600,477.64999,482.72,476.54001,482.42999,110733300,477.64999,482.72,476.54001,482.42999,110733300,31.84,31.97,31.73,31.96,1650300,4.13,4.152,4.198,4.123,4.13,4.152,4.198,4.123
2024-01-22,41553.65234,41651.20703,39450.11719,39507.36719,1.08923,1.090988,1.088033,1.08923,2029.89502,2032.28369,2016.745,2020.094849,2029.89502,2032.28369,2016.745,2020.094849,2.38095e-05,2.38095e-05,2.38095e-05,2.38095e-05,2.38095e-05,2.38095e-05,2.38095e-05,2.38095e-05,66.56,66.85,66.49,66.68,8696500,66.56,66.85,66.49,66.68,8696500,457.59,460.82999,455.44,458.76001,1216800,469.42001,470.76999,466.29001,466.62,871200,469.42001,470.76999,466.29001,466.62,871200,74.76,73.6,75.46,72.56,372280.0,2.06,17.46,18.35,17.43,17.6,85573900,423.41,424.73001,421.12,421.73001,44880600,85.81,86.18,85.010002,85.019997,14052800,85.81,86.18,85.010002,85.019997,14052800,484.01001,485.22,482.78,483.45001,75844900,484.01001,485.22,482.78,483.45001,75844900,32.0,32.099998,31.93,32.0099983,1673800,4.107,4.136,4.14,4.075,4.107,4.136,4.14,4.075
2024-01-23,39518.71484,40127.35156,38521.89453,39845.55078,1.088021,1.091822,1.082427,1.088021,2021.245,2037.92456,2019.58997,2027.6781,2021.245,2037.92456,2019.58997,2027.6781,2.37954e-05,2.37954e-05,2.37954e-05,2.37954e-05,2.37954e-05,2.37954e-05,2.37954e-05,2.37954e-05,65.9,66.13,65.79,66.089996,7538600,65.9,66.13,65.79,66.089996,7538600,458.59,459.0,433.89001,439.67001,3613500,466.54001,470.89001,464.82001,467.92001,1083800,466.54001,470.89001,464.82001,467.92001,1083800,74.27,74.62,75.1,73.35,107720.0,-0.66,17.64,17.73,17.2,17.33,37794300,422.42999,423.70001,420.57001,423.48001,33003800,88.23,92.38,87.96,89.55,19434800,88.23,92.38,87.96,89.55,19434800,484.01001,485.10999,482.89001,484.85999,49945300,484.01001,485.10999,482.89001,484.85999,49945300,31.91,32.0099983,31.84,32.0,1633700,4.132,4.101,4.155,4.088,4.132,4.101,4.155,4.088
2024-01-24,39877.59375,40483.78516,39508.79688,40077.07422,1.085788,1.093147,1.085187,1.085788,2028.94495,2036.745,2011.28088,2012.58997,2028.94495,2036.745,2011.28088,2012.58997,2.37954e-05,2.38095e-05,2.37954e-05,2.37954e-05,2.37954e-05,2.38095e-05,2.37954e-05,2.37954e-05,66.33,66.56,66.12,66.17,15995500,66.33,66.56,66.12,66.17,15995500,439.51999,443.20001,431.54999,431.64999,1768900,466.62,472.98999,462.81,463.92001,1194800,466.62,472.98999,462.81,463.92001,1194800,74.98,74.47,75.7,73.85,100360.0,0.96,17.51,17.65,16.735,16.75,42710700,427.44,429.85001,425.32999,425.82999,46948000,89.63,90.050003,88.7,89.49,12872300,89.63,90.050003,88.7,89.49,12872300,487.81,488.76999,484.88,485.39001,81765000,487.81,488.76999,484.88,485.39001,81765000,32.29,32.34,32.09,32.099998,2102300,4.18,4.134,4.188,4.086,4.18,4.134,4.188,4.086
2024-01-25,40075.55078,40254.48047,39545.66406,39933.80859,1.088175,1.090037,1.082614,1.088175,2012.84497,2025.26562,2010.14502,2019.75183,2012.84497,2025.26562,2010.14502,2019.75183,2.37954e-05,2.37954e-05,2.37954e-05,2.37954e-05,2.37954e-05,2.37954e-05,2.37954e-05,2.37954e-05,66.22,66.22,65.72,65.92,11018600,66.22,66.22,65.72,65.92,11018600,430.0,433.94,425.75,431.040009,1813900,446.60001,449.0,426.0,434.54999,2293200,446.60001,449.0,426.0,434.54999,2293200,77.19,75.3,77.32,75.05,89280.0,2.95,16.92,17.0,16.31,16.46,44589000,428.35999,429.040009,423.98001,426.35001,44367200,90.25,91.11,89.58,90.94,10584600,90.25,91.11,89.58,90.94,10584600,487.57999,488.31,485.39001,488.029999,72525000,487.57999,488.31,485.39001,488.029999,72525000,32.21,32.27,32.060001,32.27,1589600,4.12,4.184,4.195,4.12,4.12,4.184,4.195,4.12
2024-01-26,39936.81641,42209.38672,39825.69141,41816.87109,1.084705,1.088329,1.081338,1.084705,2019.94495,2026.79504,2015.96948,2018.33997,2019.94495,2026.79504,2015.96948,2018.33997,2.38095e-05,2.38095e-05,2.3801e-05,2.38095e-05,2.38095e-05,2.38095e-05,2.3801e-05,2.38095e-05,65.4,65.62,65.31,65.39,6299800,65.4,65.62,65.31,65.39,6299800,431.97,433.42001,426.70999,429.91,1260500,435.73999,439.26999,431.51999,437.95999,1147600,435.73999,439.26999,431.51999,437.95999,1147600,77.86,77.1,78.09,75.92,135880.0,0.87,16.4,16.75,16.34,16.35,28612200,424.44,426.20999,423.14999,423.81,37137000,90.69,91.22,90.14,90.41,5987400,90.69,91.22,90.14,90.41,5987400,487.59,489.12,486.54001,487.41,76641600,487.59,489.12,486.54001,487.41,76641600,32.69,32.76,32.57,32.64,1520200,4.139,4.113,4.166,4.093,4.139,4.113,4.166,4.093
2024-01-29,42030.91406,43305.86719,41818.33203,43288.24609,1.084352,1.084975,1.079715,1.084352,2019.39502,2037.74939,2017.38379,2031.74878,2019.39502,2037.74939,2017.38379,2031.74878,2.38095e-05,2.38095e-05,2.38095e-05,2.38095e-05,2.38095e-05,2.38095e-05,2.38095e-05,2.38095e-05,65.87,66.29,65.75,66.17,8571500,65.87,66.29,65.75,66.17,8571500,431.0,432.029999,425.57001,428.01001,1903300,440.0,442.56,435.14999,438.31,857100,440.0,442.56,435.14999,438.31,857100,76.67,78.72,79.09,76.3,103540.0,-1.53,16.45,17.11,16.43,17.09,35987800,424.26999,428.35001,423.60999,428.14999,38694700,90.44,90.68,89.7,90.080002,8488700,90.44,90.68,89.7,90.080002,8488700,487.73001,491.42001,487.17001,491.26999,61322800,487.73001,491.42001,487.17001,491.26999,61322800,32.57,32.72,32.49,32.7,1158100,4.076,4.139,4.145,4.059,4.076,4.139,4.145,4.059
2024-01-30,43300.22656,43838.94531,42711.37109,42952.60938,1.083447,1.085564,1.081268,1.083447,2031.96997,2048.47534,2029.18994,2036.11511,2031.96997,2048.47534,2029.18994,2036.11511,2.37954e-05,2.38095e-05,2.37954e-05,2.37954e-05,2.37954e-05,2.38095e-05,2.37954e-05,2.37954e-05,66.019997,66.07,65.81,65.93,8448000,66.019997,66.07,65.81,65.93,8448000,431.26999,431.85001,427.78,431.67999,1016400,443.0,445.059998,437.32999,443.5,2324800,443.0,445.059998,437.32999,443.5,2324800,77.65,76.75,77.95,75.73,118710.0,1.28,17.040001,17.24,16.66,16.74,36388200,427.10001,427.67999,424.38,425.29999,36739000,90.16,91.089996,90.059998,90.6,9073500,90.16,91.089996,90.059998,90.6,9073500,490.56,491.62,490.10999,490.89001,58618400,490.56,491.62,490.10999,490.89001,58618400,32.69,32.78,32.58,32.77,1768100,4.036,4.078,4.103,4.034,4.036,4.078,4.103,4.034
2024-01-31,42946.25,43717.40625,42298.94531,42582.60547,1.08434,1.088566,1.080766,1.08434,2036.57996,2056.078369,2031.001831,2037.18994,2036.57996,2056.078369,2031.001831,2037.18994,2.38095e-05,2.38095e-05,2.38095e-05,2.38095e-05,2.38095e-05,2.38095e-05,2.38095e-05,2.38095e-05,66.55,66.91,66.07,66.21,11841400,66.55,66.91,66.07,66.21,11841400,432.35001,433.72,429.059998,429.41,1120100,445.38,449.70001,444.54001,446.76001,3213800,445.38,449.70001,444.54001,446.76001,3213800,75.71,77.66,77.91,75.38,104940.0,-2.5,16.41,16.76,16.07,16.09,43582500,420.85001,422.87,416.79001,416.97,64010600,90.86,91.86,90.69,91.12,5560700,90.86,91.86,90.69,91.12,5560700,488.62,489.079987,482.85999,482.88,126011100,488.62,489.079987,482.85999,482.88,126011100,32.85,32.91,32.37,32.43,1748300,3.918,4.04,4.043,3.912,3.918,4.04,4.043,3.912
2024-02-01,42569.76172,43243.16797,41879.19141,43075.77344,1.080392,1.086555,1.078028,1.080392,2037.59497,2065.41968,2029.55005,2054.090088,2037.59497,2065.41968,2029.55005,2054.090088,2.3801e-05,2.38095e-05,2.3801e-05,2.3801e-05,2.3801e-05,2.38095e-05,2.3801e-05,2.3801e-05,66.54,66.94,66.29,66.92,8340200,66.54,66.94,66.29,66.92,8340200,430.23001,431.76999,426.70001,429.76999,1175000,446.76999,447.76999,442.70001,446.22,2179400,446.76999,447.76999,442.70001,446.22,2179400,73.79,75.54,76.75,73.68,238840.0,-2.54,16.21,16.487,16.030001,16.33,40454400,418.79001,422.38,417.81,421.88,51008600,91.7,92.18,90.76,92.17,13827100,91.7,92.18,90.76,92.17,13827100,484.63,489.23001,483.79999,489.20001,91891600,484.63,489.23001,483.79999,489.20001,91891600,32.55,32.8,32.47,32.78,2707600,3.882,3.931,3.958,3.816,3.882,3.931,3.958,3.816
2024-02-02,43077.64062,43422.48828,42584.33594,43185.85938,1.087465,1.0898,1.078307,1.087465,2055.094971,2058.19507,2027.44995,2038.58997,2055.094971,2058.19507,2027.44995,2038.58997,2.38095e-05,2.38095e-05,2.38095e-05,2.38095e-05,2.38095e-05,2.38095e-05,2.38095e-05,2.38095e-05,66.29,66.53,66.080002,66.51,8473400,66.29,66.53,66.080002,66.51,8473400,428.14001,428.89999,424.38,425.97,973400,445.78,447.73999,441.5,446.57999,1616400,445.78,447.73999,441.5,446.57999,1616400,72.3,73.9,74.46,71.84,216060.0,-2.02,16.34,17.02,16.145,17.02,56983900,423.79999,430.23999,422.79001,429.01001,59582300,92.24,92.7,91.45,91.98,6065000,92.24,92.7,91.45,91.98,6065000,489.64999,496.049988,489.29999,494.35001,99147700,489.64999,496.049988,489.29999,494.35001,99147700,32.51,32.53,32.33,32.46,1565700,4.024,3.876,4.054,3.873,4.024,3.876,4.054,3.873
2024-02-05,42577.62109,43494.25,42264.81641,42658.66797,1.078004,1.078749,1.072466,1.078004,2039.90503,2042.3241,2014.40002,2024.67065,2039.90503,2042.3241,2014.40002,2024.67065,2.37954e-05,2.37954e-05,2.37954e-05,2.37954e-05,2.37954e-05,2.37954e-05,2.37954e-05,2.37954e-05,66.26,66.41,65.92,66.19,9790800,66.26,66.41,65.92,66.19,9790800,424.0,424.37,419.82999,421.70001,1379600,443.92999,445.82001,440.23999,442.28,1656000,443.92999,445.82001,440.23999,442.28,1656000,72.85,72.7,73.3,71.49,151300.0,0.76,17.56,17.87,16.48,16.72,167698300,429.070007,429.60999,425.0,428.45001,39889200,91.26,92.65,90.89,92.24,6764600,91.26,92.65,90.89,92.24,6764600,493.70001,494.38,490.23001,492.54999,75757100,493.70001,494.38,490.23001,492.54999,75757100,32.23,32.25,32.040001,32.18,2209900,4.162,4.054,4.177,4.049,4.162,4.054,4.177,4.049
2024-02-06,42657.39062,43344.14844,42529.01953,43084.67188,1.074183,1.07631,1.072455,1.074183,2024.995,2039.02002,2022.55005,2035.46228,2024.995,2039.02002,2022.55005,2035.46228,2.38095e-05,2.38095e-05,2.38039e-05,2.38095e-05,2.38095e-05,2.38095e-05,2.38039e-05,2.38095e-05,65.81,66.18,65.8,66.18,9294500,65.81,66.18,65.8,66.18,9294500,421.98001,429.019989,420.35999,426.95001,1065700,442.0,449.92001,440.94,448.17001,587900,442.0,449.92001,440.94,448.17001,587900,73.37,72.81,73.88,72.48,123620.0,0.71,20.3,22.18,19.76,21.87,420501900,429.60999,430.22,425.22,427.59,35846100,91.45,92.67,91.19,92.28,4718000,91.45,92.67,91.19,92.28,4718000,493.51999,494.32001,492.049988,493.98001,55918600,493.51999,494.32001,492.049988,493.98001,55918600,32.39,32.66,32.39,32.65,2541000,4.09,4.146,4.171,4.079,4.09,4.146,4.171,4.079
2024-02-07,43090.01953,44341.94922,42775.95703,44318.22266,1.07572,1.078435,1.075639,1.07572,2035.89502,2044.65491,2030.64502,2034.21863,2035.89502,2044.65491,2030.64502,2034.21863,2.38039e-05,2.38095e-05,2.38039e-05,2.38039e-05,2.38039e-05,2.38095e-05,2.38039e-05,2.38039e-05,66.52,66.64,66.41,66.56,9171300,66.52,66.64,66.41,66.56,9171300,426.54001,430.29001,426.54001,430.10001,980700,448.17001,453.92999,448.17001,453.89999,748100,448.17001,453.92999,448.17001,453.89999,748100,73.91,73.53,74.25,73.29,133420.0,0.74,21.6,23.87,21.38,23.6,254911100,430.41,432.82999,429.089996,431.98999,37712700,92.58,92.81,91.82,91.93,4625200,92.58,92.81,91.82,91.93,4625200,496.29001,498.53,495.35999,498.10001,70556500,496.29001,498.53,495.35999,498.10001,70556500,32.51,32.56,32.38,32.45,4344800,4.115,4.102,4.135,4.065,4.115,4.102,4.135,4.065
2024-02-08,44332.125,45575.83984,44332.125,45301.56641,1.077575,1.078981,1.07431,1.077575,2034.54504,2038.94495,2019.75,2033.17786,2034.54504,2038.94495,2019.75,2033.17786,2.38095e-05,2.38095e-05,2.38095e-05,2.38095e-05,2.38095e-05,2.38095e-05,2.38095e-05,2.38095e-05,66.3,66.4,65.96,66.39,6381900,66.3,66.4,65.96,66.39,6381900,429.35999,429.75,425.73001,427.0,972200,452.85999,454.14999,449.81,451.22,527800,452.85999,454.14999,449.81,451.22,527800,76.19,74.12,76.49,73.65,229890.0,3.08,23.96,25.059999,23.32,24.51,212671100,432.10999,433.56,431.42001,432.79001,29889900,91.85,92.39,90.93,91.040001,6197500,91.85,92.39,90.93,91.040001,6197500,498.10001,498.70999,497.26001,498.32001,52343600,498.10001,498.70999,497.26001,498.32001,52343600,32.28,32.34,32.17,32.32,3087600,4.158,4.106,4.173,4.088,4.158,4.106,4.173,4.088
2024-02-09,45297.38281,48152.49609,45260.82422,47147.19922,1.077726,1.079447,1.076391,1.077726,2033.64502,2037.44495,2020.30115,2024.15698,2033.64502,2037.44495,2020.30115,2024.15698,2.3801e-05,2.3801e-05,2.3801e-05,2.3801e-05,2.3801e-05,2.3801e-05,2.3801e-05,2.3801e-05,66.35,66.65,66.28,66.63,7062200,66.35,66.65,66.28,66.63,7062200,427.53,427.67001,424.47,426.5,1038600,452.10999,455.56,450.51999,454.92001,906700,452.10999,455.56,450.51999,454.92001,906700,76.77,76.32,77.17,75.88,172000.0,0.76,25.040001,25.11,23.57,24.38,149062000,433.94,437.85001,433.14001,437.049988,36943900,91.13,91.61,90.33,90.51,5948100,91.13,91.61,90.33,90.51,5948100,498.84,501.64999,498.48999,501.20001,63979400,498.84,501.64999,498.48999,501.20001,63979400,32.21,32.26,32.09,32.25,3668100,4.177,4.154,4.195,4.125,4.177,4.154,4.195,4.125
2024-02-12,48296.38672,50280.47656,47745.76172,49958.22266,1.07982,1.080544,1.075766,1.07982,2024.52502,2028.094971,2011.91003,2019.79004,2024.52502,2028.094971,2011.91003,2019.79004,2.38095e-05,2.38095e-05,2.38095e-05,2.38095e-05,2.38095e-05,2.38095e-05,2.38095e-05,2.38095e-05,66.79,67.2,66.77,66.97,4820800,66.79,67.2,66.77,66.97,4820800,426.75,430.54999,426.0,428.070007,1007200,455.0,455.64001,451.31,451.47,723400,455.0,455.64001,451.31,451.47,723400,76.82,76.54,77.0,75.49,169640.0,0.07,23.91,25.525,23.82,25.049999,108173000,436.94,439.14001,434.64999,435.34,33203300,90.51,91.91,90.23,91.14,5483500,90.51,91.91,90.23,91.14,5483500,501.17001,503.5,500.23999,500.98001,56502300,501.17001,503.5,500.23999,500.98001,56502300,32.099998,32.23,32.080002,32.2,1864800,4.179,4.183,4.197,4.146,4.179,4.183,4.197,4.146
2024-02-13,49941.35938,50358.39062,48406.49609,49742.44141,1.077226,1.079564,1.070205,1.077226,2019.89502,2030.045044,1990.18787,1992.13306,2019.89502,2030.045044,1990.18787,1992.13306,2.38095e-05,2.38095e-05,2.3801e-05,2.38095e-05,2.38095e-05,2.38095e-05,2.3801e-05,2.38095e-05,67.15,67.25,66.51,66.74,6513600,67.15,67.25,66.51,66.74,6513600,429.34,431.89999,423.23999,426.51999,1089300,453.76001,455.57999,443.14999,446.17001,1020200,453.76001,455.57999,443.14999,446.17001,1020200,77.56,76.9,78.1,76.77,253500.0,0.96,23.53,24.66,23.31,24.01,102293300,427.28,431.26999,425.32999,428.54999,64491700,91.2,91.72,89.86,90.59,6039600,91.2,91.72,89.86,90.59,6039600,494.53,497.089996,490.72,494.079987,113099200,494.53,497.089996,490.72,494.079987,113099200,31.87,31.91,31.58,31.68,2211300,4.326,4.179,4.328,4.15,4.326,4.179,4.328,4.15
2024-02-14,49733.44531,52021.37109,49296.83203,51826.69531,1.070893,1.073445,1.069553,1.070893,1992.54504,1996.14478,1984.29504,1992.39001,1992.54504,1996.14478,1984.29504,1992.39001,2.38067e-05,2.38095e-05,2.38067e-05,2.38067e-05,2.38067e-05,2.38095e-05,2.38067e-05,2.38067e-05,66.79,67.019997,66.65,67.0,7384000,66.79,67.019997,66.65,67.0,7384000,427.67999,428.5,413.92001,418.19,2503800,447.5,450.0,443.0,446.37,1002200,447.5,450.0,443.0,446.37,1002200,76.36,77.48,78.43,76.12,276330.0,-1.55,24.15,25.5,23.755,25.19,97227900,431.26001,433.64999,428.88,433.22,45092700,90.96,91.6,90.86,91.39,6677900,90.96,91.6,90.86,91.39,6677900,496.79001,499.070007,494.39999,498.57001,68387800,496.79001,499.070007,494.39999,498.57001,68387800,31.96,32.029999,31.87,32.029999,1521700,4.261,4.328,4.332,4.246,4.261,4.328,4.332,4.246
2024-02-15,51836.78516,52820.06641,51371.62891,51938.55469,1.073215,1.078632,1.072524,1.073215,1992.69495,2008.495,1990.2511,2004.087524,1992.69495,2008.495,1990.2511,2004.087524,2.38095e-05,2.38095e-05,2.38095e-05,2.38095e-05,2.38095e-05,2.38095e-05,2.38095e-05,2.38095e-05,67.2,67.7,67.17,67.64,8261900,67.2,67.7,67.17,67.64,8261900,418.57999,423.35001,418.57999,423.12,1136700,447.25,451.66,446.45001,450.0,974700,447.25,451.66,446.45001,450.0,974700,77.59,76.33,78.07,75.52,342330.0,1.61,25.040001,25.46,24.71,25.41,70544300,433.92001,434.98001,431.32999,434.51001,38796100,91.41,92.25,91.3,91.79,5267200,91.41,92.25,91.3,91.79,5267200,499.29001,502.20001,498.79999,502.01001,61683000,499.29001,502.20001,498.79999,502.01001,61683000,32.07,32.38,32.07,32.37,1427100,4.234,4.255,4.257,4.187,4.234,4.255,4.257,4.187
2024-02-16,51937.72656,52537.96875,51641.36719,52160.20312,1.077389,1.078051,1.073445,1.077389,2004.39502,2015.25439,1995.255,2013.10083,2004.39502,2015.25439,1995.255,2013.10083,2.38067e-05,2.38095e-05,2.38067e-05,2.38067e-05,2.38067e-05,2.38095e-05,2.38067e-05,2.38067e-05,67.58,67.94,67.43,67.63,12440400,67.58,67.94,67.43,67.63,12440400,423.12,425.16,422.54001,424.070007,805500,450.37,452.87,448.01001,450.95999,1016300,450.37,452.87,448.01001,450.95999,1016300,78.46,77.63,78.52,76.69,451360.0,1.12,24.96,25.495,24.39,24.44,65212100,434.89001,434.98999,429.85001,430.57001,53661500,91.35,92.089996,90.95,91.010002,4949100,91.35,92.089996,90.95,91.010002,4949100,501.70001,502.87,498.75,499.51001,75461200,501.70001,502.87,498.75,499.51001,75461200,32.61,32.8,32.54,32.68,2465800,4.281,4.238,4.33,4.236,4.281,4.238,4.33,4.236
2024-02-20,51777.72656,52945.05078,50792.3125,52284.875,1.07754,1.083858,1.076252,1.07754,2017.995,2030.96326,2015.021606,2023.52783,2017.995,2030.96326,2015.021606,2023.52783,2.38095e-05,2.38095e-05,2.38095e-05,2.38095e-05,2.38095e-05,2.38095e-05,2.38095e-05,2.38095e-05,67.98,68.080002,67.67,67.93,6052000,67.98,68.080002,67.67,67.93,6052000,425.19,428.29001,423.76999,424.26999,1363900,453.22,460.54001,452.85001,453.91,1367700,453.22,460.54001,452.85001,453.91,1367700,77.04,78.34,78.56,76.8,435240.0,-1.37,23.84,24.0,22.715,23.4,93374300,428.54999,430.079987,423.5,427.32001,53999500,91.5,92.29,90.58,90.98,6023700,91.5,92.29,90.58,90.98,6023700,497.72,498.41,494.45001,496.76001,71736700,497.72,498.41,494.45001,496.76001,71736700,32.93,32.96,32.8,32.86,1827100,4.275,4.317,4.319,4.244,4.275,4.317,4.319,4.244
2024-02-21,52273.53516,52368.81641,50671.75781,51839.17969,1.081315,1.082251,1.079191,1.081315,2023.79504,2032.2157,2020.19495,2024.98999,2023.79504,2032.2157,2020.19495,2024.98999,2.3801e-05,2.38095e-05,2.3801e-05,2.3801e-05,2.3801e-05,2.38095e-05,2.3801e-05,2.3801e-05,67.78,67.98,67.57,67.79,5552400,67.78,67.98,67.57,67.79,5552400,426.20999,428.22,424.37,427.54999,970000,454.67999,461.089996,453.76001,460.0,1284700,454.67999,461.089996,453.76001,460.0,1284700,77.31,76.74,77.45,75.95,133710.0,0.35,22.3,22.93,22.29,22.74,60411500,424.54999,425.70001,421.63,425.60999,50179700,90.97,91.45,90.010002,90.21,13187600,90.97,91.45,90.010002,90.21,13187600,495.42001,497.37,493.56,497.20999,59603800,495.42001,497.37,493.56,497.20999,59603800,32.59,32.66,32.51,32.65,2208500,4.319,4.283,4.331,4.25,4.319,4.283,4.331,4.25
2024-02-22,51854.64453,52009.61328,50926.29297,51304.97266,1.08204,1.088625,1.080509,1.08204,2025.245,2034.84497,2019.69995,2024.11243,2025.245,2034.84497,2019.69995,2024.11243,2.3801e-05,2.38095e-05,2.3801e-05,2.3801e-05,2.3801e-05,2.38095e-05,2.3801e-05,2.3801e-05,68.78,68.97,68.64,68.9,8163300,68.78,68.97,68.64,68.9,8163300,425.089996,429.48001,423.82999,428.89001,1236900,458.67999,459.44,451.51001,457.049988,1801300,458.67999,459.44,451.51001,457.049988,1801300,77.93,77.46,78.17,76.62,145390.0,0.8,23.77,23.95,23.049999,23.59,64458200,434.48999,439.12,433.70999,438.070007,53887800,89.72,89.83,88.9,89.53,7600000,89.72,89.83,88.9,89.53,7600000,504.01001,508.48999,503.019989,507.5,76402500,504.01001,508.48999,503.019989,507.5,76402500,32.74,32.91,32.67,32.89,4189200,4.331,4.323,4.354,4.295,4.331,4.323,4.354,4.295
2024-02-23,51283.90625,51497.93359,50561.77734,50731.94922,1.082567,1.08394,1.081373,1.082567,2024.495,2041.43274,2015.55005,2035.71765,2024.495,2041.43274,2015.55005,2035.71765,2.38067e-05,2.38067e-05,2.38067e-05,2.38067e-05,2.38067e-05,2.38067e-05,2.38067e-05,2.38067e-05,69.0,69.22,68.97,69.010002,6588200,69.0,69.22,68.97,69.010002,6588200,428.87,431.42999,428.20001,431.12,842200,455.82001,461.56,455.54001,461.10001,574600,455.82001,461.56,455.54001,461.10001,574600,76.08,77.71,77.74,75.89,134050.0,-2.37,23.53,24.07,22.82,22.97,48840800,439.64999,440.59,435.79001,436.78,39853900,89.5,90.49,89.29,90.010002,5810000,89.5,90.49,89.29,90.010002,5810000,509.26999,510.13,507.10001,507.85001,61321800,509.26999,510.13,507.10001,507.85001,61321800,32.92,33.029999,32.89,33.0099983,1301100,4.248,4.343,4.351,4.246,4.248,4.343,4.351,4.246
2024-02-26,51730.53906,54938.17578,50931.03125,54522.40234,1.081958,1.085906,1.081338,1.082005,2034.495,2037.59497,2025.10498,2030.65796,2034.495,2037.59497,2025.10498,2030.65796,2.38095e-05,2.38095e-05,2.38067e-05,2.38067e-05,2.38095e-05,2.38095e-05,2.38067e-05,2.38067e-05,69.27,69.27,68.9,69.0,7376300,69.27,69.27,68.9,69.0,7376300,431.5,432.45001,426.79001,429.17999,980600,462.26999,465.75,458.88,459.34,618600,462.26999,465.75,458.88,459.34,618600,77.09,76.04,77.55,75.5,117050.0,1.33,23.030001,23.88,22.94,23.56,46499500,437.60001,438.60001,436.35999,436.54999,33043200,90.059998,90.85,89.93,90.019997,5293500,90.059998,90.85,89.93,90.019997,5293500,508.29999,508.75,505.85999,505.98999,50386700,508.29999,508.75,505.85999,505.98999,50386700,32.99,32.99,32.84,32.91,1081100,4.281,4.258,4.309,4.217,4.281,4.258,4.309,4.217
2024-02-27,54519.36328,57537.83984,54484.19922,57085.37109,1.085093,1.086614,1.083365,1.085093,2030.995,2039.995,2028.77502,2029.63782,2030.995,2039.995,2028.77502,2029.63782,2.38095e-05,2.38095e-05,2.37954e-05,2.38095e-05,2.38095e-05,2.38095e-05,2.37954e-05,2.38095e-05,69.080002,69.26,69.040001,69.18,8569600,69.080002,69.26,69.040001,69.18,8569600,428.67999,431.23001,426.5,430.42999,887000,457.57999,459.26999,454.0,458.35999,421100,457.57999,459.26999,454.0,458.35999,421100,78.23,77.11,78.33,76.67,98880.0,1.48,23.76,24.62,23.72,24.53,64967400,437.67001,437.98999,435.029999,437.60001,33713200,90.029999,90.48,89.45,90.42,4853900,90.029999,90.48,89.45,90.42,4853900,506.70001,507.16,504.75,506.92999,48854500,506.70001,507.16,504.75,506.92999,48854500,32.85,32.95,32.84,32.93,865300,4.303,4.283,4.321,4.258,4.303,4.283,4.321,4.258
2024-02-28,57071.09766,63913.13281,56738.42578,62504.78906,1.084481,1.084716,1.079867,1.084481,2030.045044,2038.29504,2024.56006,2034.62,2030.045044,2038.29504,2024.56006,2034.62,2.38095e-05,2.38095e-05,2.37954e-05,2.38095e-05,2.38095e-05,2.38095e-05,2.37954e-05,2.38095e-05,68.67,68.83,68.59,68.67,7659000,68.67,68.83,68.59,68.67,7659000,431.88,435.019989,430.84,432.48001,1029300,459.60999,462.079987,457.20999,458.95001,535600,459.60999,462.079987,457.20999,458.95001,535600,77.83,77.88,78.83,77.17,142990.0,-0.51,24.52,24.84,24.245,24.42,47314000,435.42999,436.67001,434.29999,435.26999,32938800,90.41,91.25,89.54,89.92,5626100,90.41,91.25,89.54,89.92,5626100,505.32999,506.85999,504.95999,506.26001,56506600,505.32999,506.85999,504.95999,506.26001,56506600,32.61,32.65,32.51,32.58,1101100,4.266,4.305,4.309,4.264,4.266,4.305,4.309,4.264
2024-02-29,62499.18359,63585.64453,60498.73047,61198.38281,1.083882,1.085588,1.080567,1.083882,2034.92004,2050.79492,2027.75,2043.24414,2034.92004,2050.79492,2027.75,2043.24414,2.37954e-05,2.38095e-05,2.37954e-05,2.37954e-05,2.37954e-05,2.38095e-05,2.37954e-05,2.37954e-05,69.25,69.38,68.82,69.12,7563900,69.25,69.38,68.82,69.12,7563900,429.32999,430.75,427.56,428.23999,1503100,458.38,461.5,455.41,461.019989,927200,458.38,461.5,455.41,461.019989,927200,77.45,77.5,78.35,77.2,154800.0,-0.49,24.81,25.293,24.36,25.08,62753300,438.23001,440.089996,435.019989,439.0,42495200,90.41,90.56,89.25,89.67,5874800,90.41,90.56,89.25,89.67,5874800,508.070007,509.73999,505.35001,508.079987,83924800,508.070007,509.73999,505.35001,508.079987,83924800,32.87,32.89,32.57,32.75,2142100,4.254,4.266,4.319,4.225,4.254,4.266,4.319,4.225
2024-03-01,61168.0625,63155.10156,60802.52734,62440.63281,1.080497,1.084152,1.079925,1.080497,2043.44495,2088.39502,2038.55005,2083.38989,2043.44495,2088.39502,2038.55005,2083.38989,2.38095e-05,2.38095e-05,2.38095e-05,2.38095e-05,2.38095e-05,2.38095e-05,2.38095e-05,2.38095e-05,69.97,70.4,69.82,70.33,8224400,69.97,70.4,69.82,70.33,8224400,427.89999,428.91,424.0,426.45999,1058600,461.0,461.0,453.82001,454.89999,1272600,461.0,461.0,453.82001,454.89999,1272600,79.09,77.49,79.87,77.3,175930.0,2.12,25.3,25.69,24.535,24.93,63090500,439.89999,446.57999,439.84,445.60999,43809200,89.72,90.040001,88.95,89.8,13566500,89.72,90.040001,88.95,89.8,13566500,508.98001,513.28998,508.56,512.84998,76805900,508.98001,513.28998,508.56,512.84998,76805900,32.75,32.92,32.58,32.92,1567900,4.186,4.254,4.296,4.178,4.186,4.254,4.296,4.178
2024-03-04,63137.00391,68537.03125,62386.51953,68330.41406,1.084269,1.086649,1.083858,1.084269,2082.094971,2119.94604,2079.44751,2114.98999,2082.094971,2119.94604,2079.44751,2114.98999,2.38095e-05,2.38095e-05,2.37954e-05,2.37954e-05,2.38095e-05,2.38095e-05,2.37954e-05,2.37954e-05,70.0,70.099998,69.83,69.92,6406600,70.0,70.099998,69.83,69.92,6406600,428.57001,433.88,426.95001,431.94,1271900,456.0,461.23001,455.45001,460.079987,692700,456.0,461.23001,455.45001,460.079987,692700,78.17,79.24,79.53,77.93,154860.0,-1.16,24.4,24.58,23.53,24.040001,64320000,445.60999,446.040009,443.76999,444.019989,34325700,90.089996,90.14,89.14,89.91,6926100,90.089996,90.14,89.14,89.91,6926100,512.030029,514.20001,512.0,512.29999,49799300,512.030029,514.20001,512.0,512.29999,49799300,32.71,32.86,32.71,32.82,1120000,4.217,4.193,4.235,4.189,4.217,4.193,4.235,4.189
2024-03-05,68341.05469,69170.625,59323.91016,63801.19922,1.085517,1.087536,1.084269,1.085517,2115.14502,2142.14502,2110.5249,2127.54541,2115.14502,2142.14502,2110.5249,2127.54541,2.38095e-05,2.38095e-05,2.37954e-05,2.37954e-05,2.38095e-05,2.38095e-05,2.37954e-05,2.37954e-05,70.62,70.77,70.17,70.3,9841700,70.62,70.77,70.17,70.3,9841700,433.73999,436.01001,429.76001,431.98001,1038000,463.23001,464.57999,457.95999,458.26001,1450500,463.23001,464.57999,457.95999,458.26001,1450500,77.41,78.19,78.64,77.05,220430.0,-0.97,23.96,24.409,23.43,23.81,49542300,440.94,440.95001,433.64999,436.049988,57917100,89.71,90.86,89.6,90.059998,6747600,89.71,90.86,89.6,90.059998,6747600,510.23999,510.70001,504.91,507.17999,72855600,510.23999,510.70001,504.91,507.17999,72855600,32.8,32.95,32.74,32.81,1296500,4.151,4.223,4.223,4.112,4.151,4.223,4.223,4.112
2024-03-06,63776.05078,67637.92969,62848.67188,66106.80469,1.0856,1.091405,1.084293,1.0856,2127.94507,2152.29492,2123.6499,2148.29004,2127.94507,2152.29492,2123.6499,2148.29004,2.38095e-05,2.38095e-05,2.37954e-05,2.37954e-05,2.38095e-05,2.38095e-05,2.37954e-05,2.37954e-05,71.34,71.64,71.17,71.37,8644200,71.34,71.64,71.17,71.37,8644200,431.98001,433.81,430.92001,433.48001,775300,458.16,463.84,457.88,461.070007,546100,458.16,463.84,457.88,461.070007,546100,78.41,77.44,79.69,77.25,200040.0,1.29,25.75,26.75,24.53,26.16,207386900,440.32001,441.98999,436.89001,438.79001,46234500,89.86,90.75,89.74,90.26,5563800,89.86,90.75,89.74,90.26,5563800,510.54999,512.070007,508.42001,509.75,68382400,510.54999,512.070007,508.42001,509.75,68382400,33.07,33.16,32.99,33.060001,1343400,4.108,4.155,4.17,4.079,4.108,4.155,4.17,4.079
2024-03-07,66099.74219,68029.92188,65655.53125,66925.48438,1.089954,1.094092,1.086933,1.089954,2148.54492,2164.54492,2144.29175,2159.15869,2148.54492,2164.54492,2144.29175,2159.15869,2.3801e-05,2.3801e-05,2.3801e-05,2.3801e-05,2.3801e-05,2.3801e-05,2.3801e-05,2.3801e-05,71.25,71.43,71.13,71.34,6776600,71.25,71.43,71.13,71.34,6776600,434.0,435.57999,429.48001,429.98999,1085800,459.20999,459.59,454.26001,456.39999,796300,459.20999,459.59,454.26001,456.39999,796300,78.32,78.41,78.89,77.47,215580.0,-0.11,27.01,27.5,26.38,26.46,117519300,442.42001,446.72,440.85999,445.45001,44526700,90.53,91.24,90.029999,90.55,6778500,90.53,91.24,90.029999,90.55,6778500,513.14001,515.89001,509.81,514.81,58652100,513.14001,515.89001,509.81,514.81,58652100,33.32,33.46,33.28,33.41,1378200,4.089,4.104,4.127,4.054,4.089,4.104,4.127,4.054
2024-03-08,66938.09375,70083.05469,66230.45312,68300.09375,1.095014,1.097803,1.092705,1.095014,2159.39502,2195.20361,2154.082275,2177.51001,2159.39502,2195.20361,2154.082275,2177.51001,2.38095e-05,2.38095e-05,2.38067e-05,2.38095e-05,2.38095e-05,2.38095e-05,2.38067e-05,2.38095e-05,71.68,71.76,71.11,71.18,8612300,71.68,71.76,71.11,71.18,8612300,428.5,432.98001,427.57001,432.89999,762800,455.01001,459.89001,453.14001,459.5,475600,455.01001,459.89001,453.14001,459.5,475600,77.5,78.77,79.29,77.05,175730.0,-1.05,27.19,27.28,25.81,26.040001,83969300,445.81,448.64001,438.34,439.019989,71954300,90.28,90.91,90.14,90.88,5726900,90.28,90.91,90.14,90.88,5726900,515.46002,518.21997,511.13,511.72,86425500,515.46002,518.21997,511.13,511.72,86425500,33.43,33.51,33.29,33.33,2823300,4.077,4.09,4.131,4.038,4.077,4.09,4.131,4.038
2024-03-11,69020.54688,72850.71094,67194.88281,72123.90625,1.094296,1.09505,1.091465,1.094296,2177.70508,2189.035889,2174.80005,2182.46997,2177.70508,2189.035889,2174.80005,2182.46997,2.38067e-05,2.38095e-05,2.38067e-05,2.38067e-05,2.38067e-05,2.38095e-05,2.38067e-05,2.38067e-05,69.81,69.89,69.44,69.6,18476800,69.81,69.89,69.44,69.6,18476800,434.31,436.01001,432.60001,434.75,951000,459.48001,462.23999,458.35001,459.25,552500,459.48001,462.23999,458.35001,459.25,552500,77.53,77.24,78.03,76.43,175740.0,0.04,25.89,26.83,25.29,25.35,60829300,437.51001,438.66,435.44,437.39001,45860000,90.19,91.83,90.19,91.4,7273200,90.19,91.83,90.19,91.4,7273200,510.48001,511.88,508.5,511.28,62557200,510.48001,511.88,508.5,511.28,62557200,33.23,33.41,33.13,33.39,1934300,4.098,4.083,4.116,4.052,4.098,4.083,4.116,4.052
2024-03-12,72125.125,72825.65625,68728.85156,71481.28906,1.093135,1.094212,1.090322,1.093135,2182.99512,2184.85547,2150.59497,2157.98999,2182.99512,2184.85547,2150.59497,2157.98999,2.38095e-05,2.38095e-05,2.38095e-05,2.38095e-05,2.38095e-05,2.38095e-05,2.38095e-05,2.38095e-05,69.58,70.040001,69.33,69.98,9823900,69.58,70.040001,69.33,69.98,9823900,432.92001,435.78,432.35001,434.91,825100,456.54999,460.89999,454.53,458.84,1213600,456.54999,460.89999,454.53,458.84,1213600,77.25,77.71,78.31,77.01,178800.0,-0.36,25.57,25.64,24.35,24.7,75202600,439.73001,444.019989,436.45999,443.66,55300900,90.87,91.059998,89.44,89.95,9439800,90.87,91.059998,89.44,89.95,9439800,513.45001,517.38,510.85999,516.78003,73114400,513.45001,517.38,510.85999,516.78003,73114400,33.57,33.66,33.47,33.64,1946900,4.151,4.094,4.172,4.081,4.151,4.094,4.172,4.081
2024-03-13,71482.11719,73637.47656,71334.09375,73083.5,1.092777,1.094931,1.092049,1.092777,2158.24512,2179.91406,2155.54492,2174.3999,2158.24512,2179.91406,2155.54492,2174.3999,2.3801e-05,2.38095e-05,2.3801e-05,2.3801e-05,2.3801e-05,2.38095e-05,2.3801e-05,2.3801e-05,69.2,69.51,69.080002,69.37,8687100,69.2,69.51,69.080002,69.37,8687100,435.70999,437.79001,433.73999,434.60001,987100,458.56,462.20001,458.029999,458.23001,698500,458.56,462.20001,458.029999,458.23001,698500,79.3,77.72,79.46,77.31,209240.0,2.65,24.7,25.44,24.6,25.0,59713000,442.64999,442.67001,439.12,440.25,37928700,90.07,90.72,89.82,90.56,8664500,90.07,90.72,89.82,90.56,8664500,517.10999,517.28998,514.48999,515.96997,55104100,517.10999,517.28998,514.48999,515.96997,55104100,33.7,33.81,33.7,33.76,1498000,4.188,4.147,4.198,4.131,4.188,4.147,4.198,4.131
2024-03-14,73079.375,73750.07031,68563.02344,71396.59375,1.09553,1.09553,1.088412,1.09553,2174.29004,2177.095215,2152.85718,2161.014893,2174.29004,2177.095215,2152.85718,2161.014893,2.37954e-05,2.37954e-05,2.37954e-05,2.37954e-05,2.37954e-05,2.37954e-05,2.37954e-05,2.37954e-05,69.67,69.72,68.82,69.059998,10113800,69.67,69.72,68.82,69.059998,10113800,436.35999,437.60999,433.29999,435.76999,1153600,458.0,461.39001,457.23001,460.85999,669900,458.0,461.39001,457.23001,460.85999,669900,80.74,79.24,81.03,79.15,248800.0,1.82,24.83,24.97,24.14,24.43,49214800,441.5,442.029999,436.39001,439.14001,52195200,92.059998,93.0,91.48,91.76,12161400,92.059998,93.0,91.48,91.76,12161400,516.96997,517.13,511.82001,514.95001,110171800,516.96997,517.13,511.82001,514.95001,110171800,33.71,33.73,33.37,33.5,2515900,4.292,4.19,4.3,4.186,4.292,4.19,4.3,4.186
2024-03-15,71387.875,72357.13281,65630.69531,69403.77344,1.088341,1.090156,1.087382,1.088341,2162.39502,2173.24512,2155.1936,2155.54272,2162.39502,2173.24512,2155.1936,2155.54272,2.38095e-05,2.38095e-05,2.38095e-05,2.38095e-05,2.38095e-05,2.38095e-05,2.38095e-05,2.38095e-05,69.44,69.64,69.27,69.57,11684600,69.44,69.64,69.27,69.57,11684600,433.14999,438.20999,433.14999,435.82001,5151300,457.88,464.39001,457.88,461.75,1000000,457.88,464.39001,457.88,461.75,1000000,80.58,80.58,80.89,80.01,215800.0,-0.2,23.85,24.1,23.42,23.49,61270500,436.070007,438.87,432.73999,433.92001,73038800,91.050003,93.07,91.050003,92.93,35742400,91.050003,93.07,91.050003,92.93,35742400,510.20999,511.70001,508.12,509.82999,107585800,510.20999,511.70001,508.12,509.82999,107585800,33.48,33.52,33.32,33.42,2616000,4.308,4.296,4.322,4.269,4.308,4.296,4.322,4.269
2024-03-18,68371.30469,68897.13281,66594.22656,67548.59375,1.088258,1.09075,1.08808,1.088258,2155.99512,2163.64014,2146.050049,2159.98608,2155.99512,2163.64014,2146.050049,2159.98608,2.37954e-05,2.37954e-05,2.37954e-05,2.37954e-05,2.37954e-05,2.37954e-05,2.37954e-05,2.37954e-05,70.5,70.71,70.29,70.65,17599700,70.5,70.71,70.29,70.65,17599700,435.82001,436.089996,431.67999,433.20001,965300,461.0,463.51999,459.049988,462.39001,540800,461.0,463.51999,459.049988,462.39001,540800,82.16,80.58,82.5,80.56,323920.0,1.96,23.77,24.18,23.32,24.0,44083000,438.73001,441.040009,437.23999,437.48001,47323800,92.84,93.92,92.35,93.46,7075400,92.84,93.92,92.35,93.46,7075400,514.0,515.47998,512.44,512.85999,88893300,514.0,515.47998,512.44,512.85999,88893300,33.44,33.46,33.29,33.33,2006300,4.328,4.308,4.348,4.291,4.328,4.308,4.348,4.291
2024-03-19,67556.13281,68106.92969,61536.17969,61912.77344,1.087394,1.087784,1.083506,1.087394,2160.69507,2162.927,2146.8999,2157.22583,2160.69507,2162.927,2146.8999,2157.22583,2.37954e-05,2.38095e-05,2.37954e-05,2.37954e-05,2.37954e-05,2.38095e-05,2.37954e-05,2.37954e-05,70.59,71.059998,70.5,70.92,7411300,70.59,71.059998,70.5,70.92,7411300,435.25,437.29001,433.98001,437.19,898700,465.0,467.5,462.63,467.48001,726800,465.0,467.5,462.63,467.48001,726800,82.73,82.21,83.12,81.81,341700.0,0.69,23.5,23.83,22.92,23.8,43247200,435.45001,438.98001,433.32999,438.57001,43004100,94.45,95.39,94.029999,94.86,7998800,94.45,95.39,94.029999,94.86,7998800,512.15002,516.0,511.12,515.71002,60755300,512.15002,516.0,511.12,515.71002,60755300,33.27,33.44,33.24,33.38,2456800,4.293,4.328,4.336,4.287,4.293,4.328,4.336,4.287
2024-03-20,61930.15625,68115.25781,60807.78516,67913.67188,1.086331,1.087429,1.083694,1.086331,2158.29492,2188.89502,2149.59937,2185.9585,2158.29492,2188.89502,2149.59937,2185.9585,2.38095e-05,2.38095e-05,2.3801e-05,2.38095e-05,2.38095e-05,2.38095e-05,2.3801e-05,2.38095e-05,71.019997,71.52,70.86,71.47,7308500,71.019997,71.52,70.86,71.47,7308500,437.029999,440.95999,436.56,440.41,845000,468.63,471.41,466.62,470.75,617300,468.63,471.41,466.62,470.75,617300,81.27,82.53,82.65,80.83,351160.0,-1.76,23.77,24.65,23.67,24.57,40273800,439.78,444.10999,438.059998,443.76999,43653500,95.0,95.52,94.34,94.85,7854200,95.0,95.52,94.34,94.85,7854200,515.77002,520.62,515.080017,520.47998,69594600,515.77002,520.62,515.080017,520.47998,69594600,33.31,33.73,33.31,33.73,2208800,4.277,4.285,4.324,4.233,4.277,4.285,4.324,4.233
2024-03-21,67911.58594,68199.99219,64580.91797,65491.39062,1.093721,1.094451,1.085647,1.093721,2185.99512,2222.89502,2166.49512,2180.80713,2185.99512,2222.89502,2166.49512,2180.80713,2.38095e-05,2.38095e-05,2.3801e-05,2.38095e-05,2.38095e-05,2.38095e-05,2.3801e-05,2.38095e-05,71.68,71.93,71.66,71.83,10859900,71.68,71.93,71.66,71.83,10859900,441.35999,443.89001,439.32999,443.16,912100,471.94,473.56,467.29999,467.48999,798000,471.94,473.56,467.29999,467.48999,798000,80.64,81.0,81.38,79.91,115750.0,-0.78,25.3,25.33,24.44,24.49,37099600,448.88,449.34,445.67001,445.87,39345700,95.0,95.49,94.080002,94.26,6477500,95.0,95.49,94.080002,94.26,6477500,523.39001,524.10999,521.90997,522.20001,60256100,523.39001,524.10999,521.90997,522.20001,60256100,33.93,34.040001,33.87,33.88,2350600,4.269,4.273,4.293,4.218,4.269,4.273,4.293,4.218
2024-03-22,65489.92969,66623.75,62355.37109,63778.76172,1.086236,1.086957,1.080906,1.086236,2181.49512,2186.24512,2157.14502,2164.14502,2181.49512,2186.24512,2157.14502,2164.14502,2.3801e-05,2.3801e-05,2.3801e-05,2.3801e-05,2.3801e-05,2.3801e-05,2.3801e-05,2.3801e-05,72.040001,72.07,71.74,71.82,5768000,72.040001,72.07,71.74,71.82,5768000,444.5,446.25,443.67001,445.88,1007600,468.97,471.29001,467.60001,468.75,615400,468.97,471.29001,467.60001,468.75,615400,80.17,80.39,80.97,79.99,103440.0,-0.58,24.2,24.475,24.02,24.18,25354300,445.35001,447.48999,444.48999,446.38,28229300,94.19,95.83,94.19,95.54,6800600,94.19,95.83,94.19,95.54,6800600,522.10999,522.60999,520.96997,521.21002,79023000,522.10999,522.60999,520.96997,521.21002,79023000,33.96,34.0,33.88,33.9,2656800,4.202,4.265,4.269,4.198,4.202,4.265,4.269,4.198
2024-03-25,67234.09375,71162.59375,66414.83594,69958.8125,1.080754,1.084363,1.080264,1.080754,2165.79492,2181.29834,2163.5,2171.45215,2165.79492,2181.29834,2163.5,2171.45215,2.38095e-05,2.38095e-05,2.37954e-05,2.38095e-05,2.38095e-05,2.38095e-05,2.37954e-05,2.38095e-05,70.93,71.18,70.89,70.99,10403300,70.93,71.18,70.89,70.99,10403300,447.85999,448.54999,444.81,446.31,775000,471.32001,472.0,467.91,469.32001,446900,471.32001,472.0,467.91,469.32001,446900,81.38,80.4,81.84,80.13,153140.0,1.51,24.12,24.62,24.049999,24.51,29255900,443.54999,446.26001,442.54001,444.76001,27789200,95.71,96.24,95.27,95.63,5229300,95.71,96.24,95.27,95.63,5229300,519.79999,520.95001,519.60999,519.77002,48512100,519.79999,520.95001,519.60999,519.77002,48512100,33.92,34.060001,33.88,33.88,1110200,4.249,4.198,4.261,4.19,4.249,4.198,4.261,4.19
2024-03-26,69931.32812,71535.74219,69335.60938,69987.83594,1.083823,1.086413,1.082603,1.083823,2171.82495,2200.14502,2167.74512,2178.58374,2171.82495,2200.14502,2167.74512,2178.58374,2.37954e-05,2.38095e-05,2.37954e-05,2.37954e-05,2.37954e-05,2.38095e-05,2.37954e-05,2.37954e-05,71.48,71.58,71.28,71.3,7997800,71.48,71.58,71.28,71.3,7997800,446.5,448.62,445.85999,445.98999,766700,469.5,473.059998,468.60001,469.91,503900,469.5,473.059998,468.60001,469.91,503900,81.04,81.44,81.77,80.63,118750.0,-0.42,24.76,25.47,24.47,24.89,43610500,446.29999,447.23001,443.089996,443.32001,34142000,95.63,96.55,95.58,96.059998,5474300,95.63,96.55,95.58,96.059998,5474300,521.22998,521.58002,518.40002,518.81,65463700,521.22998,521.58002,518.40002,518.81,65463700,34.02,34.029999,33.89,33.91,1883600,4.238,4.243,4.273,4.222,4.238,4.243,4.273,4.222
2024-03-27,69991.89844,71727.6875,68381.92969,69455.34375,1.083236,1.083929,1.081175,1.083236,2179.025146,2197.70508,2173.59497,2194.024902,2179.025146,2197.70508,2173.59497,2194.024902,2.38095e-05,2.38095e-05,2.38095e-05,2.38095e-05,2.38095e-05,2.38095e-05,2.38095e-05,2.38095e-05,71.49,71.61,71.28,71.61,8787000,71.49,71.61,71.28,71.61,8787000,447.88,457.10999,447.85999,456.78,1277700,472.82999,477.89001,471.95999,477.35999,823100,472.82999,477.89001,471.95999,477.35999,823100,80.78,80.71,81.12,79.99,109070.0,-0.32,25.0,25.48,24.26,24.51,38600100,446.44,446.54001,441.92999,444.82999,41359200,96.43,97.5,96.33,97.45,7267800,96.43,97.5,96.33,97.45,7267800,521.71002,523.21002,519.48999,523.16998,82999800,521.71002,523.21002,519.48999,523.16998,82999800,33.86,34.09,33.83,34.09,1676300,4.188,4.238,4.241,4.182,4.188,4.238,4.241,4.182
2024-03-28,69452.77344,71546.02344,68895.50781,70744.95312,1.081338,1.082837,1.077551,1.081338,2194.18994,2235.89502,2187.3313,2232.37573,2194.18994,2235.89502,2187.3313,2232.37573,2.38095e-05,2.38095e-05,2.38095e-05,2.38095e-05,2.38095e-05,2.38095e-05,2.38095e-05,2.38095e-05,71.059998,71.52,71.059998,71.35,11319700,71.059998,71.52,71.059998,71.35,11319700,456.79999,457.10999,453.95001,454.87,1119500,479.0,480.75,478.0,478.66,632500,479.0,480.75,478.0,478.66,632500,82.42,81.11,82.46,80.91,148490.0,2.03,24.17,24.28,22.94,23.01,70008200,444.78,445.64001,443.64999,444.01001,36839600,97.69,98.080002,97.47,97.53,10701000,97.69,98.080002,97.47,97.53,10701000,523.21002,524.60999,522.78003,523.070007,96294900,523.21002,524.60999,522.78003,523.070007,96294900,34.11,34.25,34.11,34.21,6920900,4.206,4.206,4.238,4.183,4.206,4.206,4.238,4.183
2024-04-01,71333.48438,71342.09375,68110.69531,69702.14844,1.079273,1.080147,1.073157,1.079273,2239.59497,2265.85547,2228.54492,2250.35571,2239.59497,2265.85547,2228.54492,2250.35571,2.37954e-05,2.37954e-05,2.37954e-05,2.37954e-05,2.37954e-05,2.37954e-05,2.37954e-05,2.37954e-05,70.27,70.41,70.07,70.28,8227900,70.27,70.41,70.07,70.28,8227900,454.14001,455.35999,451.22,452.79001,717100,478.39001,478.82001,470.92001,471.35001,794700,478.39001,478.82001,470.92001,471.35001,794700,82.82,82.36,83.46,81.84,199890.0,0.49,22.98,23.21,22.4,22.86,41000000,444.97,447.53,443.019989,444.95001,38729000,97.46,98.17,97.14,97.76,9504500,97.46,98.17,97.14,97.76,9504500,523.83002,524.38,520.96997,522.15997,62477500,523.83002,524.38,520.96997,522.15997,62477500,34.25,34.32,34.02,34.099998,3099400,4.317,4.19,4.337,4.188,4.317,4.19,4.337,4.188
2024-04-02,69705.02344,69708.38281,64586.59375,65446.97266,1.073722,1.077877,1.072536,1.073722,2250.87988,2281.1687,2246.78613,2280.095703,2250.87988,2281.1687,2246.78613,2280.095703,2.38095e-05,2.38095e-05,2.38095e-05,2.38095e-05,2.38095e-05,2.38095e-05,2.38095e-05,2.38095e-05,69.88,69.94,69.57,69.92,10632000,69.88,69.94,69.57,69.92,10632000,453.63,455.69,452.56,453.23999,837900,472.089996,473.98999,465.01001,466.35999,801700,472.089996,473.98999,465.01001,466.35999,801700,84.22,83.14,84.56,82.96,197830.0,1.69,22.0,22.79,21.72,22.72,39770600,440.079987,441.42999,438.029999,441.10999,44259700,97.76,98.7,97.58,98.55,6759600,97.76,98.7,97.58,98.55,6759600,518.23999,518.97998,516.47998,518.84003,74230300,518.23999,518.97998,516.47998,518.84003,74230300,33.89,34.029999,33.84,34.02,6116900,4.353,4.305,4.405,4.303,4.353,4.305,4.405,4.303
2024-04-03,65446.67188,66914.32031,64559.89844,65980.8125,1.076855,1.083189,1.076473,1.076855,2279.57495,2301.2207,2265.5,2299.17017,2279.57495,2301.2207,2265.5,2299.17017,2.38095e-05,2.38095e-05,2.37954e-05,2.38095e-05,2.38095e-05,2.38095e-05,2.37954e-05,2.38095e-05,69.87,70.52,69.87,70.4,11686900,69.87,70.52,69.87,70.4,11686900,452.92001,454.14999,447.59,447.89999,758600,465.32999,467.60001,456.81,457.01001,1271600,465.32999,467.60001,456.81,457.01001,1271600,84.61,84.54,85.27,83.99,190900.0,0.46,22.44,23.01,22.38,22.7,30357400,438.95999,444.0,438.95001,442.10001,39949800,97.27,98.059998,97.029999,97.55,15885400,97.27,98.059998,97.029999,97.55,15885400,517.71997,520.95001,517.66998,519.40997,59155800,517.71997,520.95001,517.66998,519.40997,59155800,33.86,34.22,33.85,34.18,2624400,4.351,4.357,4.429,4.343,4.351,4.357,4.429,4.343
2024-04-04,65975.69531,69291.25781,65113.79688,68508.84375,1.083835,1.087583,1.083506,1.083835,2299.62012,2305.30884,2280.14502,2289.42871,2299.62012,2305.30884,2280.14502,2289.42871,2.38095e-05,2.38095e-05,2.38095e-05,2.38095e-05,2.38095e-05,2.38095e-05,2.38095e-05,2.38095e-05,70.79,70.79,69.63,69.67,11481200,70.79,70.79,69.63,69.67,11481200,450.26001,455.98001,447.14999,454.040009,1398300,458.0,464.64999,455.60001,459.48001,2219400,458.0,464.64999,455.60001,459.48001,2219400,85.81,84.82,86.41,83.94,218700.0,1.42,23.82,24.1,22.4,22.48,64995300,446.32999,446.95001,435.10999,435.34,57267700,98.28,99.34,97.9,99.31,13373200,98.28,99.34,97.9,99.31,13373200,523.52002,523.87,512.76001,513.070007,96858100,523.52002,523.87,512.76001,513.070007,96858100,34.51,34.53,33.96,34.029999,3748600,4.307,4.343,4.381,4.299,4.307,4.343,4.381,4.299
2024-04-05,68515.75781,68725.75781,66011.47656,67837.64062,1.083705,1.084846,1.079168,1.083705,2289.87988,2330.34009,2267.85156,2329.5,2289.87988,2330.34009,2267.85156,2329.5,2.37954e-05,2.37954e-05,2.37954e-05,2.37954e-05,2.37954e-05,2.37954e-05,2.37954e-05,2.37954e-05,69.72,70.050003,69.6,69.87,11909900,69.72,70.050003,69.6,69.87,11909900,452.41,455.57001,449.85001,455.38,891500,457.51001,459.019989,452.5,454.5,1448700,457.51001,459.019989,452.5,454.5,1448700,86.1,85.98,86.83,85.62,211840.0,0.34,22.42,23.32,22.307,22.96,38565800,436.78,443.17001,435.95999,440.47,54723000,99.45,101.75,99.45,101.69,10213900,99.45,101.75,99.45,101.69,10213900,514.46002,520.44,514.01001,518.42999,74482100,514.46002,520.44,514.01001,518.42999,74482100,33.94,34.18,33.87,34.16,2838200,4.4,4.309,4.406,4.305,4.4,4.309,4.406,4.305
2024-04-08,69362.55469,72715.35938,69064.24219,71631.35938,1.083048,1.085835,1.082157,1.083048,2321.99512,2354.094971,2302.85742,2338.89087,2321.99512,2354.094971,2302.85742,2338.89087,2.38095e-05,2.38095e-05,2.37954e-05,2.37954e-05,2.38095e-05,2.38095e-05,2.37954e-05,2.37954e-05,70.29,70.51,70.19,70.22,6555400,70.29,70.51,70.19,70.22,6555400,456.0,457.0,452.26999,452.38,751100,456.12,457.95999,454.81,456.35999,1509600,456.12,457.95999,454.81,456.35999,1509600,85.53,85.19,86.21,83.93,207990.0,-0.66,23.08,23.2,22.67,23.0,25022700,441.41,442.5,439.20001,440.60001,28144900,101.69,102.26,101.27,101.88,9901300,101.69,102.26,101.27,101.88,9901300,519.15002,520.17999,517.89001,518.71997,48401800,519.15002,520.17999,517.89001,518.71997,48401800,34.29,34.33,34.16,34.28,3135900,4.422,4.414,4.464,4.406,4.422,4.414,4.464,4.406
2024-04-09,71632.5,71742.50781,68212.92188,69139.01563,1.086366,1.08885,1.084987,1.086366,2339.23999,2365.34497,2336.9397,2352.57666,2339.23999,2365.34497,2336.9397,2352.57666,2.37954e-05,2.37954e-05,2.37954e-05,2.37954e-05,2.37954e-05,2.37954e-05,2.37954e-05,2.37954e-05,70.82,70.82,70.2,70.48,7474900,70.82,70.82,70.2,70.48,7474900,448.69,452.059998,446.17999,447.57001,842800,452.82999,455.10001,450.42999,454.66,855400,452.82999,455.10001,450.42999,454.66,855400,84.46,85.69,86.07,84.29,198560.0,-1.25,23.01,23.087,22.46,22.81,27724500,442.95999,443.23999,437.44,442.23001,39521600,101.07,101.64,100.29,101.6,12904000,101.07,101.64,100.29,101.6,12904000,520.5,520.75,514.34998,519.32001,68124400,520.5,520.75,514.34998,519.32001,68124400,34.43,34.5,34.2,34.34,4143700,4.362,4.426,4.432,4.354,4.362,4.426,4.432,4.354
2024-04-10,69140.24219,71093.42969,67503.5625,70587.88281,1.08593,1.086838,1.073376,1.08593,2352.90991,2360.14917,2319.54492,2332.79443,2352.90991,2360.14917,2319.54492,2332.79443,2.37954e-05,2.38095e-05,2.37954e-05,2.37954e-05,2.37954e-05,2.38095e-05,2.37954e-05,2.37954e-05,69.49,69.68,69.11,69.38,9035000,69.49,69.68,69.11,69.38,9035000,444.69,452.60999,442.84,451.70999,1247700,452.60001,458.76001,449.76999,457.91,983100,452.60001,458.76001,449.76999,457.91,983100,85.44,84.57,85.6,83.86,233960.0,1.16,22.22,22.71,22.01,22.42,28642900,437.0,439.23999,436.28,438.37,61502200,100.92,101.76,100.23,101.36,5532900,100.92,101.76,100.23,101.36,5532900,513.47998,516.15997,512.090027,514.12,82652800,513.47998,516.15997,512.090027,514.12,82652800,34.040001,34.17,33.91,34.09,1528900,4.546,4.366,4.568,4.342,4.546,4.366,4.568,4.342
2024-04-11,70575.73438,71256.23438,69571.8125,70060.60938,1.074172,1.075581,1.070045,1.074172,2333.16992,2377.79736,2325.84497,2373.23779,2333.16992,2377.79736,2325.84497,2373.23779,2.38095e-05,2.38095e-05,2.38095e-05,2.38095e-05,2.38095e-05,2.38095e-05,2.38095e-05,2.38095e-05,69.96,70.11,69.27,69.99,8337200,69.96,70.11,69.27,69.99,8337200,451.5,453.75,448.95001,452.32001,942800,456.59,459.92999,454.78,457.82999,692800,456.59,459.92999,454.78,457.82999,692800,84.45,85.6,85.89,84.25,249970.0,-1.16,22.65,22.91,22.25,22.84,26399400,440.26001,446.32999,437.95999,445.37,45474600,101.35,101.57,99.79,100.78,6786100,101.35,101.57,99.79,100.78,6786100,515.67999,519.47998,512.080017,518.0,70099000,515.67999,519.47998,512.080017,518.0,70099000,34.17,34.17,33.73,34.09,3050500,4.584,4.548,4.593,4.513,4.584,4.548,4.593,4.513
2024-04-12,70061.38281,71222.74219,65254.83594,67195.86719,1.072685,1.072961,1.062372,1.072685,2373.59009,2431.53345,2333.89502,2343.42554,2373.59009,2431.53345,2333.89502,2343.42554,2.38095e-05,2.38095e-05,2.38095e-05,2.38095e-05,2.38095e-05,2.38095e-05,2.38095e-05,2.38095e-05,69.56,69.66,68.99,69.059998,7815300,69.56,69.66,68.99,69.059998,7815300,454.10999,457.98001,450.10999,450.39999,1250100,462.029999,468.20999,455.82001,456.10999,1045500,462.029999,468.20999,455.82001,456.10999,1045500,85.08,85.0,86.97,84.67,245330.0,0.75,22.7,23.2,22.41,22.67,36348800,441.10001,442.23999,436.88,438.26999,53602600,101.72,102.35,99.47,100.099998,7324100,101.72,102.35,99.47,100.099998,7324100,514.37,515.82001,509.079987,510.85001,92469100,514.37,515.82001,509.079987,510.85001,92469100,34.07,34.23,33.68,33.72,1236100,4.517,4.582,4.584,4.483,4.517,4.582,4.584,4.483
2024-04-15,65739.64844,66878.64844,62332.07031,63426.21094,1.064963,1.066553,1.062361,1.064963,2343.86011,2387.59497,2324.59497,2382.50781,2343.86011,2387.59497,2324.59497,2382.50781,2.37954e-05,2.37954e-05,2.37954e-05,2.37954e-05,2.37954e-05,2.37954e-05,2.37954e-05,2.37954e-05,69.64,69.82,68.66,68.77,8202700,69.64,69.82,68.66,68.77,8202700,458.98999,459.29999,451.63,453.079987,2442100,461.95999,464.60999,446.22,451.29001,2007800,461.95999,464.60999,446.22,451.29001,2007800,84.86,84.99,85.5,83.49,253340.0,-0.26,22.79,23.13,21.83,21.9,38182100,442.059998,442.14999,430.20999,431.059998,63453600,101.56,101.82,99.9,100.019997,9636600,101.56,101.82,99.9,100.019997,9636600,515.13,515.29999,503.57999,504.45001,92101400,515.13,515.29999,503.57999,504.45001,92101400,34.07,34.11,33.53,33.62,1792300,4.61,4.534,4.663,4.52,4.61,4.534,4.663,4.52
2024-04-16,63419.29688,64355.66797,61716.40234,63811.86328,1.062575,1.065405,1.060412,1.062575,2382.86011,2398.34497,2362.94995,2382.83179,2382.86011,2398.34497,2362.94995,2382.83179,2.37954e-05,2.37954e-05,2.37954e-05,2.37954e-05,2.37954e-05,2.37954e-05,2.37954e-05,2.37954e-05,67.95,68.13,67.63,67.81,8224500,67.95,68.13,67.63,67.81,8224500,454.70999,458.85001,453.63,454.31,1452300,453.079987,456.14999,450.049988,450.35001,953200,453.079987,456.14999,450.049988,450.35001,953200,84.83,85.16,85.6,84.22,217440.0,-0.04,21.59,21.99,21.27,21.88,33869200,430.89999,433.76001,429.70001,431.10001,47619000,100.25,101.32,100.23,100.84,7088600,100.25,101.32,100.23,100.84,7088600,504.94,506.5,502.20999,503.53,73484000,504.94,506.5,502.20999,503.53,73484000,33.34,33.37,33.12,33.21,1496900,4.669,4.614,4.696,4.591,4.669,4.614,4.696,4.591
2024-04-17,63831.84766,64486.36328,59768.58594,61276.69141,1.062146,1.065269,1.060817,1.062146,2383.19995,2395.625,2354.84497,2360.80566,2383.19995,2395.625,2354.84497,2360.80566,2.38095e-05,2.38095e-05,2.37954e-05,2.37954e-05,2.38095e-05,2.38095e-05,2.37954e-05,2.37954e-05,67.34,67.43,66.84,67.089996,9147300,67.34,67.43,66.84,67.089996,9147300,456.70999,457.23999,451.73001,456.049988,848300,452.92001,453.85001,448.44,452.049988,818200,452.92001,453.85001,448.44,452.049988,818200,82.15,84.82,84.97,82.01,387630.0,-3.16,22.01,22.11,21.22,21.31,30139800,433.10001,433.12,424.89999,425.84,56880500,101.26,101.79,100.15,100.75,5377600,101.26,101.79,100.15,100.75,5377600,506.049988,506.22,499.12,500.54999,75910300,506.049988,506.22,499.12,500.54999,75910300,33.55,33.61,33.28,33.41,4522100,4.589,4.674,4.684,4.575,4.589,4.674,4.684,4.575
2024-04-18,61275.31641,64125.6875,60833.48047,63512.75391,1.06694,1.069176,1.064781,1.06694,2360.73999,2392.84497,2360.69629,2378.25073,2360.73999,2392.84497,2360.69629,2378.25073,2.38095e-05,2.38095e-05,2.38095e-05,2.38095e-05,2.38095e-05,2.38095e-05,2.38095e-05,2.38095e-05,67.18,67.42,66.81,66.89,7985400,67.18,67.42,66.81,66.89,7985400,454.84,458.049988,454.26999,456.089996,714900,449.88,456.70001,449.88,452.5,846300,449.88,456.70001,449.88,452.5,846300,82.1,82.28,82.84,81.06,366750.0,-0.06,21.25,21.43,20.7,21.13,34550500,426.48999,428.23999,422.82999,423.41,46549400,100.52,101.9,100.51,100.71,4238600,100.52,101.9,100.51,100.71,4238600,501.98001,504.13,498.56,499.51999,74548100,501.98001,504.13,498.56,499.51999,74548100,33.38,33.53,33.29,33.33,1060800,4.637,4.587,4.653,4.561,4.637,4.587,4.653,4.561
2024-04-19,63510.75,65481.59766,59651.39062,63843.57031,1.064419,1.068034,1.061177,1.064419,2378.6001,2417.79492,2372.9563,2390.45166,2378.6001,2417.79492,2372.9563,2390.45166,2.3801e-05,2.3801e-05,2.3801e-05,2.3801e-05,2.3801e-05,2.3801e-05,2.3801e-05,2.3801e-05,66.72,66.86,66.35,66.49,8553700,66.72,66.86,66.35,66.49,8553700,457.79999,465.35999,457.28,463.87,1387500,455.59,463.5,453.070007,462.57999,1213900,455.59,463.5,453.070007,462.57999,1213900,82.22,81.99,85.64,81.13,556460.0,0.15,20.98,21.43,20.33,20.47,39290300,422.22,422.75,413.070007,414.64999,75136600,101.53,102.26,101.029999,101.56,10328000,101.53,102.26,101.029999,101.56,10328000,499.44,500.45999,493.85999,495.16,102129100,499.44,500.45999,493.85999,495.16,102129100,33.3,33.53,33.3,33.49,855800,4.623,4.627,4.635,4.496,4.623,4.627,4.635,4.496
2024-04-22,64935.63281,67233.96094,64548.17969,66837.67969,1.06578,1.067122,1.062507,1.065825,2388.19507,2388.71729,2325.29492,2326.28589,2388.19507,2388.71729,2325.29492,2326.28589,2.3801e-05,2.38095e-05,2.3801e-05,2.3801e-05,2.3801e-05,2.38095e-05,2.3801e-05,2.3801e-05,66.83,67.37,66.72,67.17,6622900,66.83,67.37,66.72,67.17,6622900,465.23001,469.54001,460.41,461.32999,1820900,464.92999,472.45001,462.070007,470.98001,1006300,464.92999,472.45001,462.070007,470.98001,1006300,81.9,81.84,82.29,80.7,313910.0,-0.39,20.72,21.08,20.36,20.97,31894500,417.31,421.17999,413.94,418.82001,47807700,102.0,102.25,101.37,101.56,7594100,102.0,102.25,101.37,101.56,7594100,497.82999,502.38,495.42999,499.72,67961000,497.82999,502.38,495.42999,499.72,67961000,33.72,34.040001,33.65,33.92,867800,4.61,4.631,4.668,4.609,4.61,4.631,4.668,4.609
2024-04-23,66839.89062,67199.24219,65864.86719,66407.27344,1.065405,1.070996,1.063932,1.065405,2326.62012,2334.48242,2291.39502,2321.81445,2326.62012,2334.48242,2291.39502,2321.81445,2.37954e-05,2.37954e-05,2.37954e-05,2.37954e-05,2.37954e-05,2.37954e-05,2.37954e-05,2.37954e-05,66.93,67.42,66.91,67.32,7323800,66.93,67.42,66.91,67.32,7323800,466.10999,473.54001,457.66,460.079987,1789500,473.57999,476.76999,470.41,474.67999,1365400,473.57999,476.76999,470.41,474.67999,1365400,82.56,81.43,82.62,80.25,172230.0,0.81,21.25,22.059999,21.23,21.64,36304600,420.76999,426.28,418.87,425.070007,44384700,101.0,103.89,99.88,101.38,8568200,101.0,103.89,99.88,101.38,8568200,501.78,506.089996,499.53,505.64999,64633600,501.78,506.089996,499.53,505.64999,64633600,33.98,34.35,33.94,34.27,2008800,4.607,4.613,4.654,4.568,4.607,4.613,4.654,4.568
2024-04-24,66408.71875,67075.36719,63589.87109,64276.89844,1.070435,1.071582,1.06792,1.070435,2322.18994,2337.15503,2311.89502,2315.82202,2322.18994,2337.15503,2311.89502,2315.82202,2.38095e-05,2.38095e-05,2.37954e-05,2.37954e-05,2.38095e-05,2.38095e-05,2.37954e-05,2.37954e-05,67.78,67.78,67.33,67.61,6188300,67.78,67.78,67.33,67.61,6188300,462.70001,463.69,456.059998,459.14001,1018900,475.089996,477.12,470.78,474.57001,1124100,475.089996,477.12,470.78,474.57001,1124100,82.09,82.6,82.9,81.71,142450.0,-0.57,22.049999,22.25,21.3,21.59,34426500,428.20001,429.73001,424.20001,426.51001,48440300,101.72,101.89,100.010002,101.019997,7722100,101.72,101.89,100.010002,101.019997,7722100,506.56,507.37,503.13,505.41,55928100,506.56,507.37,503.13,505.41,55928100,34.36,34.36,34.09,34.23,1954800,4.648,4.6,4.671,4.6,4.648,4.6,4.671,4.6
2024-04-25,64275.01953,65275.20703,62783.63281,64481.70703,1.069988,1.073192,1.067874,1.069988,2316.19995,2344.86304,2305.28418,2331.78198,2316.19995,2344.86304,2305.28418,2331.78198,2.38095e-05,2.38095e-05,2.37954e-05,2.37954e-05,2.38095e-05,2.38095e-05,2.37954e-05,2.37954e-05,66.0,66.67,65.84,66.56,5284800,66.0,66.67,65.84,66.56,5284800,457.95001,465.60001,457.53,464.78,927700,468.76999,490.60001,465.0,488.059998,1365400,468.76999,490.60001,465.0,488.059998,1365400,82.75,82.09,83.0,81.27,132560.0,0.8,20.82,21.74,20.66,21.71,26226700,419.23999,425.32001,418.14001,424.45001,57392200,100.9,101.88,100.59,101.71,6186100,100.9,101.88,100.59,101.71,6186100,499.17999,504.26999,497.48999,503.48999,69122400,499.17999,504.26999,497.48999,503.48999,69122400,34.28,34.62,34.24,34.56,2992600,4.704,4.646,4.739,4.619,4.704,4.646,4.739,4.619
2024-04-26,64485.37109,64789.65625,63322.39844,63755.32031,1.072961,1.075292,1.067555,1.072961,2332.15991,2352.62012,2326.30078,2337.71509,2332.15991,2352.62012,2326.30078,2337.71509,2.38095e-05,2.38095e-05,2.37954e-05,2.38095e-05,2.38095e-05,2.38095e-05,2.37954e-05,2.38095e-05,66.79,67.21,66.79,67.13,7598400,66.79,67.21,66.79,67.13,7598400,463.89999,466.0,459.17001,461.29001,858000,487.56,488.35001,477.70999,480.45001,1371900,487.56,488.35001,477.70999,480.45001,1371900,83.13,82.97,83.63,82.59,98780.0,0.46,22.049999,22.67,21.91,22.52,33119800,427.62,432.54999,426.92001,431.0,41874900,101.54,101.8,100.29,101.41,4428300,101.54,101.8,100.29,101.41,4428300,506.35001,509.88,505.70001,508.26001,64306100,506.35001,509.88,505.70001,508.26001,64306100,34.69,34.86,34.62,34.83,1700800,4.663,4.714,4.716,4.64,4.663,4.714,4.716,4.64
2024-04-29,63106.36328,64174.87891,61795.45703,63841.12109,1.070687,1.073537,1.069096,1.070687,2337.5,2346.85498,2320.084961,2334.43579,2337.5,2346.85498,2320.084961,2334.43579,2.37954e-05,2.37954e-05,2.37954e-05,2.37954e-05,2.37954e-05,2.37954e-05,2.37954e-05,2.37954e-05,67.62,67.98,67.47,67.74,6871000,67.62,67.98,67.47,67.74,6871000,461.98999,467.64999,461.95999,467.54999,951500,481.5,486.28,480.75,486.22,714400,481.5,486.28,480.75,486.22,714400,82.03,82.99,83.19,81.81,170810.0,-1.32,22.75,23.09,22.545,22.83,30104900,433.13,433.76001,429.98001,432.75,30022200,101.85,102.61,101.65,102.44,4469700,101.85,102.61,101.65,102.44,4469700,510.089996,510.75,507.25,510.059998,46415400,510.089996,510.75,507.25,510.059998,46415400,34.91,35.029999,34.87,34.98,877900,4.611,4.655,4.659,4.607,4.611,4.655,4.659,4.607
2024-04-30,63839.41797,64703.33203,59120.06641,60636.85547,1.07157,1.073653,1.068433,1.07157,2335.10498,2336.54492,2284.57495,2284.57495,2335.10498,2336.54492,2284.57495,2284.57495,2.38095e-05,2.38095e-05,2.38095e-05,2.38095e-05,2.38095e-05,2.38095e-05,2.38095e-05,2.38095e-05,67.98,68.11,67.27,67.27,6198000,67.98,68.11,67.27,67.27,6198000,467.079987,467.98001,463.62,464.92999,711800,486.45001,488.059998,483.53,485.029999,909000,486.45001,488.059998,483.53,485.029999,909000,81.28,82.16,82.65,80.34,233660.0,-0.91,22.77,22.87,21.95,21.97,30511900,431.14999,432.56,424.51001,424.59,43665900,102.34,102.82,101.47,101.52,5421800,102.34,102.82,101.47,101.52,5421800,508.56,509.56,501.98001,501.98001,77483600,508.56,509.56,501.98001,501.98001,77483600,34.93,35.029999,34.7,34.7,949000,4.682,4.611,4.692,4.603,4.682,4.611,4.692,4.603
2024-05-01,60609.49609,60780.5,56555.29297,58254.01172,1.066655,1.068867,1.065008,1.066655,2285.90991,2328.39502,2281.66016,2317.88257,2285.90991,2328.39502,2281.66016,2317.88257,2.38095e-05,2.38095e-05,2.37954e-05,2.38095e-05,2.38095e-05,2.38095e-05,2.37954e-05,2.38095e-05,67.34,67.92,67.019997,67.11,7950900,67.34,67.92,67.019997,67.11,7950900,462.60999,465.39999,460.56,461.73001,994700,485.12,490.26999,483.41,486.37,1157300,485.12,490.26999,483.41,486.37,1157300,78.44,80.86,80.9,78.28,235280.0,-3.49,21.93,22.83,21.63,22.12,34665900,423.14999,430.14001,420.66,421.51999,52251700,101.32,102.029999,101.14,101.22,9982500,101.32,102.029999,101.14,101.22,9982500,501.38,508.19,499.87,500.35001,80242800,501.38,508.19,499.87,500.35001,80242800,34.68,34.91,34.56,34.59,1737900,4.641,4.682,4.694,4.581,4.641,4.682,4.694,4.581
2024-05-02,58253.70312,59602.29688,56937.20312,59123.43359,1.072156,1.073076,1.067578,1.072156,2319.88501,2326.57056,2285.58008,2303.2876,2319.88501,2326.57056,2285.58008,2303.2876,2.38095e-05,2.38095e-05,2.38095e-05,2.38095e-05,2.38095e-05,2.38095e-05,2.38095e-05,2.38095e-05,68.35,68.58,67.94,68.47,6796000,68.35,68.58,67.94,68.47,6796000,461.10001,463.60001,459.0,463.20001,1011400,484.91,488.48001,474.32999,475.0,1373000,484.91,488.48001,474.32999,475.0,1373000,78.48,78.6,79.34,77.91,174670.0,0.05,22.6,22.715,22.1,22.55,30396100,425.29999,427.81,420.63,426.89999,36559000,101.2,101.91,101.019997,101.89,6084400,101.2,101.91,101.019997,101.89,6084400,504.14999,505.89001,499.54999,505.029999,62550200,504.14999,505.89001,499.54999,505.029999,62550200,34.92,35.12,34.76,35.049999,1378000,4.589,4.63,4.651,4.567,4.589,4.63,4.651,4.567
2024-05-03,59122.30078,63320.50391,58848.3125,62889.83594,1.073307,1.080941,1.072501,1.073307,2303.19507,2321.63989,2277.46509,2301.55688,2303.19507,2321.63989,2277.46509,2301.55688,2.38095e-05,2.38095e-05,2.37954e-05,2.38095e-05,2.38095e-05,2.38095e-05,2.37954e-05,2.38095e-05,69.19,69.36,68.76,69.26,6222500,69.19,69.36,68.76,69.26,6222500,462.92999,462.92999,457.17001,461.91,910700,475.64999,477.51999,465.23001,469.089996,1443400,475.64999,477.51999,465.23001,469.089996,1443400,77.76,78.61,79.17,77.62,217260.0,-0.92,23.48,23.64,22.91,23.33,55976400,434.44,436.48001,432.62,435.48001,48515300,102.0,102.17,100.67,101.4,13324700,102.0,102.17,100.67,101.4,13324700,511.16,512.54999,508.56,511.29001,72756700,511.16,512.54999,508.56,511.29001,72756700,35.34,35.44,35.13,35.34,2171600,4.497,4.583,4.596,4.453,4.497,4.583,4.596,4.453
2024-05-06,64038.3125,65494.90234,62746.23828,63161.94922,1.075812,1.079214,1.075639,1.075812,2293.97998,2331.97998,2291.90991,2326.1499,2293.97998,2331.97998,2291.90991,2326.1499,2.37954e-05,2.38095e-05,2.37954e-05,2.37954e-05,2.37954e-05,2.38095e-05,2.37954e-05,2.37954e-05,69.47,69.73,69.43,69.67,3575500,69.47,69.73,69.43,69.67,3575500,463.16,463.5,460.17999,462.78,796300,470.34,471.26001,467.31,468.85999,862300,470.34,471.26001,467.31,468.85999,862300,78.14,77.88,78.68,77.56,152590.0,0.49,24.37,25.355,24.030001,25.21,175936600,437.29999,440.34,436.51999,440.25,30227200,101.79,102.050003,101.62,101.91,3408700,101.79,102.050003,101.62,101.91,3408700,513.75,516.60999,513.29999,516.57001,47264700,513.75,516.60999,513.29999,516.57001,47264700,35.48,35.58,35.42,35.56,1714400,4.487,4.483,4.514,4.469,4.487,4.483,4.514,4.469
2024-05-07,63162.76172,64390.45703,62285.98047,62334.81641,1.076751,1.078981,1.075581,1.076751,2326.31006,2329.97998,2310.1001,2315.19995,2326.31006,2329.97998,2310.1001,2315.19995,2.37954e-05,2.38095e-05,2.37954e-05,2.37954e-05,2.37954e-05,2.38095e-05,2.37954e-05,2.37954e-05,69.019997,69.13,68.8,68.91,6954800,69.019997,69.13,68.8,68.91,6954800,464.0,466.81,463.16,466.67999,723400,470.69,474.85001,468.95999,473.75,734300,470.69,474.85001,468.95999,473.75,734300,78.06,78.39,78.8,77.29,192570.0,-0.1,21.99,22.7,21.35,21.4,161061600,440.70001,441.97,439.57999,440.32001,30996100,102.27,103.26,102.12,103.23,6933000,102.27,103.26,102.12,103.23,6933000,517.56,518.57001,516.45001,517.14001,52561300,517.56,518.57001,516.45001,517.14001,52561300,35.74,35.78,35.6,35.67,1819100,4.461,4.496,4.496,4.42,4.461,4.496,4.496,4.42
2024-05-08,62332.64062,62986.08594,60877.12891,61187.94141,1.075049,1.075847,1.073572,1.075049,2315.3999,2321.42993,2303.73999,2309.050049,2315.3999,2321.42993,2303.73999,2309.050049,2.37954e-05,2.38095e-05,2.37954e-05,2.37954e-05,2.37954e-05,2.38095e-05,2.37954e-05,2.37954e-05,67.73,68.099998,67.72,68.040001,7164900,67.73,68.099998,67.72,68.040001,7164900,467.5,468.0,463.78,466.16,599000,474.60999,475.76001,471.35999,471.60999,866600,474.60999,475.76001,471.35999,471.60999,866600,78.56,77.96,78.8,76.63,228440.0,0.64,21.58,21.73,21.059999,21.56,67582900,437.67001,441.48001,437.54999,440.059998,24896700,103.24,104.089996,102.81,103.94,5177600,103.24,104.089996,102.81,103.94,5177600,515.26001,517.73999,515.14001,517.19,42047200,515.26001,517.73999,515.14001,517.19,42047200,35.57,35.76,35.54,35.76,552000,4.5,4.457,4.5,4.451,4.5,4.457,4.5,4.451
2024-05-09,61191.19922,63404.91406,60648.07422,63049.96094,1.074691,1.078283,1.072513,1.074691,2309.040039,2347.59497,2306.66504,2345.88452,2309.040039,2347.59497,2306.66504,2345.88452,2.38095e-05,2.38095e-05,2.37954e-05,2.38095e-05,2.38095e-05,2.38095e-05,2.37954e-05,2.38095e-05,67.72,68.34,67.68,68.34,6728900,67.72,68.34,67.68,68.34,6728900,466.079987,468.76001,465.20999,468.39001,594800,471.54001,474.51999,471.54001,473.42999,868900,471.54001,474.51999,471.54001,473.42999,868900,78.8,78.79,79.32,78.46,184460.0,0.31,21.49,21.58,20.94,21.14,54101900,440.32999,441.60001,438.45999,441.019989,24580100,104.11,105.76,104.080002,105.74,7211300,104.11,105.76,104.080002,105.74,7211300,517.38,520.21002,516.71002,520.16998,43643700,517.38,520.21002,516.71002,520.16998,43643700,35.76,36.07,35.76,36.060001,605500,4.459,4.49,4.52,4.447,4.459,4.49,4.52,4.447
2024-05-10,63055.19141,63446.74219,60208.78125,60792.77734,1.078516,1.079331,1.076206,1.078516,2346.26001,2378.44824,2345.25488,2360.14355,2346.26001,2378.44824,2345.25488,2360.14355,2.37954e-05,2.37954e-05,2.37954e-05,2.37954e-05,2.37954e-05,2.37954e-05,2.37954e-05,2.37954e-05,68.24,68.27,67.83,67.95,4261900,68.24,68.27,67.83,67.95,4261900,469.0,470.62,467.98001,468.88,482500,474.26001,476.29999,472.42001,474.79999,579000,474.26001,476.29999,472.42001,474.79999,579000,77.84,79.11,79.47,77.73,164350.0,-1.22,21.27,21.37,20.5,20.6,59845400,442.54001,444.31,440.5,442.059998,27116600,106.0,106.53,105.54,106.32,5626100,106.0,106.53,105.54,106.32,5626100,521.81,522.64001,519.59003,520.84003,52233200,521.81,522.64001,519.59003,520.84003,52233200,36.24,36.24,36.13,36.15,537100,4.5,4.465,4.508,4.441,4.5,4.465,4.508,4.441
2024-05-13,61451.21875,63422.66016,60769.83984,62901.44922,1.077041,1.080731,1.076646,1.077041,2360.37988,2364.56006,2332.37988,2338.44995,2360.37988,2364.56006,2332.37988,2338.44995,2.37954e-05,2.37954e-05,2.37954e-05,2.37954e-05,2.37954e-05,2.37954e-05,2.37954e-05,2.37954e-05,67.82,67.9,67.57,67.68,4876900,67.82,67.9,67.57,67.68,4876900,469.88,472.35001,469.5,470.56,634300,475.20001,480.73001,475.20001,476.64999,507000,475.20001,480.73001,475.20001,476.64999,507000,78.6,77.76,78.99,77.35,200280.0,0.98,20.6,21.19,20.6,20.94,37524800,443.98999,444.089996,441.64999,443.079987,22994200,106.44,107.82,105.68,105.8,6045500,106.44,107.82,105.68,105.8,6045500,522.56,522.66998,519.73999,520.90997,36716400,522.56,522.66998,519.73999,520.90997,36716400,36.19,36.27,36.12,36.17,1098800,4.49,4.49,4.496,4.459,4.49,4.49,4.496,4.459
2024-05-14,62900.77344,63092.125,61123.76562,61552.78906,1.079354,1.082837,1.077644,1.079354,2338.38989,2359.65991,2334.93994,2355.87988,2338.38989,2359.65991,2334.93994,2355.87988,2.38095e-05,2.38095e-05,2.38095e-05,2.38095e-05,2.38095e-05,2.38095e-05,2.38095e-05,2.38095e-05,67.97,68.22,67.88,68.21,4711800,67.97,68.22,67.88,68.21,4711800,471.10999,471.10999,466.79999,467.17999,565500,477.75,479.20999,473.85001,474.070007,505700,477.75,479.20999,473.85001,474.070007,505700,77.65,78.72,78.86,77.26,259530.0,-1.21,20.95,22.07,20.93,21.44,57894400,442.64999,446.47,442.45999,445.92999,34478300,105.8,106.29,105.65,105.7,3726200,105.8,106.29,105.65,105.7,3726200,521.10999,523.83002,520.56,523.29999,57535900,521.10999,523.83002,520.56,523.29999,57535900,36.34,36.43,36.26,36.42,782200,4.445,4.489,4.534,4.441,4.445,4.489,4.534,4.441
2024-05-15,61553.98828,66454.45312,61330.41016,66267.49219,1.081455,1.087429,1.081362,1.081455,2358.19507,2390.36011,2351.82007,2386.04248,2358.19507,2390.36011,2351.82007,2386.04248,2.37954e-05,2.37954e-05,2.37954e-05,2.37954e-05,2.37954e-05,2.37954e-05,2.37954e-05,2.37954e-05,68.61,68.98,68.4,68.97,9293500,68.61,68.98,68.4,68.97,9293500,466.28,467.39999,463.51001,464.079987,803900,471.85001,473.23001,466.32999,469.64999,682300,471.85001,473.23001,466.32999,469.64999,682300,78.16,78.03,78.43,76.36,299560.0,0.66,21.73,21.81,21.185,21.67,39424000,448.42999,453.14999,446.89999,452.89999,41464700,105.49,105.98,105.14,105.35,5688300,105.49,105.98,105.14,105.35,5688300,525.83002,530.080017,525.17999,529.78003,59504900,525.83002,530.080017,525.17999,529.78003,59504900,36.53,36.69,36.46,36.69,856600,4.344,4.449,4.449,4.34,4.344,4.449,4.449,4.34
2024-05-16,66244.68,66731.50781,64588.5,65252.18,1.088981,1.089681,1.085517,1.088981,2391.92993,2397.3999,2371.1001,2377.8999,2391.92993,2397.3999,2371.1001,2377.8999,2.38095e-05,2.38095e-05,2.38095e-05,2.38095e-05,2.38095e-05,2.38095e-05,2.38095e-05,2.38095e-05,68.93,68.93,68.25,68.27,7235000,68.93,68.93,68.25,68.27,7235000,463.60001,468.32001,453.0,464.82999,1130800,470.32001,472.42001,467.63,470.69,842400,470.32001,472.42001,467.63,470.69,842400,78.74,78.36,79.3,77.75,277250.0,0.74,21.74,21.87,21.535,21.65,27416700,452.70999,454.69,451.81,451.98001,34780400,104.5,105.36,104.15,104.24,8723800,104.5,105.36,104.15,104.24,8723800,529.88,531.52002,528.53998,528.69,50244800,529.88,531.52002,528.53998,528.69,50244800,36.73,36.75,36.6,36.66,914500,4.377,4.336,4.385,4.313,4.377,4.336,4.385,4.313
2024-05-17,65252.17,67500.0,65113.46,67046.33,1.086779,1.087891,1.083635,1.086779,2377.6001,2422.77002,2374.1001,2414.69995,2377.6001,2422.77002,2374.1001,2414.69995,2.38095e-05,2.38095e-05,2.37954e-05,2.37954e-05,2.38095e-05,2.38095e-05,2.37954e-05,2.37954e-05,68.77,68.94,68.59,68.73,4290300,68.77,68.94,68.59,68.73,4290300,465.84,467.0,463.14999,466.20001,677200,471.87,471.87,468.20999,470.22,966700,471.87,471.87,468.20999,470.22,966700,79.58,78.92,79.66,78.58,321030.0,1.07,21.78,22.169,21.56,21.76,30032300,452.10999,452.72,449.54001,451.76001,35803700,104.69,104.78,103.71,104.18,8500900,104.69,104.78,103.71,104.18,8500900,528.81,529.52002,527.32001,529.45001,59187600,528.81,529.52002,527.32001,529.45001,59187600,36.57,36.76,36.55,36.74,653600,4.422,4.369,4.426,4.363,4.422,4.369,4.426,4.363
2024-05-20,66260.04,71560.9,66057.03,71432.17,1.087548,1.088495,1.085505,1.087548,2417.78003,2450.060059,2407.56006,2426.36011,2417.78003,2450.060059,2407.56006,2426.36011,2.37954e-05,2.38095e-05,2.37954e-05,2.38095e-05,2.37954e-05,2.38095e-05,2.37954e-05,2.38095e-05,69.099998,69.44,69.080002,69.22,4019700,69.099998,69.44,69.080002,69.22,4019700,467.76999,468.76999,464.92001,467.079987,735200,471.89999,472.089996,468.089996,468.94,689400,471.89999,472.089996,468.089996,468.94,689400,79.3,79.58,80.11,78.67,342090.0,-0.35,21.77,21.77,21.22,21.62,35255300,451.98001,455.57999,451.79001,454.91,24474200,104.41,105.42,104.35,105.019997,4412800,104.41,105.42,104.35,105.019997,4412800,529.57001,531.56,529.16998,530.059998,37764200,529.57001,531.56,529.16998,530.059998,37764200,36.72,36.77,36.6,36.62,359300,4.447,4.414,4.455,4.406,4.447,4.414,4.455,4.406
2024-05-21,71432.16,71980.0,69146.01,70142.84,1.086083,1.087548,1.084599,1.086083,2427.40991,2433.88989,2406.32007,2420.87988,2427.40991,2433.88989,2406.32007,2420.87988,2.38095e-05,2.38095e-05,2.37954e-05,2.37954e-05,2.38095e-05,2.38095e-05,2.37954e-05,2.37954e-05,68.89,69.019997,68.63,68.82,3046500,68.89,69.019997,68.63,68.82,3046500,468.0,469.12,466.84,468.31,558900,470.72,473.95999,468.57001,471.89999,579600,470.72,473.95999,468.57001,471.89999,579600,78.66,79.23,79.3,77.65,371670.0,-0.81,21.34,21.45,21.12,21.24,27954000,453.040009,455.98999,452.84,455.79999,23167700,105.2,105.93,105.099998,105.43,4754800,105.2,105.93,105.099998,105.43,4754800,529.28003,531.52002,529.070007,531.35999,33437000,529.28003,531.52002,529.070007,531.35999,33437000,36.64,36.77,36.63,36.75,311800,4.412,4.445,4.451,4.398,4.412,4.445,4.451,4.398
2024-05-22,70142.88,70659.99,68887.52,69109.93,1.085517,1.086484,1.082251,1.085517,2420.96997,2426.55005,2375.070068,2378.75,2420.96997,2426.55005,2375.070068,2378.75,2.37954e-05,2.37954e-05,2.37954e-05,2.37954e-05,2.37954e-05,2.37954e-05,2.37954e-05,2.37954e-05,68.099998,68.27,67.9,68.019997,4191700,68.099998,68.27,67.9,68.019997,4191700,467.47,469.89999,466.78,469.70999,548700,470.97,475.34,470.35001,474.69,556400,470.97,475.34,470.35001,474.69,556400,77.15,77.9,78.03,76.85,139450.0,-1.92,21.23,21.42,21.08,21.17,25212500,456.059998,456.82001,453.079987,455.70999,25120000,105.63,106.45,105.41,106.31,3626300,105.63,106.45,105.41,106.31,3626300,530.65002,531.38,527.59998,529.83002,48390000,530.65002,531.38,527.59998,529.83002,48390000,36.53,36.59,36.34,36.47,1144900,4.426,4.414,4.461,4.41,4.426,4.414,4.461,4.41
2024-05-23,69109.93,70066.95,66259.0,67940.45,1.08252,1.08613,1.081303,1.08252,2378.97998,2383.77002,2327.27002,2328.62012,2378.97998,2383.77002,2327.27002,2328.62012,2.37954e-05,2.38095e-05,2.37954e-05,2.37954e-05,2.37954e-05,2.38095e-05,2.37954e-05,2.37954e-05,68.68,68.71,67.59,67.72,4825800,68.68,68.71,67.59,67.72,4825800,468.089996,469.67999,466.23001,467.079987,867000,472.079987,475.049988,466.23999,467.20999,947100,472.079987,475.049988,466.23999,467.20999,947100,76.46,76.9,78.21,76.03,125720.0,-0.89,21.39,21.52,20.63,20.72,36887600,460.54999,460.57999,451.85001,453.66,40899200,106.44,107.32,105.34,105.41,5787100,106.44,107.32,105.34,105.41,5787100,532.96002,533.070007,524.71997,525.96002,57211200,532.96002,533.070007,524.71997,525.96002,57211200,36.58,36.6,36.0099983,36.099998,1255500,4.479,4.426,4.498,4.408,4.479,4.426,4.498,4.408
2024-05-24,67932.79,69278.75,66587.91,68547.8,1.081268,1.085658,1.080614,1.081268,2328.86011,2347.31006,2325.47998,2334.02002,2328.86011,2347.31006,2325.47998,2334.02002,2.37954e-05,2.37954e-05,2.37954e-05,2.37954e-05,2.37954e-05,2.37954e-05,2.37954e-05,2.37954e-05,68.35,68.57,68.28,68.46,3952800,68.35,68.57,68.28,68.46,3952800,467.67001,468.66,465.47,467.35001,513700,465.45001,467.51999,464.85999,466.42999,420800,465.45001,467.51999,464.85999,466.42999,420800,77.23,76.62,77.55,75.75,139520.0,1.01,20.72,21.15,20.65,21.01,22073800,455.29001,459.23001,453.57001,457.95001,29651000,105.83,106.57,105.83,106.27,3431300,105.83,106.57,105.83,106.27,3431300,527.84998,530.27002,526.88,529.44,41258400,527.84998,530.27002,526.88,529.44,41258400,36.25,36.43,36.25,36.34,592300,4.467,4.477,4.502,4.463,4.467,4.477,4.502,4.463
2024-05-28,69366.31,69533.96,67194.59,68321.98,1.086189,1.088945,1.085906,1.086189,2352.070068,2364.090088,2340.43994,2361.28003,2352.070068,2364.090088,2340.43994,2361.28003,2.37954e-05,2.37954e-05,2.37954e-05,2.37954e-05,2.37954e-05,2.37954e-05,2.37954e-05,2.37954e-05,69.080002,69.12,68.66,68.85,3374000,69.080002,69.12,68.66,68.85,3374000,465.60999,466.0,457.25,458.48001,1150400,465.13,465.13,455.059998,455.5,848400,465.13,465.13,455.059998,455.5,848400,79.35,77.36,79.79,77.24,121480.0,0.89,21.059999,21.22,20.73,21.049999,26274200,459.17999,459.73999,456.69,459.67999,26216800,106.029999,106.35,105.28,105.52,5137200,106.029999,106.35,105.28,105.52,5137200,530.27002,530.51001,527.10999,529.81,36269600,530.27002,530.51001,527.10999,529.81,36269600,36.36,36.37,36.029999,36.11,660700,4.548,4.459,4.554,4.445,4.548,4.459,4.554,4.445
2024-05-29,68321.99,68864.11,67081.66,67569.45,1.085187,1.085894,1.080953,1.085187,2362.3999,2362.59009,2334.71997,2338.26001,2362.3999,2362.59009,2334.71997,2338.26001,2.38095e-05,2.38095e-05,2.37954e-05,2.37954e-05,2.38095e-05,2.38095e-05,2.37954e-05,2.37954e-05,67.78,67.83,67.4,67.47,6813000,67.78,67.83,67.4,67.47,6813000,455.98001,456.0,451.79999,452.72,1268000,453.60001,453.76001,446.19,446.39001,1340700,453.60001,453.76001,446.19,446.39001,1340700,78.8,79.78,80.11,78.57,123480.0,-0.69,20.77,20.99,20.64,20.94,24834200,455.48001,458.23999,455.34,456.44,29739200,105.019997,105.22,104.5,104.57,4796800,105.019997,105.22,104.5,104.57,4796800,525.67999,527.31,525.37,526.099976,45190300,525.67999,527.31,525.37,526.099976,45190300,35.79,35.83,35.62,35.64,767700,4.616,4.548,4.638,4.542,4.616,4.548,4.638,4.542
2024-05-30,67569.44,69536.89,67092.91,68338.58,1.080182,1.084599,1.0789,1.080182,2338.15991,2351.81006,2322.72998,2343.1001,2338.15991,2351.81006,2322.72998,2343.1001,2.37954e-05,2.37954e-05,2.37954e-05,2.37954e-05,2.37954e-05,2.37954e-05,2.37954e-05,2.37954e-05,68.059998,68.26,67.86,68.059998,4101600,68.059998,68.26,67.86,68.059998,4101600,455.0,462.94,455.0,460.94,1173600,448.48001,450.16,444.82999,446.51999,1257000,448.48001,450.16,444.82999,446.51999,1257000,77.54,78.87,78.97,77.3,176670.0,-1.6,21.28,21.96,21.02,21.73,47583100,455.5,455.64001,450.20999,451.54999,30714100,104.9,105.85,104.58,105.72,4398900,104.9,105.85,104.58,105.72,4398900,524.52002,525.20001,521.33002,522.60999,46468500,524.52002,525.20001,521.33002,522.60999,46468500,35.82,36.02,35.81,35.94,461000,4.55,4.62,4.628,4.542,4.55,4.62,4.628,4.542
2024-05-31,68338.58,69024.71,66599.95312,67478.60938,1.083541,1.088258,1.081163,1.083541,2344.26001,2359.71997,2320.6499,2327.38989,2344.26001,2359.71997,2320.6499,2327.38989,2.37954e-05,2.38095e-05,2.37954e-05,2.37954e-05,2.37954e-05,2.38095e-05,2.37954e-05,2.37954e-05,68.95,69.050003,68.44,68.97,5484300,68.95,69.050003,68.44,68.97,5484300,460.89999,470.35999,459.48999,470.34,1651600,446.29999,451.92999,445.32001,450.76999,2867200,446.29999,451.92999,445.32001,450.76999,2867200,76.73,77.5,78.27,76.37,157560.0,-1.04,21.79,22.2,21.31,21.68,44416100,451.78,452.48001,443.059998,450.70999,55941300,105.82,107.88,105.46,107.81,10411800,105.82,107.88,105.46,107.81,10411800,523.59003,527.5,518.35999,527.37,90785800,523.59003,527.5,518.35999,527.37,90785800,36.12,36.34,36.060001,36.32,1043700,4.503,4.544,4.572,4.485,4.503,4.544,4.572,4.485
2024-06-03,67748.10156,70237.75781,67582.50781,68802.52344,1.085305,1.089087,1.082802,1.085305,2326.42993,2354.72998,2314.80005,2350.72998,2326.42993,2354.72998,2314.80005,2350.72998,2.37954e-05,2.37954e-05,2.37954e-05,2.37954e-05,2.37954e-05,2.37954e-05,2.37954e-05,2.37954e-05,69.44,69.58,69.15,69.4,6184600,69.44,69.58,69.15,69.4,6184600,466.0,470.51999,465.01001,467.60001,990100,449.20001,453.39999,448.84,449.32999,1085600,449.20001,453.39999,448.84,449.32999,1085600,74.09,76.73,77.23,73.84,219930.0,-3.44,21.7,21.79,21.0049992,21.32,33876100,454.57001,455.57999,447.89999,453.13,32997500,107.24,108.65,106.82,107.37,5908800,107.24,108.65,106.82,107.37,5908800,529.02002,529.31,522.59998,527.79999,46835700,529.02002,529.31,522.59998,527.79999,46835700,36.23,36.37,36.07,36.22,1365500,4.392,4.493,4.501,4.39,4.392,4.493,4.501,4.39
2024-06-04,68795.35938,71108.9,68547.97656,70542.32,1.090739,1.091822,1.086071,1.090739,2351.92993,2352.80005,2315.72998,2327.01001,2351.92993,2352.80005,2315.72998,2327.01001,2.38095e-05,2.38095e-05,2.38095e-05,2.38095e-05,2.38095e-05,2.38095e-05,2.38095e-05,2.38095e-05,69.55,69.7,69.26,69.48,3651300,69.55,69.7,69.26,69.48,3651300,467.51001,470.16,466.16,468.89001,845800,449.29001,450.25,447.35001,448.39001,530700,449.29001,450.25,447.35001,448.39001,530700,73.06,73.89,73.99,72.44,209680.0,-1.39,21.049999,22.26,21.040001,22.1,41974000,452.87,455.57999,451.13,454.37,23767400,107.41,108.39,106.92,107.9,7998000,107.41,108.39,106.92,107.9,7998000,526.46002,529.15002,524.96002,528.39001,34632700,526.46002,529.15002,524.96002,528.39001,34632700,36.060001,36.17,35.99,36.13,881200,4.33,4.396,4.414,4.314,4.33,4.396,4.414,4.314
2024-06-05,70541.68,71804.13,70356.49,71121.11,1.088187,1.088992,1.086095,1.088187,2327.69995,2357.3999,2325.97998,2355.30005,2327.69995,2357.3999,2325.97998,2355.30005,2.38095e-05,2.38095e-05,2.37954e-05,2.38095e-05,2.38095e-05,2.38095e-05,2.37954e-05,2.38095e-05,69.010002,69.3,68.7,69.28,5379900,69.010002,69.3,68.7,69.28,5379900,468.42001,468.85001,463.62,465.23001,915300,447.66,448.17999,441.29999,442.37,993800,447.66,448.17999,441.29999,442.37,993800,73.82,72.72,74.07,72.69,159600.0,1.04,22.48,22.98,22.22,22.96,39825400,457.98001,463.60999,454.41,463.53,33817400,108.010002,108.52,107.48,108.44,3141000,108.010002,108.52,107.48,108.44,3141000,530.77002,534.69,528.72998,534.66998,47610400,530.77002,534.69,528.72998,534.66998,47610400,36.24,36.26,36.060001,36.23,1068400,4.277,4.33,4.359,4.275,4.277,4.33,4.359,4.275
2024-06-06,71120.65,71650.56,70093.98,70773.64,1.087453,1.089871,1.086366,1.087453,2357.050049,2378.47998,2353.6499,2375.8999,2357.050049,2378.47998,2353.6499,2375.8999,2.37954e-05,2.38095e-05,2.37954e-05,2.37954e-05,2.37954e-05,2.38095e-05,2.37954e-05,2.37954e-05,69.23,69.26,68.99,69.24,4391900,69.23,69.26,68.99,69.24,4391900,465.23001,469.79001,464.35001,468.62,768100,442.39999,446.37,441.5,444.78,673500,442.39999,446.37,441.5,444.78,673500,75.24,74.03,75.47,73.82,145060.0,1.92,22.98,23.95,22.98,23.79,60400400,464.22,464.54001,462.19,463.37,21966800,108.38,108.47,107.75,108.18,3875000,108.38,108.47,107.75,108.18,3875000,534.97998,535.41998,532.67999,534.65997,30808500,534.97998,535.41998,532.67999,534.65997,30808500,36.25,36.41,36.23,36.4,446200,4.287,4.289,4.322,4.275,4.287,4.289,4.322,4.275
2024-06-07,70773.63,71974.04,68298.55,69324.53,1.089443,1.09018,1.080497,1.089443,2376.70996,2387.77002,2286.87988,2294.01001,2376.70996,2387.77002,2286.87988,2294.01001,2.37954e-05,2.37954e-05,2.37954e-05,2.37954e-05,2.37954e-05,2.37954e-05,2.37954e-05,2.37954e-05,68.77,69.040001,68.63,68.73,3652800,68.77,69.040001,68.63,68.73,3652800,468.81,475.29001,468.62,470.13,1042800,443.85001,445.85001,439.82001,440.040009,716600,443.85001,445.85001,439.82001,440.040009,716600,75.22,75.38,75.9,74.93,139590.0,-0.03,23.24,23.57,23.059999,23.31,37149900,463.0,465.73999,461.84,462.95999,25829700,108.099998,108.56,107.88,108.11,3526500,108.099998,108.56,107.88,108.11,3526500,533.65997,536.89001,532.53998,534.01001,43224500,533.65997,536.89001,532.53998,534.01001,43224500,36.080002,36.18,35.9,35.93,682500,4.433,4.293,4.436,4.289,4.433,4.293,4.436,4.289
2024-06-10,69641.08,70187.53,69141.51,69497.73,1.077888,1.078283,1.073364,1.077888,2297.34009,2313.82007,2287.86011,2310.97998,2297.34009,2313.82007,2287.86011,2310.97998,2.37954e-05,2.37954e-05,2.37954e-05,2.37954e-05,2.37954e-05,2.37954e-05,2.37954e-05,2.37954e-05,69.019997,69.43,68.99,69.34,3371300,69.019997,69.43,68.99,69.34,3371300,470.75,470.75,465.76001,467.45999,900400,440.0,441.87,435.070007,435.76999,1013900,440.0,441.87,435.070007,435.76999,1013900,77.33,74.97,77.85,74.94,181840.0,2.81,22.75,23.16,22.66,23.13,31509300,461.82001,465.19,461.53,464.82999,20719800,108.0,108.099998,106.67,107.089996,5918500,108.0,108.099998,106.67,107.089996,5918500,533.17999,535.98999,532.57001,535.65997,35729300,533.17999,535.98999,532.57001,535.65997,35729300,35.82,36.080002,35.76,36.02,569700,4.471,4.453,4.479,4.441,4.471,4.453,4.479,4.441
2024-06-11,69495.97,69547.82,66018.69,67316.53,1.076426,1.077354,1.07211,1.076426,2312.02002,2319.96997,2297.82007,2316.86011,2312.02002,2319.96997,2297.82007,2316.86011,2.37954e-05,2.37954e-05,2.37954e-05,2.37954e-05,2.37954e-05,2.37954e-05,2.37954e-05,2.37954e-05,68.18,68.21,67.83,68.059998,3848000,68.18,68.21,67.83,68.059998,3848000,465.67999,466.57999,462.57999,462.79999,908300,434.25,436.0,428.97,429.82001,1385000,434.25,436.0,428.97,429.82001,1385000,77.55,77.65,77.99,76.86,202570.0,0.28,23.059999,23.95,22.89,23.85,30601900,463.54001,468.14001,462.029999,468.019989,22053300,106.39,107.15,106.14,106.92,5769500,106.39,107.15,106.14,106.92,5769500,534.070007,537.01001,532.049988,536.95001,36383400,534.070007,537.01001,532.049988,536.95001,36383400,34.93,34.97,34.74,34.88,1075600,4.402,4.463,4.465,4.394,4.402,4.463,4.465,4.394
2024-06-12,67316.52,70032.0,66883.32,68248.6,1.074033,1.085175,1.073503,1.074033,2316.62012,2341.67993,2310.82007,2324.97998,2316.62012,2341.67993,2310.82007,2324.97998,2.38095e-05,2.38095e-05,2.38095e-05,2.38095e-05,2.38095e-05,2.38095e-05,2.38095e-05,2.38095e-05,68.79,69.019997,68.31,68.39,5941300,68.79,69.019997,68.31,68.39,5941300,462.29999,463.23001,457.67001,459.10999,1026400,430.23001,432.31,424.39999,427.14999,1326200,430.23001,432.31,424.39999,427.14999,1326200,78.15,77.8,78.94,77.56,209180.0,0.77,24.2,24.33,23.57,23.77,38542700,471.98999,476.5,471.29001,474.14999,34532600,107.010002,107.72,106.58,106.77,3429800,107.010002,107.72,106.58,106.77,3429800,541.63,544.12,540.29999,541.35999,63251300,541.63,544.12,540.29999,541.35999,63251300,35.57,35.6,35.26,35.38,1174200,4.318,4.41,4.428,4.25,4.318,4.41,4.428,4.25
2024-06-13,68248.59,68474.49,66200.0,66738.85,1.081315,1.081783,1.075384,1.081315,2324.46997,2326.76001,2295.71997,2303.93994,2324.46997,2326.76001,2295.71997,2303.93994,2.38095e-05,2.38095e-05,2.37954e-05,2.38095e-05,2.38095e-05,2.38095e-05,2.37954e-05,2.38095e-05,67.43,67.43,66.9,67.15,4839200,67.43,67.43,66.9,67.15,4839200,458.64001,459.75,456.01001,458.56,742000,426.57999,426.81,420.25,423.42001,1393800,426.57999,426.81,420.25,423.42001,1393800,78.26,78.01,78.54,77.35,301730.0,0.14,23.85,24.14,23.15,23.27,26035100,477.72,478.39001,474.42001,476.72,25859000,106.57,106.86,103.84,105.029999,7112900,106.57,106.86,103.84,105.029999,7112900,543.15002,543.33002,539.59003,542.45001,44760900,543.15002,543.33002,539.59003,542.45001,44760900,35.18,35.19,34.96,35.09,1700400,4.248,4.304,4.328,4.223,4.248,4.304,4.328,4.223
2024-06-14,66746.46,67322.72,65005.0,66004.39,1.073883,1.074576,1.066815,1.073883,2303.18994,2336.63989,2301.62012,2332.79004,2303.18994,2336.63989,2301.62012,2332.79004,2.38095e-05,2.38095e-05,2.38095e-05,2.38095e-05,2.38095e-05,2.38095e-05,2.38095e-05,2.38095e-05,67.07,67.25,66.85,67.13,4767000,67.07,67.25,66.85,67.13,4767000,456.5,458.56,454.44,458.34,702800,422.089996,424.10999,418.60001,424.089996,1085600,422.089996,424.10999,418.60001,424.089996,1085600,78.05,77.65,78.8,77.42,316380.0,-0.27,23.15,23.72,22.84,23.57,26618300,476.51999,479.26001,476.049988,479.19,23372600,104.59,104.99,103.44,104.23,4917200,104.59,104.99,103.44,104.23,4917200,540.88,542.81,539.84998,542.78003,40089900,540.88,542.81,539.84998,542.78003,40089900,34.75,34.93,34.65,34.91,1501200,4.221,4.252,4.273,4.188,4.221,4.252,4.273,4.188
2024-06-17,66629.38,67274.96,65050.0,66481.81,1.070217,1.072616,1.068764,1.070217,2329.01001,2329.69995,2310.060059,2319.11011,2329.01001,2329.69995,2310.060059,2319.11011,2.38095e-05,2.38095e-05,2.37954e-05,2.38095e-05,2.38095e-05,2.38095e-05,2.37954e-05,2.38095e-05,66.14,66.69,66.050003,66.61,4484500,66.14,66.69,66.050003,66.61,4484500,457.75,459.19,456.31,459.01001,669700,423.040009,431.040009,422.19,429.78,1033400,423.040009,431.040009,422.19,429.78,1033400,79.72,78.12,80.01,77.58,402740.0,2.14,23.47,25.059999,23.45,25.02,54101500,479.45999,486.85999,478.14001,485.059998,37054500,104.0,104.49,103.47,104.47,3943500,104.0,104.49,103.47,104.47,3943500,542.080017,548.53003,541.60999,547.099976,55839500,542.080017,548.53003,541.60999,547.099976,55839500,34.76,34.98,34.65,34.98,505300,4.285,4.244,4.294,4.231,4.285,4.244,4.294,4.231
2024-06-18,66481.81,66574.33,64010.01,65152.8,1.074068,1.076125,1.071111,1.074068,2320.060059,2333.1499,2306.65991,2329.47998,2320.060059,2333.1499,2306.65991,2329.47998,2.37971e-05,2.37971e-05,2.37971e-05,2.37971e-05,2.37971e-05,2.37971e-05,2.37971e-05,2.37971e-05,66.39,66.68,66.37,66.66,8101100,66.39,66.68,66.37,66.66,8101100,459.79999,460.70001,457.39001,460.0,657900,430.29001,432.89001,424.95001,425.82999,963100,430.29001,432.89001,424.95001,425.82999,963100,80.71,79.92,80.85,79.17,485710.0,1.24,25.15,26.025,24.83,25.82,54458600,485.01001,485.89999,483.42999,485.20999,24438600,104.57,105.31,104.38,104.77,3991300,104.57,105.31,104.38,104.77,3991300,547.15997,548.62,546.72998,548.48999,41376400,547.15997,548.62,546.72998,548.48999,41376400,34.97,35.09,34.97,35.060001,963200,4.219,4.275,4.3,4.207,4.219,4.275,4.3,4.207
2024-06-20,64945.67,66455.52,64500.0,64840.88,1.075153,1.075153,1.070755,1.075153,2330.22998,2365.53003,2327.81006,2360.15991,2330.22998,2365.53003,2327.81006,2360.15991,2.38095e-05,2.38095e-05,2.38095e-05,2.38095e-05,2.38095e-05,2.38095e-05,2.38095e-05,2.38095e-05,66.45,66.61,66.21,66.48,4028300,66.45,66.61,66.21,66.48,4028300,460.0,467.48999,459.16,466.34,1041400,425.56,436.79999,425.56,434.48001,863800,425.56,436.79999,425.56,434.48001,863800,81.29,80.75,81.52,80.3,420500.0,0.87,26.44,26.57,25.155,25.56,66735000,486.42001,486.84,479.62,481.47,33918700,104.63,105.73,104.55,105.07,6996400,104.63,105.73,104.55,105.07,6996400,549.44,550.12,545.17999,547.0,70328200,549.44,550.12,545.17999,547.0,70328200,35.21,35.39,35.15,35.35,1173300,4.261,4.234,4.294,4.228,4.261,4.234,4.294,4.228
2024-06-21,64840.89,65017.1,63300.93,64120.28,1.070641,1.072271,1.06719,1.070641,2360.53003,2368.77002,2316.82007,2321.51001,2360.53003,2368.77002,2316.82007,2321.51001,2.38095e-05,2.38095e-05,2.37954e-05,2.38095e-05,2.38095e-05,2.38095e-05,2.37954e-05,2.38095e-05,66.12,66.15,65.93,66.010002,4106800,66.12,66.15,65.93,66.010002,4106800,467.14999,469.79999,463.64999,467.60001,3365200,431.73999,433.53,427.019989,432.089996,1888800,431.73999,433.53,427.019989,432.089996,1888800,79.96,80.44,80.94,79.59,163220.0,-1.64,24.71,26.09,23.53,23.84,69981600,481.19,482.54001,478.67001,480.17999,39432900,105.19,106.19,104.68,105.61,13311900,105.19,106.19,104.68,105.61,13311900,544.40002,545.65002,543.02002,544.51001,64513900,544.40002,545.65002,543.02002,544.51001,64513900,35.049999,35.18,34.99,35.11,1057600,4.257,4.265,4.279,4.217,4.257,4.265,4.279,4.217
2024-06-24,63169.36,63343.91,58414.28,60263.0,1.068776,1.074703,1.068444,1.068776,2321.43994,2334.68994,2317.78003,2334.38989,2321.43994,2334.68994,2317.78003,2334.38989,2.37954e-05,2.38095e-05,2.37954e-05,2.37954e-05,2.37954e-05,2.38095e-05,2.37954e-05,2.37954e-05,66.64,66.87,66.5,66.51,3009800,66.64,66.87,66.5,66.51,3009800,468.95999,475.69,467.82001,471.51001,1031500,433.89999,437.70001,428.84,430.67001,1077500,433.89999,437.70001,428.84,430.67001,1077500,80.86,79.77,80.99,79.52,158610.0,1.13,23.44,24.387,23.3,24.16,36477400,478.17999,479.92999,473.82001,473.95999,37751000,105.74,107.48,100.94,101.96,13704800,105.74,107.48,100.94,101.96,13704800,544.33002,546.95001,542.62,542.73999,45528700,544.33002,546.95001,542.62,542.73999,45528700,35.37,35.56,35.35,35.46,1305500,4.234,4.257,4.277,4.226,4.234,4.257,4.277,4.226
2024-06-25,60262.16,62400.0,60217.36,61789.71,1.073272,1.074576,1.069221,1.073272,2334.01001,2337.1499,2315.6001,2319.57007,2334.01001,2337.1499,2315.6001,2319.57007,2.37954e-05,2.38095e-05,2.37954e-05,2.37954e-05,2.37954e-05,2.38095e-05,2.37954e-05,2.37954e-05,67.44,67.66,67.27,67.56,5500200,67.44,67.66,67.27,67.56,5500200,470.82001,471.62,466.66,468.070007,715800,430.91,431.56,428.42999,428.48001,724400,430.91,431.56,428.42999,428.48001,724400,80.07,80.97,81.12,79.8,173570.0,-0.98,24.16,24.63,23.92,24.56,29657200,476.070007,479.67999,475.12,479.38,29250200,101.39,102.7,100.029999,101.57,10306700,101.39,102.7,100.029999,101.57,10306700,543.98999,545.20001,542.44,544.83002,38273300,543.98999,545.20001,542.44,544.83002,38273300,35.3,35.35,35.15,35.26,721200,4.248,4.238,4.259,4.209,4.248,4.238,4.259,4.209
2024-06-26,61794.47,62470.0,60656.8,60816.68,1.070962,1.072041,1.066769,1.070962,2319.38989,2324.02002,2293.80005,2298.26001,2319.38989,2324.02002,2293.80005,2298.26001,2.37954e-05,2.38095e-05,2.37954e-05,2.37954e-05,2.37954e-05,2.38095e-05,2.37954e-05,2.37954e-05,67.33,67.51,67.22,67.31,3634200,67.33,67.51,67.22,67.31,3634200,467.0,468.10001,463.72,466.98999,932100,430.32999,433.23001,427.10999,431.48999,779500,430.32999,433.23001,427.10999,431.48999,779500,80.19,79.97,80.85,79.5,147980.0,0.15,24.47,24.66,24.025,24.1,24331400,478.54999,480.92001,478.13,480.37,22737100,100.93,101.39,100.15,101.26,6953800,100.93,101.39,100.15,101.26,6953800,543.69,546.23999,543.030029,545.51001,38550600,543.69,546.23999,543.030029,545.51001,38550600,35.0099983,35.09,34.95,35.040001,616900,4.329,4.244,4.331,4.242,4.329,4.244,4.331,4.242
2024-06-27,60818.86,62346.16,60546.94,61615.39,1.068011,1.072616,1.067783,1.068011,2298.63989,2330.93994,2296.6001,2327.62012,2298.63989,2330.93994,2296.6001,2327.62012,2.38095e-05,2.38095e-05,2.38095e-05,2.38095e-05,2.38095e-05,2.38095e-05,2.38095e-05,2.38095e-05,67.56,67.84,67.5,67.65,3628500,67.56,67.84,67.5,67.65,3628500,468.88,468.88,465.31,467.13,871000,432.54001,437.60001,431.98999,434.91,981600,432.54001,437.60001,431.98999,434.91,981600,80.83,80.14,81.21,79.81,158900.0,0.8,24.1,25.4,24.049999,25.22,37882900,480.12,483.10001,479.29999,481.60999,26222100,101.47,101.78,100.43,100.62,6955400,101.47,101.78,100.43,100.62,6955400,545.37,546.96002,544.60999,546.37,35041500,545.37,546.96002,544.60999,546.37,35041500,35.049999,35.080002,34.83,34.92,634800,4.286,4.333,4.347,4.275,4.286,4.333,4.347,4.275
2024-06-28,61611.43,62170.62,59868.0,60313.35,1.070847,1.072099,1.068604,1.070847,2327.6001,2339.71997,2319.18994,2326.68994,2327.6001,2339.71997,2319.18994,2326.68994,2.37954e-05,2.38095e-05,2.37954e-05,2.38095e-05,2.37954e-05,2.38095e-05,2.37954e-05,2.38095e-05,68.21,68.62,67.97,68.24,4208000,68.21,68.62,67.97,68.24,4208000,470.049988,471.75,464.87,467.10001,3472500,436.31,438.10001,433.95001,435.95001,1103100,436.31,438.10001,433.95001,435.95001,1103100,80.64,80.96,81.78,80.15,110620.0,-0.24,25.28,25.57,25.030001,25.33,38886400,482.41,487.20001,478.45999,479.10999,34881600,100.9,100.9,100.059998,100.39,13853200,100.9,100.9,100.059998,100.39,13853200,547.15997,550.28003,542.95001,544.21997,76144500,547.15997,550.28003,542.95001,544.21997,76144500,34.91,34.98,34.72,34.88,858200,4.392,4.288,4.404,4.261,4.392,4.288,4.404,4.261
2024-07-01,62669.14,63801.26,62448.46,62830.13,1.073526,1.077819,1.072076,1.073526,2324.6499,2338.56006,2318.67993,2331.72998,2324.6499,2338.56006,2318.67993,2331.72998,2.37954e-05,2.38095e-05,2.37954e-05,2.38095e-05,2.37954e-05,2.38095e-05,2.37954e-05,2.38095e-05,68.15,68.3,67.69,67.79,5401100,68.15,68.3,67.69,67.79,5401100,470.76999,471.67999,464.76001,466.44,562500,437.60001,440.5,433.23001,435.0,719100,437.60001,440.5,433.23001,435.0,719100,82.32,80.56,82.58,80.49,214490.0,2.08,25.48,26.02,25.142,25.88,33167900,480.040009,482.48999,476.26001,481.92001,24898300,100.88,101.68,99.31,99.55,4475200,100.88,101.68,99.31,99.55,4475200,545.63,545.88,542.52002,545.34003,40297800,545.63,545.88,542.52002,545.34003,40297800,34.99,35.2,34.77,34.82,641000,4.471,4.412,4.493,4.386,4.471,4.412,4.493,4.386
2024-07-02,62830.94,63223.57,61000.0,62040.22,1.07371,1.07461,1.071065,1.07371,2332.22998,2336.78003,2319.42993,2329.46997,2332.22998,2336.78003,2319.42993,2329.46997,2.37954e-05,2.38095e-05,2.37954e-05,2.37954e-05,2.37954e-05,2.38095e-05,2.37954e-05,2.37954e-05,68.5,68.9,68.39,68.86,5328600,68.5,68.9,68.39,68.86,5328600,465.60001,466.67001,464.019989,465.70001,502500,434.72,437.48001,433.66,437.37,504000,434.72,437.48001,433.66,437.37,504000,81.91,82.39,83.22,81.83,225170.0,-0.5,25.84,26.43,25.75,25.83,32148200,480.41,487.040009,480.28,486.98001,26723600,99.29,100.63,99.07,100.41,8299900,99.29,100.63,99.07,100.41,8299900,543.70001,549.01001,543.65002,549.01001,40434800,543.70001,549.01001,543.65002,549.01001,40434800,34.73,34.88,34.65,34.87,699400,4.438,4.457,4.465,4.414,4.438,4.457,4.465,4.414
2024-07-03,62039.44,62197.01,59332.76,60145.01,1.074841,1.08156,1.07371,1.074841,2330.16992,2364.93994,2327.060059,2356.13989,2330.16992,2364.93994,2327.060059,2356.13989,2.37954e-05,2.38095e-05,2.37954e-05,2.37954e-05,2.37954e-05,2.38095e-05,2.37954e-05,2.37954e-05,69.23,69.5,69.15,69.49,2933800,69.23,69.5,69.15,69.49,2933800,465.48999,466.47,464.13,466.029999,313300,436.98001,438.51001,434.85001,437.089996,304000,436.98001,438.51001,434.85001,437.089996,304000,83.02,82.25,83.07,81.59,156730.0,1.36,25.96,26.27,25.76,25.85,18433800,486.22,491.17001,486.22,491.040009,18064900,100.9,101.040001,100.38,100.74,2149200,100.9,101.040001,100.38,100.74,2149200,548.69,551.83002,548.65002,551.46002,32789900,548.69,551.83002,548.65002,551.46002,32789900,35.049999,35.27,35.040001,35.22,674900,4.355,4.426,4.445,4.339,4.355,4.426,4.445,4.339
2024-07-05,57036.45,57515.6,53499.9,56639.43,1.081069,1.083835,1.081069,1.081069,2356.80005,2392.96997,2349.80005,2391.62012,2356.80005,2392.96997,2349.80005,2391.62012,2.38095e-05,2.38095e-05,2.37954e-05,2.38095e-05,2.38095e-05,2.38095e-05,2.37954e-05,2.38095e-05,70.0,70.0,69.58,69.96,6710100,70.0,70.0,69.58,69.96,6710100,464.98001,465.0,459.69,462.16,631400,437.089996,437.089996,432.48999,434.73001,436700,437.089996,437.089996,432.48999,434.73001,436700,82.26,82.75,83.58,82.19,168800.0,-2.0,26.0,27.25,25.975,27.23,46703700,491.89001,496.60001,491.59,496.16,28495900,100.49,100.57,99.56,100.37,6153300,100.49,100.57,99.56,100.37,6153300,551.77002,555.049988,551.12,554.64001,41488400,551.77002,555.049988,551.12,554.64001,41488400,35.61,35.61,35.3,35.47,2494500,4.278,4.374,4.404,4.269,4.278,4.374,4.404,4.269
2024-07-08,55852.61,58200.0,54278.93,56699.43,1.082603,1.084716,1.081514,1.082603,2389.57007,2391.19995,2351.23999,2359.20996,2389.57007,2391.19995,2351.23999,2359.20996,2.37954e-05,2.38095e-05,2.37954e-05,2.37954e-05,2.37954e-05,2.38095e-05,2.37954e-05,2.37954e-05,69.82,69.99,69.58,69.62,3454200,69.82,69.99,69.58,69.62,3454200,462.67999,464.57001,461.12,461.76001,447700,435.14999,436.13,429.41,430.25,727900,435.14999,436.13,429.41,430.25,727900,81.52,82.36,82.5,81.29,143020.0,-0.9,27.93,27.986,26.84,27.7,59611200,496.53,497.89999,495.5,497.34,22109400,100.65,101.21,99.98,100.099998,8738100,100.65,101.21,99.98,100.099998,8738100,555.44,556.25,554.19,555.28003,36110500,555.44,556.25,554.19,555.28003,36110500,35.6,35.63,35.38,35.39,456500,4.28,4.29,4.317,4.265,4.28,4.29,4.317,4.265
2024-07-09,56701.18,58295.31,56276.37,58047.86,1.083095,1.083424,1.080625,1.083095,2359.13989,2370.93994,2349.62012,2363.82007,2359.13989,2370.93994,2349.62012,2363.82007,2.38095e-05,2.38095e-05,2.38095e-05,2.38095e-05,2.38095e-05,2.38095e-05,2.38095e-05,2.38095e-05,70.07,70.12,69.83,70.0,8444100,70.07,70.12,69.83,70.0,8444100,461.70001,462.62,459.76001,460.29999,537100,430.0,430.39001,423.67999,423.73001,910300,430.0,430.39001,423.67999,423.73001,910300,80.56,81.45,81.65,80.42,166790.0,-1.18,27.93,28.38,27.23,27.39,53067100,498.87,500.0,496.23999,497.76999,25614500,100.24,101.68,100.019997,101.11,5648900,100.24,101.68,100.019997,101.11,5648900,556.26001,557.17999,555.52002,555.82001,27289700,556.26001,557.17999,555.52002,555.82001,27289700,35.2,35.25,35.029999,35.16,999900,4.298,4.282,4.329,4.274,4.298,4.282,4.329,4.274
2024-07-10,58047.86,59481.93,57157.28,57712.59,1.081479,1.082872,1.081186,1.081479,2364.42993,2386.68994,2363.32007,2371.37988,2364.42993,2386.68994,2363.32007,2371.37988,2.38095e-05,2.38095e-05,2.38095e-05,2.38095e-05,2.38095e-05,2.38095e-05,2.38095e-05,2.38095e-05,71.019997,71.38,70.99,71.28,7060700,71.019997,71.38,70.99,71.28,7060700,460.37,461.39001,457.25,461.01001,656000,422.69,426.59,422.69,426.23999,717700,422.69,426.59,422.69,426.23999,717700,81.07,80.92,81.6,79.95,193210.0,0.63,27.5,28.47,27.37,28.42,43231000,499.70999,503.51999,498.39001,502.95999,28046900,100.9,101.18,99.42,100.68,6483600,100.9,101.18,99.42,100.68,6483600,557.070007,561.66998,556.77002,561.32001,38701200,557.070007,561.66998,556.77002,561.32001,38701200,35.36,35.56,35.31,35.53,692100,4.282,4.296,4.312,4.267,4.282,4.296,4.312,4.267
2024-07-11,57713.4,59533.06,57036.41,57340.77,1.08333,1.089835,1.083295,1.08333,2372.12012,2424.6001,2371.27002,2415.3501,2372.12012,2424.6001,2371.27002,2415.3501,2.37954e-05,2.38095e-05,2.37954e-05,2.38095e-05,2.37954e-05,2.38095e-05,2.37954e-05,2.38095e-05,71.43,71.59,70.97,71.010002,6523300,71.43,71.59,70.97,71.010002,6523300,459.92001,465.76999,456.10999,460.38,1132900,425.059998,433.20001,424.66,432.019989,761200,425.059998,433.20001,424.66,432.019989,761200,81.38,81.35,81.83,80.6,205100.0,0.38,28.49,28.59,26.9,27.64,61546100,503.070007,503.28,490.73001,491.92999,49966600,100.52,102.65,100.22,101.72,7592400,100.52,102.65,100.22,101.72,7592400,561.44,562.33002,555.83002,556.47998,53054200,561.44,562.33002,555.83002,556.47998,53054200,35.67,35.82,35.67,35.78,849400,4.212,4.288,4.315,4.168,4.212,4.288,4.315,4.168
2024-07-12,57343.66,58550.0,56538.33,57909.03,1.087276,1.091119,1.086307,1.087276,2414.8501,2418.31006,2391.53003,2411.11011,2414.8501,2418.31006,2391.53003,2411.11011,2.37954e-05,2.38095e-05,2.37954e-05,2.37954e-05,2.37954e-05,2.38095e-05,2.37954e-05,2.37954e-05,71.099998,71.66,71.089996,71.4,9138800,71.099998,71.66,71.089996,71.4,9138800,462.35999,464.89999,459.53,463.73001,579400,435.0,437.69,431.63,432.23999,692100,435.0,437.69,431.63,432.23999,692100,81.02,81.55,82.29,80.91,276670.0,-0.44,27.32,28.13,27.28,28.07,30760300,492.51001,499.62,492.040009,494.82001,37109400,102.0,102.85,101.019997,101.28,6003000,102.0,102.85,101.019997,101.28,6003000,557.63,563.66998,557.15002,559.98999,53084400,557.63,563.66998,557.15002,559.98999,53084400,36.0,36.17,36.0,36.029999,445100,4.187,4.212,4.241,4.177,4.187,4.212,4.241,4.177
2024-07-15,60804.97,64943.61,60666.59,64757.16,1.088554,1.092192,1.088435,1.088554,2411.66992,2439.53003,2401.36011,2422.28003,2411.66992,2439.53003,2401.36011,2422.28003,2.38095e-05,2.38095e-05,2.38095e-05,2.38095e-05,2.38095e-05,2.38095e-05,2.38095e-05,2.38095e-05,71.5,71.5,70.99,71.059998,10546400,71.5,71.5,70.99,71.059998,10546400,466.70999,467.25,462.78,463.88,783000,434.01001,436.45001,431.070007,431.92001,624400,434.01001,436.45001,431.070007,431.92001,624400,80.84,80.96,81.35,80.36,216420.0,-0.22,28.42,29.3,27.9,28.67,49186300,496.60999,501.01001,494.089996,496.14999,31151400,102.29,102.65,101.52,101.62,3776300,102.29,102.65,101.52,101.62,3776300,562.030029,564.84003,559.63,561.53003,40584300,562.030029,564.84003,559.63,561.53003,40584300,35.88,35.91,35.66,35.72,813500,4.231,4.243,4.249,4.198,4.231,4.243,4.249,4.198
2024-07-16,64757.16,65405.89,62410.33,65088.99,1.090156,1.090631,1.087216,1.090156,2421.97998,2469.6001,2420.070068,2468.67993,2421.97998,2469.6001,2420.070068,2468.67993,2.37954e-05,2.38095e-05,2.37954e-05,2.38095e-05,2.37954e-05,2.38095e-05,2.37954e-05,2.38095e-05,71.32,71.96,71.23,71.9,6357900,71.32,71.96,71.23,71.9,6357900,463.75,469.19,463.75,468.57999,736400,431.20999,436.049988,431.20001,435.16,641300,431.20999,436.049988,431.20001,435.16,641300,79.71,80.85,80.87,79.22,272200.0,-1.4,28.18,28.84,27.47,28.67,59330700,497.62,498.44,493.14999,496.34,25950600,101.87,103.69,101.75,103.68,4341200,101.87,103.69,101.75,103.68,4341200,562.87,565.15997,562.099976,564.85999,36475300,562.87,565.15997,562.099976,564.85999,36475300,35.5,35.83,35.47,35.82,1229600,4.16,4.222,4.222,4.156,4.16,4.222,4.222,4.156
2024-07-17,65086.55,66139.0,63853.99,64085.81,1.090251,1.094715,1.089633,1.090251,2468.59009,2483.73999,2451.6499,2458.65991,2468.59009,2483.73999,2451.6499,2458.65991,2.37954e-05,2.38095e-05,2.37954e-05,2.38095e-05,2.37954e-05,2.38095e-05,2.37954e-05,2.38095e-05,71.49,71.73,71.34,71.48,5174600,71.49,71.73,71.34,71.48,5174600,470.0,476.78,469.70001,476.070007,1123100,434.70999,441.82999,433.94,440.17001,1140100,434.70999,441.82999,433.94,440.17001,1140100,81.44,79.82,81.63,79.43,419580.0,2.17,28.0,28.87,27.6,28.22,45203500,488.28,488.79999,481.70001,481.76999,56268800,103.82,105.28,103.82,104.99,5433000,103.82,105.28,103.82,104.99,5433000,558.79999,560.51001,556.60999,556.94,57119000,558.79999,560.51001,556.60999,556.94,57119000,35.85,36.0,35.83,35.95,768700,4.16,4.161,4.196,4.144,4.16,4.161,4.196,4.144
2024-07-18,64085.82,65130.88,63222.6,63982.86,1.09402,1.094212,1.090536,1.09402,2458.90991,2474.93994,2440.47998,2445.090088,2458.90991,2474.93994,2440.47998,2445.090088,2.37954e-05,2.38095e-05,2.37954e-05,2.37954e-05,2.37954e-05,2.38095e-05,2.37954e-05,2.37954e-05,71.29,71.34,70.24,70.4,8310500,71.29,71.34,70.24,70.4,8310500,474.5,480.85999,473.019989,476.0,981100,437.44,445.85999,437.44,439.60999,891200,437.44,445.85999,437.44,439.60999,891200,81.3,81.68,82.27,80.61,398370.0,-0.17,28.42,29.83,28.15,28.64,76485600,485.53,485.70999,476.26999,479.48999,49347400,105.0,105.46,103.78,103.84,4450100,105.0,105.46,103.78,103.84,4450100,558.51001,559.52002,550.42999,552.65997,56270400,558.51001,559.52002,550.42999,552.65997,56270400,36.07,36.13,35.58,35.61,2722400,4.202,4.161,4.206,4.156,4.202,4.161,4.206,4.156
2024-07-19,63977.64,67504.22,63289.15,66707.61,1.090156,1.090156,1.087737,1.090156,2445.46997,2445.61011,2393.98999,2400.78003,2445.46997,2445.61011,2393.98999,2400.78003,2.37954e-05,2.38095e-05,2.37954e-05,2.37954e-05,2.37954e-05,2.38095e-05,2.37954e-05,2.37954e-05,70.22,70.32,69.89,69.96,3713400,70.22,70.32,69.89,69.96,3713400,479.54001,479.54001,472.81,474.92001,889400,442.54999,442.54999,434.79999,437.94,720000,442.54999,442.54999,434.79999,437.94,720000,78.64,80.88,81.34,78.59,427060.0,-3.27,28.31,29.6,28.27,28.58,49581600,479.14999,481.69,473.94,475.23999,42042900,104.5,104.5,102.64,102.81,7229600,104.5,104.5,102.64,102.81,7229600,552.41998,554.080017,547.90997,548.98999,65509100,552.41998,554.080017,547.90997,548.98999,65509100,35.54,35.59,35.42,35.51,901600,4.243,4.194,4.249,4.185,4.243,4.194,4.249,4.185
2024-07-22,68181.16,68495.0,66569.42,67558.22,1.089918,1.090156,1.08737,1.089918,2403.84009,2412.15991,2384.02002,2396.57007,2403.84009,2412.15991,2384.02002,2396.57007,2.38095e-05,2.38095e-05,2.38095e-05,2.38095e-05,2.38095e-05,2.38095e-05,2.38095e-05,2.38095e-05,70.25,70.39,70.010002,70.3,2190700,70.25,70.39,70.010002,70.3,2190700,475.0,476.13,472.85001,474.59,881600,437.60001,438.87,435.10999,438.10001,790700,437.60001,438.87,435.10999,438.10001,790700,78.4,78.95,79.13,77.55,345240.0,-0.31,28.93,28.97,27.69,28.46,38037800,481.16,483.35001,477.70999,482.32001,40300000,102.68,103.82,102.62,103.77,6207900,102.68,103.82,102.62,103.77,6207900,553.0,555.27002,551.02002,554.65002,43346700,553.0,555.27002,551.02002,554.65002,43346700,35.8,35.87,35.64,35.77,805200,4.254,4.218,4.278,4.204,4.254,4.218,4.278,4.204
2024-07-23,67560.03,67786.84,65444.3,65939.24,1.088981,1.090037,1.084446,1.088981,2397.060059,2412.090088,2388.37988,2409.67993,2397.060059,2412.090088,2388.37988,2409.67993,2.38095e-05,2.38095e-05,2.38095e-05,2.38095e-05,2.38095e-05,2.38095e-05,2.38095e-05,2.38095e-05,70.13,70.42,70.010002,70.24,2688600,70.13,70.42,70.010002,70.24,2688600,488.84,501.76999,482.85999,501.29001,2579100,439.44,443.64001,437.0,442.29999,681200,439.44,443.64001,437.0,442.29999,681200,75.92,77.15,77.63,75.45,191990.0,-3.16,28.34,29.19,28.31,28.81,31134300,481.41,484.42999,480.14001,480.62,23282500,103.77,105.58,103.62,104.97,7602000,103.77,105.58,103.62,104.97,7602000,554.53998,556.73999,553.28003,553.78003,34439600,554.53998,556.73999,553.28003,553.78003,34439600,35.52,35.57,35.46,35.48,1112600,4.254,4.253,4.256,4.221,4.254,4.253,4.256,4.221
2024-07-24,65939.24,67131.17,65090.61,65366.4,1.085069,1.086649,1.082673,1.085069,2408.8501,2431.98999,2396.86011,2397.29004,2408.8501,2431.98999,2396.86011,2397.29004,2.37954e-05,2.38095e-05,2.37954e-05,2.38095e-05,2.37954e-05,2.38095e-05,2.37954e-05,2.38095e-05,69.79,69.84,68.86,68.86,3129800,69.79,69.84,68.86,68.86,3129800,505.0,519.59003,501.41,515.20001,2580100,444.44,445.95001,437.019989,442.12,1301000,444.44,445.95001,437.019989,442.12,1301000,76.58,76.35,77.08,75.93,184200.0,0.87,28.44,28.685,26.58,26.6,49004100,473.82001,474.19,462.51001,463.38,58818600,105.050003,105.86,104.019997,104.83,7180200,105.050003,105.86,104.019997,104.83,7180200,548.85999,549.16998,540.28998,541.22998,74515300,548.85999,549.16998,540.28998,541.22998,74515300,35.52,35.61,35.32,35.32,1826200,4.286,4.254,4.292,4.21,4.286,4.254,4.292,4.21
2024-07-25,65358.86,66161.98,63412.46,65795.42,1.083952,1.086437,1.082931,1.083952,2398.12012,2401.31006,2353.22998,2364.71997,2398.12012,2401.31006,2353.22998,2364.71997,2.38095e-05,2.38095e-05,2.38095e-05,2.38095e-05,2.38095e-05,2.38095e-05,2.38095e-05,2.38095e-05,67.7,68.47,67.42,67.78,7596400,67.7,68.47,67.42,67.78,7596400,515.0,526.69,512.87,521.40002,1923900,460.92999,472.82999,458.92999,470.57001,2050800,460.92999,472.82999,458.92999,470.57001,2050800,77.11,76.43,77.28,75.05,224030.0,0.69,26.040001,27.288,25.42,26.63,45474600,463.72,467.94,455.63,458.26999,59256800,110.23,115.82,109.45,113.47,14997000,110.23,115.82,109.45,113.47,14997000,541.34998,547.46002,537.45001,538.40997,61158300,541.34998,547.46002,537.45001,538.40997,61158300,35.36,35.75,35.31,35.51,1156100,4.245,4.278,4.278,4.196,4.245,4.278,4.278,4.196
2024-07-26,65795.52,68216.66,65705.6,67924.08,1.085128,1.08685,1.084269,1.085128,2364.33008,2390.80005,2355.87988,2387.070068,2364.33008,2390.80005,2355.87988,2387.070068,2.38095e-05,2.38095e-05,2.37954e-05,2.38095e-05,2.38095e-05,2.38095e-05,2.37954e-05,2.38095e-05,68.31,68.84,68.24,68.69,4355600,68.31,68.84,68.24,68.69,4355600,522.28998,528.64001,520.01001,524.79999,1141300,477.56,484.45001,472.10999,480.29999,1164600,477.56,484.45001,472.10999,480.29999,1164600,76.0,77.18,77.41,75.08,161410.0,-1.44,27.0,27.34,26.77,27.18,27432200,462.64999,465.92999,459.76999,462.97,39992100,113.96,115.23,113.5,113.95,7526300,113.96,115.23,113.5,113.95,7526300,542.28003,547.19,541.48999,544.44,53763800,542.28003,547.19,541.48999,544.44,53763800,35.81,36.12,35.81,36.02,1418200,4.194,4.243,4.264,4.19,4.194,4.243,4.264,4.19
2024-07-29,68244.3,70000.0,66400.01,66771.45,1.085376,1.087193,1.08031,1.085376,2388.01001,2403.25,2369.81006,2383.57007,2388.01001,2403.25,2369.81006,2383.57007,2.38095e-05,2.38095e-05,2.37954e-05,2.38095e-05,2.38095e-05,2.38095e-05,2.37954e-05,2.38095e-05,68.9,69.0,68.58,68.85,5189700,68.9,69.0,68.58,68.85,5189700,523.0,529.46002,519.26001,527.64001,961200,481.049988,482.54001,475.23999,477.29001,877300,481.049988,482.54001,475.23999,477.29001,877300,74.8,76.02,76.52,74.34,178810.0,-1.58,27.56,27.8,26.73,27.08,26038800,465.70999,467.91,461.62,463.89999,28218500,114.0,114.63,113.3,114.44,4138900,114.0,114.63,113.3,114.44,4138900,546.02002,547.049988,542.71997,544.76001,39515800,546.02002,547.049988,542.71997,544.76001,39515800,36.09,36.09,35.87,35.89,635700,4.172,4.196,4.196,4.151,4.172,4.196,4.196,4.151
2024-07-30,66767.14,66994.15,65283.68,66169.68,1.081947,1.083776,1.079995,1.081947,2382.8501,2412.82007,2376.55005,2411.050049,2382.8501,2412.82007,2376.55005,2411.050049,2.37954e-05,2.37954e-05,2.37954e-05,2.37954e-05,2.37954e-05,2.37954e-05,2.37954e-05,2.37954e-05,69.050003,69.18,68.65,68.94,6537000,69.050003,69.18,68.65,68.94,6537000,527.95001,538.46002,525.030029,537.65997,1234200,476.57999,489.059998,475.019989,486.73001,745000,476.57999,489.059998,475.019989,486.73001,745000,73.88,74.87,74.92,73.73,229370.0,-1.23,27.25,27.44,25.89,26.37,31819900,465.85001,466.56,454.14999,457.53,41317200,115.2,117.029999,114.56,116.88,6074400,115.2,117.029999,114.56,116.88,6074400,546.26001,547.34003,538.52002,542.0,46853600,546.26001,547.34003,538.52002,542.0,46853600,35.83,35.89,35.67,35.87,823100,4.141,4.178,4.188,4.13,4.141,4.178,4.188,4.13
2024-07-31,66169.68,66837.4,64500.0,64609.62,1.081607,1.085187,1.080871,1.081607,2409.73999,2450.96997,2403.94995,2447.51001,2409.73999,2450.96997,2403.94995,2447.51001,2.37954e-05,2.38095e-05,2.37954e-05,2.37954e-05,2.37954e-05,2.38095e-05,2.37954e-05,2.37954e-05,71.0,71.19,70.51,70.97,7563800,71.0,71.19,70.51,70.97,7563800,543.0,547.0,538.17999,541.91998,1481500,486.54001,489.38,482.85001,484.32001,1454400,486.54001,489.38,482.85001,484.32001,1454400,76.84,74.37,77.54,74.27,239720.0,4.01,27.02,27.39,26.88,26.89,29111600,467.87,472.79001,466.41,471.070007,44552100,117.5,118.22,116.46,117.49,6780400,117.5,118.22,116.46,117.49,6780400,548.97998,553.5,547.58002,550.81,65663400,548.97998,553.5,547.58002,550.81,65663400,36.18,36.42,36.09,36.26,884200,4.033,4.151,4.155,4.031,4.033,4.151,4.155,4.031
2024-08-01,64609.61,65593.56,62212.81,65288.18,1.082392,1.083776,1.07783,1.082392,2448.92993,2462.27002,2430.36011,2446.3999,2448.92993,2462.27002,2430.36011,2446.3999,2.37954e-05,2.37954e-05,2.37954e-05,2.37954e-05,2.37954e-05,2.37954e-05,2.37954e-05,2.37954e-05,68.62,68.83,67.019997,67.55,9297500,68.62,68.83,67.019997,67.55,9297500,544.039978,549.12,540.69,548.85999,1271700,485.79999,494.64999,483.41,493.35999,997800,485.79999,494.64999,483.41,493.35999,997800,75.4,77.47,77.72,75.32,182470.0,-1.87,27.02,27.535,25.83,26.08,31189600,471.76001,475.54999,455.98001,459.66,56653900,117.72,117.99,116.059998,116.74,5135100,117.72,117.99,116.059998,116.74,5135100,552.57001,554.87,539.42999,543.01001,76428700,552.57001,554.87,539.42999,543.01001,76428700,36.19,36.27,35.47,35.66,1426800,3.982,4.056,4.066,3.965,3.982,4.056,4.066,3.965
2024-08-02,65293.48,65557.86,61150.0,61418.06,1.07876,1.092622,1.078295,1.07876,2446.51001,2477.72998,2411.19995,2442.67993,2446.51001,2477.72998,2411.19995,2442.67993,2.38095e-05,2.38095e-05,2.38095e-05,2.38095e-05,2.38095e-05,2.38095e-05,2.38095e-05,2.38095e-05,65.12,65.33,63.84,64.65,13888800,65.12,65.33,63.84,64.65,13888800,551.12,561.12,541.39001,548.77002,1484800,495.98001,505.0,485.70001,494.54999,1045600,495.98001,505.0,485.70001,494.54999,1045600,72.59,75.89,76.3,72.12,216860.0,-3.73,24.75,24.87,23.75,24.74,56092600,450.89001,453.57001,444.47,448.75,66323200,116.25,118.3,115.07,116.44,4578400,116.25,118.3,115.07,116.44,4578400,535.75,536.98999,528.59998,532.90002,82789100,535.75,536.98999,528.59998,532.90002,82789100,35.46,35.58,35.22,35.47,1033000,3.792,3.97,3.974,3.787,3.792,3.97,3.974,3.787
2024-08-05,58131.31,58282.83,49050.01,53970.57812,1.091084,1.10074,1.089372,1.091084,2441.28003,2458.53003,2364.42993,2410.11011,2441.28003,2458.53003,2364.42993,2410.11011,2.38095e-05,2.38095e-05,2.37954e-05,2.37954e-05,2.38095e-05,2.38095e-05,2.37954e-05,2.37954e-05,60.77,63.87,60.62,63.43,28253800,60.77,63.87,60.62,63.43,28253800,553.15997,562.59998,538.23999,545.38,1683800,497.48001,506.82999,486.29001,492.63,967500,497.48001,506.82999,486.29001,492.63,967500,72.2,73.26,73.53,70.88,228050.0,-0.54,21.74,24.42,21.23,24.09,88023500,424.70999,442.29001,423.45001,435.37,87483500,115.11,116.44,114.37,115.17,5888600,115.11,116.44,114.37,115.17,5888600,511.64001,523.58002,510.26999,517.38,146267400,511.64001,523.58002,510.26999,517.38,146267400,34.24,34.77,34.17,34.48,3598700,3.779,3.789,3.832,3.667,3.779,3.789,3.832,3.667
2024-08-06,53986.85156,57061.37109,53986.85156,56062.73828,1.095098,1.096311,1.090465,1.095098,2410.76001,2418.3501,2381.84009,2389.8999,2410.76001,2418.3501,2381.84009,2389.8999,2.37954e-05,2.38095e-05,2.37954e-05,2.37954e-05,2.37954e-05,2.38095e-05,2.37954e-05,2.37954e-05,62.46,63.63,61.97,63.12,17198200,62.46,63.63,61.97,63.12,17198200,545.97998,549.47998,541.14001,541.56,1033700,493.23001,495.5,485.95999,486.53,741500,493.23001,495.5,485.95999,486.53,741500,72.34,73.14,73.77,71.46,175210.0,0.19,27.049999,27.42,25.57,26.59,99622700,437.23001,447.070007,434.56,439.53,63164400,115.59,116.82,114.12,114.4,4642400,115.59,116.82,114.12,114.4,4642400,519.21997,529.75,517.87,522.15002,84826300,519.21997,529.75,517.87,522.15002,84826300,34.13,34.74,34.11,34.59,2411700,3.901,3.835,3.909,3.805,3.901,3.835,3.909,3.805
2024-08-07,56062.73828,57686.92188,54592.51172,55111.41016,1.092622,1.093637,1.090691,1.092622,2390.090088,2406.97998,2379.070068,2383.1001,2390.090088,2406.97998,2379.070068,2383.1001,2.37954e-05,2.38095e-05,2.37954e-05,2.37954e-05,2.37954e-05,2.38095e-05,2.37954e-05,2.37954e-05,65.68,65.92,64.12,64.17,14686500,65.68,65.92,64.12,64.17,14686500,539.87,552.16998,536.73999,548.51001,1306600,483.35999,495.049988,480.67999,489.75,739800,483.35999,495.049988,480.67999,489.75,739800,74.17,72.0,74.73,71.75,215900.0,2.53,27.07,28.36,26.24,26.32,75975400,446.48999,449.0,434.37,434.76999,54929200,114.3,115.98,113.61,114.15,5553200,114.3,115.98,113.61,114.15,5553200,528.46997,531.59003,518.049988,518.65997,70698300,528.46997,531.59003,518.049988,518.65997,70698300,35.0099983,35.099998,34.67,34.72,1330500,3.953,3.884,3.977,3.875,3.953,3.884,3.977,3.875
2024-08-08,55049.07031,62708.46875,54750.0,61736.17969,1.092813,1.094691,1.088234,1.092813,2382.36011,2427.6499,2381.070068,2427.27002,2382.36011,2427.6499,2381.070068,2427.27002,2.38095e-05,2.38095e-05,2.38095e-05,2.38095e-05,2.38095e-05,2.38095e-05,2.38095e-05,2.38095e-05,65.26,65.71,64.62,65.53,8481100,65.26,65.71,64.62,65.53,8481100,545.51001,553.67999,543.69,551.62,846300,487.67001,495.32001,484.85999,491.32001,544400,487.67001,495.32001,484.85999,491.32001,544400,75.04,74.37,75.27,73.53,205550.0,1.17,27.040001,29.375,26.69,29.28,96892900,441.059998,448.98999,437.14999,448.070007,47890100,113.9,115.84,113.7,115.099998,8889100,113.9,115.84,113.7,115.099998,8889100,523.90997,531.28998,521.84003,530.65002,63276600,523.90997,531.28998,521.84003,530.65002,63276600,34.88,35.27,34.18,35.19,816700,3.99,3.924,4.022,3.894,3.99,3.924,4.022,3.894
2024-08-09,61705.57812,61738.60938,59552.46,60862.13,1.091572,1.093135,1.090965,1.091572,2426.84009,2437.1001,2416.97998,2431.13989,2426.84009,2437.1001,2416.97998,2431.13989,2.37954e-05,2.37954e-05,2.37954e-05,2.37954e-05,2.37954e-05,2.37954e-05,2.37954e-05,2.37954e-05,64.87,65.41,64.69,65.37,8193000,64.87,65.41,64.69,65.37,8193000,552.15997,553.60999,548.13,551.58002,825100,492.47,495.85999,487.0,494.34,519100,492.47,495.85999,487.0,494.34,519100,75.61,74.86,75.79,74.7,143830.0,0.76,29.28,30.36,29.1,30.01,88131100,446.73999,452.059998,445.60999,450.41,33574000,115.040001,116.29,114.87,116.15,5534300,115.040001,116.29,114.87,116.15,5534300,529.81,534.51001,528.56,532.98999,45619600,529.81,534.51001,528.56,532.98999,45619600,35.17,35.45,35.099998,35.4,535400,3.94,3.988,3.99,3.921,3.94,3.988,3.99,3.921
2024-08-12,58717.44,60721.77,57653.31,59358.78,1.091381,1.093972,1.091334,1.091381,2428.30005,2473.19995,2423.8999,2472.13989,2428.30005,2473.19995,2423.8999,2472.13989,2.38095e-05,2.38095e-05,2.38095e-05,2.38095e-05,2.38095e-05,2.38095e-05,2.38095e-05,2.38095e-05,65.4,66.080002,65.33,65.73,7620800,65.4,66.080002,65.33,65.73,7620800,551.070007,557.56,550.40002,556.90997,793700,495.48999,502.69,492.0,501.66,922800,495.48999,502.69,492.0,501.66,922800,78.46,75.62,78.54,75.44,244980.0,3.77,30.22,31.2,29.27,29.38,67890300,451.39001,454.37,448.54999,451.38,27795000,116.86,117.44,115.76,116.6,8602000,116.86,117.44,115.76,116.6,8602000,534.21002,535.72998,530.95001,533.27002,42542100,534.21002,535.72998,530.95001,533.27002,42542100,35.49,35.6,35.41,35.51,1104100,3.907,3.942,3.967,3.896,3.907,3.942,3.967,3.896
2024-08-13,59358.78,61615.43,58402.01,60603.19,1.093625,1.096251,1.091572,1.093625,2470.82007,2476.98999,2458.56006,2465.060059,2470.82007,2476.98999,2458.56006,2465.060059,2.37954e-05,2.37954e-05,2.37954e-05,2.37954e-05,2.37954e-05,2.37954e-05,2.37954e-05,2.37954e-05,67.0,67.71,66.94,67.61,8950200,67.0,67.71,66.94,67.61,8950200,556.90002,559.69,552.31,559.41998,793600,501.48999,502.51001,496.45001,502.38,781000,501.48999,502.51001,496.45001,502.38,781000,76.8,78.09,78.43,76.65,283200.0,-2.12,29.789,30.85,29.56,30.39,57294200,455.82001,462.85001,455.67999,462.57999,40084500,116.79,117.26,116.07,116.86,5911900,116.79,117.26,116.07,116.86,5911900,536.53003,542.28003,536.28003,542.039978,52333100,536.53003,542.28003,536.28003,542.039978,52333100,35.66,35.98,35.61,35.97,2268400,3.846,3.902,3.924,3.845,3.846,3.902,3.924,3.845
2024-08-14,60603.19,61827.2,58453.56,58690.62,1.099699,1.10485,1.098829,1.099699,2466.90991,2479.81006,2438.26001,2448.02002,2466.90991,2479.81006,2438.26001,2448.02002,2.38095e-05,2.38095e-05,2.38095e-05,2.38095e-05,2.38095e-05,2.38095e-05,2.38095e-05,2.38095e-05,67.51,67.77,67.13,67.71,5515200,67.51,67.77,67.13,67.71,5515200,558.080017,564.21997,557.0,563.21997,796700,501.47,507.53,500.82999,505.0,720100,501.47,507.53,500.82999,505.0,720100,75.84,77.1,77.52,75.66,344940.0,-1.25,30.62,31.37,30.33,31.0,49885600,463.51001,465.10999,458.39999,462.73001,34733700,116.84,117.83,116.65,117.65,5826700,116.84,117.83,116.65,117.65,5826700,542.84998,544.96002,540.12,543.75,42446900,542.84998,544.96002,540.12,543.75,42446900,35.97,36.11,35.96,36.11,1149200,3.839,3.846,3.886,3.811,3.839,3.846,3.886,3.811
2024-08-15,58690.62,59883.49,56120.0,57543.61,1.10132,1.10169,1.09505,1.10132,2448.080078,2470.090088,2432.28003,2456.48999,2448.080078,2470.090088,2432.28003,2456.48999,2.37954e-05,2.37954e-05,2.37954e-05,2.37954e-05,2.37954e-05,2.37954e-05,2.37954e-05,2.37954e-05,68.61,69.2,68.57,69.010002,5031400,68.61,69.2,68.57,69.010002,5031400,561.79999,564.080017,558.83002,560.28998,974600,504.63,505.23999,501.32001,503.70001,611800,504.63,505.23999,501.32001,503.70001,611800,76.99,76.07,77.38,75.7,237540.0,1.52,31.31,31.495,30.83,31.22,43407600,468.76001,474.82001,468.38,474.42001,38280600,118.51,118.99,117.53,118.36,5629900,118.51,118.99,117.53,118.36,5629900,549.5,553.35999,548.88,553.070007,60846800,549.5,553.35999,548.88,553.070007,60846800,36.43,36.52,36.31,36.45,1036700,3.919,3.839,3.953,3.828,3.919,3.839,3.953,3.828
2024-08-16,57543.57,59871.61,57096.56,58887.63,1.097273,1.10044,1.097273,1.097273,2456.19995,2509.72998,2450.82007,2507.69995,2456.19995,2509.72998,2450.82007,2507.69995,2.38095e-05,2.38095e-05,2.38095e-05,2.38095e-05,2.38095e-05,2.38095e-05,2.38095e-05,2.38095e-05,69.17,69.57,69.080002,69.37,6661600,69.17,69.57,69.080002,69.37,6661600,561.29999,562.41998,557.0,560.13,912000,504.42001,507.73001,502.12,506.66,580300,504.42001,507.73001,502.12,506.66,580300,75.54,76.81,76.98,74.52,317680.0,-1.88,31.040001,32.75,30.98,32.080002,64870600,472.62,476.41,471.64999,475.029999,38383600,117.87,118.62,117.57,117.95,5251500,117.87,118.62,117.57,117.95,5251500,551.41998,555.02002,551.26001,554.31,44430700,551.41998,555.02002,551.26001,554.31,44430700,36.4,36.51,36.37,36.49,723500,3.883,3.924,3.924,3.864,3.883,3.924,3.924,3.864
2024-08-19,58436.2,59639.81,57820.0,59452.67,1.1025,1.10726,1.10239,1.1025,2506.40991,2507.46997,2485.82007,2504.31006,2506.40991,2507.46997,2485.82007,2504.31006,2.37954e-05,2.37954e-05,2.37954e-05,2.37954e-05,2.37954e-05,2.37954e-05,2.37954e-05,2.37954e-05,69.87,70.46,69.85,70.36,5268800,69.87,70.46,69.85,70.36,5268800,555.32001,562.76001,555.25,558.39001,709700,506.75,508.47,503.51999,504.87,344300,506.75,508.47,503.51999,504.87,344300,73.66,75.47,75.73,73.45,422100.0,-2.49,32.42,32.59,31.814,32.5,52353600,475.17001,481.31,473.37,481.26999,23737700,118.0,118.52,117.98,118.35,5389900,118.0,118.52,117.98,118.35,5389900,554.72998,559.60999,553.85999,559.60999,39121800,554.72998,559.60999,553.85999,559.60999,39121800,36.69,36.96,36.67,36.79,506500,3.875,3.907,3.907,3.852,3.875,3.907,3.907,3.852
2024-08-20,59455.81,61457.03,58571.96,59017.59,1.10865,1.11173,1.10725,1.10865,2503.42993,2531.71997,2497.38989,2514.02002,2503.42993,2531.71997,2497.38989,2514.02002,2.37954e-05,2.38095e-05,2.37954e-05,2.37954e-05,2.37954e-05,2.38095e-05,2.37954e-05,2.37954e-05,70.11,70.43,69.91,70.019997,6518700,70.11,70.43,69.91,70.019997,6518700,557.96997,558.90002,550.96002,557.01001,972200,504.5,508.059998,500.51999,508.040009,452900,504.5,508.059998,500.51999,508.040009,452900,73.17,73.74,74.38,72.54,329280.0,-0.67,32.5,32.72,31.63,32.32,40783000,480.35001,482.94,478.54999,480.26001,29209300,118.33,118.68,117.24,117.95,6129200,118.33,118.68,117.24,117.95,6129200,559.15002,560.84003,557.33002,558.70001,33732300,559.15002,560.84003,557.33002,558.70001,33732300,36.64,36.69,36.44,36.48,733700,3.81,3.871,3.886,3.809,3.81,3.871,3.886,3.809
2024-08-21,59017.59,61849.98,58793.89,61163.28,1.11279,1.11483,1.11056,1.11279,2513.46997,2520.02002,2494.46997,2512.40991,2513.46997,2520.02002,2494.46997,2512.40991,2.37954e-05,2.38095e-05,2.37954e-05,2.37954e-05,2.37954e-05,2.38095e-05,2.37954e-05,2.37954e-05,70.88,71.019997,70.53,70.83,7388200,70.88,71.019997,70.53,70.83,7388200,558.38,559.98999,553.31,553.76001,883100,508.91,509.42001,504.87,506.85999,527300,508.91,509.42001,504.87,506.85999,527300,71.3,72.42,73.39,70.88,178980.0,-2.56,32.32,32.67,31.97,32.54,38147600,481.049988,484.37,479.32001,482.5,25658800,118.5,118.64,116.95,117.26,3050900,118.5,118.64,116.95,117.26,3050900,559.77002,562.10999,554.72998,560.62,41514600,559.77002,562.10999,554.72998,560.62,41514600,36.72,36.86,36.63,36.85,503200,3.799,3.799,3.833,3.761,3.799,3.799,3.833,3.761
2024-08-22,61167.54,61430.48,59750.0,60383.29,1.11554,1.11575,1.10993,1.11554,2511.96997,2514.68994,2470.90991,2484.80005,2511.96997,2514.68994,2470.90991,2484.80005,2.38095e-05,2.38095e-05,2.38095e-05,2.38095e-05,2.38095e-05,2.38095e-05,2.38095e-05,2.38095e-05,71.25,71.31,70.19,70.31,7426000,71.25,71.31,70.19,70.31,7426000,554.17999,558.17999,553.27002,557.030029,774500,506.20999,511.87,506.20999,509.63,500800,506.20999,511.87,506.20999,509.63,500800,72.28,71.36,72.77,71.0,143770.0,1.37,32.55,33.125,31.85,31.92,43522200,484.84,485.54001,473.81,474.85001,37739600,117.36,118.059998,117.18,118.019997,3743600,117.36,118.059998,117.18,118.019997,3743600,562.56,563.17999,554.97998,556.21997,56121500,562.56,563.17999,554.97998,556.21997,56121500,36.95,36.97,36.75,36.78,351300,3.858,3.803,3.877,3.788,3.858,3.803,3.877,3.788
2024-08-23,60383.28,64987.0,60343.2,64086.72,1.11172,1.1196,1.11068,1.11172,2485.12012,2518.36011,2484.48999,2512.40991,2485.12012,2518.36011,2484.48999,2512.40991,2.37954e-05,2.37954e-05,2.37954e-05,2.37954e-05,2.37954e-05,2.37954e-05,2.37954e-05,2.37954e-05,71.19,72.040001,71.099998,71.93,8212200,71.19,72.040001,71.099998,71.93,8212200,558.0,558.87,552.78003,555.01001,870400,510.0,510.39999,505.23999,509.34,554900,510.0,510.39999,505.23999,509.34,554900,73.93,72.21,74.17,72.12,131320.0,2.28,31.99,32.55,31.622,31.78,34121200,479.23999,482.73999,475.28,480.0,36061500,118.29,118.89,117.91,118.52,3427500,118.29,118.89,117.91,118.52,3427500,559.53003,563.090027,557.28998,562.13,50639400,559.53003,563.090027,557.28998,562.13,50639400,37.040001,37.42,36.95,37.4,646300,3.795,3.845,3.86,3.791,3.795,3.845,3.86,3.791
2024-08-26,64250.01,64509.36,62806.8,62840.0,1.11879,1.12011,1.11529,1.11879,2512.12012,2526.8501,2508.78003,2518.040039,2512.12012,2526.8501,2508.78003,2518.040039,2.38095e-05,2.38095e-05,2.38095e-05,2.38095e-05,2.38095e-05,2.38095e-05,2.38095e-05,2.38095e-05,71.38,71.51,70.9,71.029999,6750900,71.38,71.51,70.9,71.029999,6750900,556.10999,560.14001,556.10999,558.099976,795400,510.35999,512.34003,508.81,512.0,515000,510.35999,512.34003,508.81,512.0,515000,76.17,74.13,76.4,74.08,209300.0,3.03,31.43,31.74,30.79,30.85,35283600,479.45001,480.38,473.23999,475.34,27452600,118.69,119.73,118.39,118.7,6260400,118.69,119.73,118.39,118.7,6260400,563.17999,563.90997,559.049988,560.78998,35788600,563.17999,563.90997,559.049988,560.78998,35788600,37.41,37.52,37.36,37.38,917300,3.82,3.789,3.822,3.774,3.82,3.789,3.822,3.774
2024-08-27,62840.09,63226.26,58025.49,59439.64,1.11647,1.11796,1.11513,1.11647,2518.070068,2525.97998,2503.63989,2524.58008,2518.070068,2525.97998,2503.63989,2524.58008,2.37954e-05,2.38095e-05,2.37954e-05,2.38095e-05,2.37954e-05,2.38095e-05,2.37954e-05,2.38095e-05,71.58,71.91,71.49,71.73,4898100,71.58,71.91,71.49,71.73,4898100,559.45001,562.19,557.02002,560.40997,749600,512.049988,513.90997,508.0,512.44,434000,512.049988,513.90997,508.0,512.44,434000,74.46,75.93,76.21,74.34,154880.0,-2.24,30.55,31.12,30.38,30.84,23541300,473.69,477.84,471.70999,476.76001,27510000,118.68,119.59,118.39,119.49,4101200,118.68,119.59,118.39,119.49,4101200,559.48999,562.059998,558.32001,561.56,32693900,559.48999,562.059998,558.32001,561.56,32693900,37.51,37.64,37.47,37.61,950900,3.829,3.81,3.867,3.806,3.829,3.81,3.867,3.806
2024-08-28,59437.68,60236.98,57851.62,59045.88,1.11779,1.11819,1.11054,1.11779,2525.27002,2529.01001,2493.71997,2504.72998,2525.27002,2529.01001,2493.71997,2504.72998,2.37954e-05,2.38095e-05,2.37954e-05,2.38095e-05,2.37954e-05,2.38095e-05,2.37954e-05,2.38095e-05,71.91,72.099998,71.12,71.42,9908200,71.91,72.099998,71.12,71.42,9908200,562.20001,568.72998,561.78003,563.97998,829300,515.56,517.47998,510.14001,513.56,638700,515.56,517.47998,510.14001,513.56,638700,73.44,74.71,74.88,72.92,131590.0,-1.37,30.62,30.8,29.75,30.36,33961400,476.29001,477.019989,467.89001,471.35001,37372400,119.77,121.35,119.68,120.84,4287200,119.77,121.35,119.68,120.84,4287200,561.21002,561.65002,555.039978,558.29999,41066000,561.21002,561.65002,555.039978,558.29999,41066000,37.36,37.49,37.24,37.38,1485500,3.839,3.818,3.848,3.805,3.839,3.818,3.848,3.805
2024-08-29,59047.94,61194.09,58729.39,59364.47,1.1125,1.11402,1.10563,1.1125,2504.94995,2528.6499,2503.68994,2521.16992,2504.94995,2528.6499,2503.68994,2521.16992,2.37954e-05,2.37954e-05,2.37954e-05,2.37954e-05,2.37954e-05,2.37954e-05,2.37954e-05,2.37954e-05,71.8,72.26,71.41,71.54,6345900,71.8,72.26,71.41,71.54,6345900,564.0,568.57001,563.0,566.84998,662300,514.0,521.52002,512.20001,519.34998,509500,514.0,521.52002,512.20001,519.34998,509500,74.67,73.31,75.51,72.92,224370.0,1.67,30.65,31.82,30.484,31.0,39733000,473.28,477.92999,469.37,470.66,41081500,121.089996,122.74,120.54,122.29,3547800,121.089996,122.74,120.54,122.29,3547800,560.31,563.67999,557.17999,558.34998,38715200,560.31,563.67999,557.17999,558.34998,38715200,37.47,37.68,37.37,37.57,701100,3.863,3.835,3.888,3.816,3.863,3.835,3.888,3.816
2024-08-30,59353.12,59929.63,57700.0,59112.77,1.10805,1.10957,1.1054,1.10805,2521.030029,2526.80005,2494.34009,2503.44995,2521.030029,2526.80005,2494.34009,2503.44995,2.37954e-05,2.38095e-05,2.37954e-05,2.37954e-05,2.37954e-05,2.38095e-05,2.37954e-05,2.37954e-05,72.22,72.33,71.69,71.97,6495600,72.22,72.33,71.69,71.97,6495600,564.96997,569.090027,562.54999,568.099976,1082800,516.5,523.62,516.16998,523.21002,712700,516.5,523.62,516.16998,523.21002,712700,72.65,74.69,75.31,72.46,210330.0,-2.71,31.049999,31.5,30.7,31.48,42388000,475.040009,476.89999,470.51001,476.26999,33466500,122.050003,123.7,121.96,123.34,6372000,122.050003,123.7,121.96,123.34,6372000,560.77002,564.20001,557.14001,563.67999,62700100,560.77002,564.20001,557.14001,563.67999,62700100,37.46,37.54,37.27,37.53,866500,3.909,3.867,3.932,3.852,3.909,3.867,3.932,3.852
2024-09-03,59138.89,59825.7,57394.49,57468.84,1.10675,1.10705,1.10338,1.10675,2499.37988,2506.28003,2473.68994,2492.97998,2499.37988,2506.28003,2473.68994,2492.97998,2.38095e-05,2.38095e-05,2.37954e-05,2.38095e-05,2.38095e-05,2.38095e-05,2.37954e-05,2.38095e-05,71.78,72.050003,70.72,70.89,8228800,71.78,72.050003,70.72,70.89,8228800,567.33002,572.0,565.19,567.21997,1266900,522.65002,526.65997,520.51001,522.69,810700,522.65002,526.65997,520.51001,522.69,810700,69.59,72.64,73.35,69.37,231780.0,-5.68,31.35,31.589,30.165,30.51,34531600,473.20001,473.32999,459.41,461.81,44985200,123.12,123.66,120.68,120.99,5543900,123.12,123.66,120.68,120.99,5543900,560.46997,560.81,549.51001,552.080017,60600100,560.46997,560.81,549.51001,552.080017,60600100,37.15,37.15,36.71,36.81,1776800,3.831,3.928,3.932,3.825,3.831,3.928,3.932,3.825
2024-09-04,57460.5,58531.25,55555.0,57971.0,1.10489,1.1094,1.10408,1.10489,2492.71997,2500.19995,2472.02002,2495.6499,2492.71997,2500.19995,2472.02002,2495.6499,2.37954e-05,2.38095e-05,2.37954e-05,2.37954e-05,2.37954e-05,2.38095e-05,2.37954e-05,2.37954e-05,69.88,70.58,69.82,70.16,5105500,69.88,70.58,69.82,70.16,5105500,569.34003,578.72998,568.71997,574.78003,941700,524.01001,528.76001,520.20001,523.67999,580100,524.01001,528.76001,520.20001,523.67999,580100,68.52,69.54,70.61,68.16,235030.0,-1.54,30.0,30.85,29.31,30.59,33419500,458.67001,464.45001,457.73001,460.60999,32505100,121.099998,122.32,120.77,121.11,4484200,121.099998,122.32,120.77,121.11,4484200,550.20001,554.42999,549.46002,550.95001,47224900,550.20001,554.42999,549.46002,550.95001,47224900,36.81,37.029999,36.8,36.88,657300,3.757,3.837,3.842,3.753,3.757,3.837,3.842,3.753
2024-09-05,57971.0,58326.12,55628.04,56156.82,1.10805,1.11211,1.10752,1.10805,2495.45996,2523.22998,2493.90991,2516.76001,2495.45996,2523.22998,2493.90991,2516.76001,2.38095e-05,2.38095e-05,2.38095e-05,2.38095e-05,2.38095e-05,2.38095e-05,2.38095e-05,2.38095e-05,70.37,70.71,70.11,70.58,5091200,70.37,70.71,70.11,70.58,5091200,575.20001,575.91998,564.40997,568.59003,841000,524.73999,525.79999,516.33002,519.39001,384300,524.73999,525.79999,516.33002,519.39001,384300,68.5,68.52,70.01,68.13,210220.0,-0.03,30.24,30.74,30.01,30.16,24012300,458.97,465.35999,457.94,461.040009,34452400,121.19,121.61,118.65,119.64,5764500,121.19,121.61,118.65,119.64,5764500,550.89001,553.79999,547.099976,549.60999,44264300,550.89001,553.79999,547.099976,549.60999,44264300,37.0099983,37.02,36.74,36.88,526300,3.725,3.755,3.774,3.721,3.725,3.755,3.774,3.721
2024-09-06,56156.82,56995.0,52530.0,53950.01,1.11111,1.11496,1.10672,1.11111,2516.82007,2529.18994,2485.26001,2497.44995,2516.82007,2529.18994,2485.26001,2497.44995,2.38095e-05,2.38095e-05,2.37954e-05,2.38095e-05,2.38095e-05,2.38095e-05,2.37954e-05,2.38095e-05,69.53,69.76,67.93,68.089996,11533400,69.53,69.76,67.93,68.089996,11533400,569.049988,572.10999,564.95001,566.63,976700,519.39001,522.89001,514.72998,515.0,535700,519.39001,522.89001,514.72998,515.0,535700,66.98,68.66,69.41,66.51,165620.0,-2.22,30.6,31.040001,29.5,30.33,50946800,460.32999,461.22,448.19,448.69,50624400,119.65,120.77,118.07,118.44,3983700,119.65,120.77,118.07,118.44,3983700,549.94,551.59998,539.44,540.35999,68493800,549.94,551.59998,539.44,540.35999,68493800,36.93,37.0099983,36.41,36.49,798900,3.716,3.734,3.77,3.648,3.716,3.734,3.77,3.648
2024-09-09,54881.1,58119.97,54565.56,57053.9,1.10872,1.10914,1.1035,1.10872,2497.050049,2507.21997,2485.71997,2506.31006,2497.050049,2507.21997,2485.71997,2506.31006,2.38095e-05,2.38095e-05,2.37954e-05,2.37954e-05,2.38095e-05,2.38095e-05,2.37954e-05,2.37954e-05,69.27,69.75,69.17,69.33,4790600,69.27,69.75,69.17,69.33,4790600,567.51001,578.0,567.47998,576.57001,810200,517.0,525.099976,517.0,524.21002,642000,517.0,525.099976,517.0,524.21002,642000,67.91,67.42,68.14,66.61,163360.0,1.39,32.7,34.7,32.47,34.6,140582500,453.059998,455.45999,449.82001,454.45999,32981200,119.64,121.33,119.17,121.16,4492000,119.64,121.33,119.17,121.16,4492000,544.65002,547.71002,542.67999,546.40997,40445800,544.65002,547.71002,542.67999,546.40997,40445800,36.65,36.94,36.64,36.73,758700,3.702,3.734,3.763,3.691,3.702,3.734,3.763,3.691
2024-09-10,57047.82,58050.35,56377.76,57645.59,1.10375,1.10503,1.10162,1.10375,2506.31006,2518.42993,2500.22998,2516.6499,2506.31006,2518.42993,2500.22998,2516.6499,2.37954e-05,2.38095e-05,2.37954e-05,2.37954e-05,2.37954e-05,2.38095e-05,2.37954e-05,2.37954e-05,69.15,69.18,68.4,69.14,4699300,69.15,69.18,68.4,69.14,4699300,577.56,577.84998,570.41998,572.19,756400,525.52002,527.01001,519.32001,519.96997,561500,525.52002,527.01001,519.32001,519.96997,561500,65.14,67.97,68.3,64.61,257970.0,-4.08,34.81,35.2,33.71,34.76,91721000,456.23999,459.17001,452.23001,458.66,29680300,121.51,121.71,119.91,120.3,3806700,121.51,121.71,119.91,120.3,3806700,548.35999,549.15002,543.38,548.78998,36394600,548.35999,549.15002,543.38,548.78998,36394600,36.57,36.57,36.28,36.51,674000,3.64,3.704,3.725,3.637,3.64,3.704,3.725,3.637
2024-09-11,57641.15,58014.35,55534.41,57352.79,1.1021,1.1055,1.10028,1.1021,2516.42993,2528.86011,2501.090088,2511.51001,2516.42993,2528.86011,2501.090088,2511.51001,2.38095e-05,2.38095e-05,2.38095e-05,2.38095e-05,2.38095e-05,2.38095e-05,2.38095e-05,2.38095e-05,69.07,69.64,68.15,69.56,5874000,69.07,69.64,68.15,69.56,5874000,571.20001,572.40997,561.070007,566.96002,809200,517.46997,518.45001,508.13,515.92999,650200,517.46997,518.45001,508.13,515.92999,650200,66.6,65.73,67.14,64.99,237200.0,2.24,34.0099983,34.87,33.62,34.85,68302300,459.91,469.37,451.28,468.62,57843000,119.87,119.87,117.35,119.26,4857200,119.87,119.87,117.35,119.26,4857200,548.70001,555.35999,539.96002,554.41998,75248600,548.70001,555.35999,539.96002,554.41998,75248600,36.51,36.63,36.080002,36.63,1318200,3.661,3.637,3.689,3.605,3.661,3.637,3.689,3.605
2024-09-12,57352.92,58600.0,57311.15,58137.54,1.10109,1.10475,1.10065,1.10109,2512.32007,2560.1001,2511.11011,2558.75,2512.32007,2560.1001,2511.11011,2558.75,2.38095e-05,2.38095e-05,2.37954e-05,2.38095e-05,2.38095e-05,2.38095e-05,2.37954e-05,2.38095e-05,69.48,70.26,69.28,70.25,3155900,69.48,70.26,69.28,70.25,3155900,565.0,568.96997,563.90002,568.27002,739400,512.59003,519.049988,512.59003,518.53998,473600,512.59003,519.049988,512.59003,518.53998,473600,68.15,66.68,68.93,66.55,221590.0,2.33,34.86,35.4,34.531,34.91,54391800,468.64999,474.040009,466.85001,473.22,40175500,119.0,120.15,118.8,120.099998,4229700,119.0,120.15,118.8,120.099998,4229700,555.01001,559.40002,552.73999,559.090027,51892700,555.01001,559.40002,552.73999,559.090027,51892700,36.53,36.79,36.41,36.79,2646100,3.68,3.659,3.706,3.638,3.68,3.659,3.706,3.638
2024-09-13,58137.33,60670.0,57630.01,60543.35,1.10779,1.11025,1.1074,1.10779,2558.31006,2586.1001,2556.76001,2579.01001,2558.31006,2586.1001,2556.76001,2579.01001,2.37954e-05,2.38095e-05,2.37954e-05,2.37954e-05,2.37954e-05,2.38095e-05,2.37954e-05,2.37954e-05,69.88,70.26,69.72,69.87,3882300,69.88,70.26,69.72,69.87,3882300,567.0,572.46002,564.53003,569.90997,638800,517.34003,521.53003,516.090027,519.78003,292800,517.34003,521.53003,516.090027,519.78003,292800,67.75,68.35,69.35,67.58,230300.0,-0.59,34.97,36.0099983,34.89,35.59,49727200,472.48001,476.53,472.25,475.34,29111800,119.9,120.2,118.89,119.12,4708000,119.9,120.2,118.89,119.12,4708000,559.71002,563.030029,559.45001,562.01001,39310500,559.71002,563.030029,559.45001,562.01001,39310500,36.84,36.99,36.83,36.9,339700,3.657,3.65,3.678,3.623,3.657,3.65,3.678,3.623
2024-09-16,59122.7,59214.15,57477.0,58208.75,1.10884,1.11354,1.10871,1.10884,2578.28003,2589.68994,2575.31006,2582.51001,2578.28003,2589.68994,2575.31006,2582.51001,2.38095e-05,2.38095e-05,2.37954e-05,2.38095e-05,2.38095e-05,2.38095e-05,2.37954e-05,2.38095e-05,70.22,70.57,70.089996,70.54,5148600,70.22,70.57,70.089996,70.54,5148600,574.40997,577.0,568.98999,572.91998,597700,524.15997,527.5,519.53998,521.27002,338500,524.15997,527.5,519.53998,521.27002,338500,69.02,68.22,69.61,67.7,235880.0,1.87,35.78,36.92,35.56,36.31,74767300,473.19,473.85999,469.89001,473.23999,22585600,119.97,120.55,118.059998,119.2,6025400,119.97,120.55,118.059998,119.2,6025400,561.73999,563.10999,559.90002,562.84003,36656100,561.73999,563.10999,559.90002,562.84003,36656100,37.080002,37.31,37.029999,37.3,492800,3.618,3.646,3.662,3.618,3.618,3.646,3.662,3.618
2024-09-17,58209.76,61373.41,57620.27,60312.6,1.11295,1.11462,1.11131,1.11295,2582.58008,2586.98999,2560.8999,2569.58008,2582.58008,2586.98999,2560.8999,2569.58008,2.37954e-05,2.37954e-05,2.37954e-05,2.37954e-05,2.37954e-05,2.37954e-05,2.37954e-05,2.37954e-05,69.95,70.16,69.46,69.71,4484600,69.95,70.16,69.46,69.71,4484600,566.65997,568.10999,563.59998,567.01001,739900,515.0,521.90997,513.21997,520.75,423000,515.0,521.90997,513.21997,520.75,423000,69.96,69.35,70.65,68.51,289930.0,1.36,37.0,37.049999,35.87,36.45,64461800,476.29001,477.60001,470.97,473.48999,30084400,118.5,119.040001,117.75,118.73,5101500,118.5,119.040001,117.75,118.73,5101500,565.099976,566.58002,560.78998,563.070007,49321000,565.099976,566.58002,560.78998,563.070007,49321000,37.23,37.26,36.92,37.029999,366400,3.648,3.618,3.655,3.599,3.648,3.618,3.655,3.599
2024-09-18,60317.38,61800.0,59174.5,61769.18,1.11231,1.11408,1.11091,1.11231,2569.48999,2600.15991,2547.15991,2559.37988,2569.48999,2600.15991,2547.15991,2559.37988,2.38095e-05,2.38095e-05,2.37954e-05,2.37954e-05,2.38095e-05,2.38095e-05,2.37954e-05,2.37954e-05,69.54,70.2,69.14,69.39,4204200,69.54,70.2,69.14,69.39,4204200,566.32001,569.53998,562.28003,565.48999,731700,520.75,526.71997,516.94,521.63,532600,520.75,526.71997,516.94,521.63,532600,69.88,69.98,70.31,68.58,367190.0,-0.11,35.9,37.11,35.871,36.38,66279800,474.70001,478.82999,470.82999,471.44,39909200,118.97,119.61,117.77,118.040001,4434800,118.97,119.61,117.77,118.040001,4434800,563.73999,568.69,560.83002,561.40002,59044900,563.73999,568.69,560.83002,561.40002,59044900,37.11,37.32,36.88,36.99,668500,3.713,3.642,3.721,3.634,3.713,3.642,3.721,3.634
2024-09-19,61770.38,63891.82,61569.16,62960.14,1.11148,1.11807,1.10705,1.11148,2557.37988,2594.8999,2551.38989,2586.78003,2557.37988,2594.8999,2551.38989,2586.78003,2.38095e-05,2.38095e-05,2.37954e-05,2.37954e-05,2.38095e-05,2.38095e-05,2.37954e-05,2.37954e-05,71.07,71.42,70.64,71.23,6376100,71.07,71.42,70.64,71.23,6376100,566.46997,567.53003,562.15997,565.17999,917500,522.72998,523.16998,517.44,522.26001,468400,522.72998,523.16998,517.44,522.26001,468400,71.16,69.15,71.53,69.13,354930.0,1.83,37.0,37.35,36.2,36.83,59882000,482.60999,486.23001,480.48999,483.35999,52782500,118.7,119.21,117.26,118.82,5270600,118.7,119.21,117.26,118.82,5270600,571.01001,572.88,568.080017,570.97998,75315500,571.01001,572.88,568.080017,570.97998,75315500,37.43,37.51,37.19,37.49,341500,3.719,3.715,3.768,3.691,3.719,3.715,3.768,3.691
2024-09-20,62956.04,64140.67,62340.0,63210.69,1.1162,1.11817,1.11373,1.1162,2586.26001,2625.82007,2584.88989,2622.27002,2586.26001,2625.82007,2584.88989,2622.27002,2.38095e-05,2.38095e-05,2.37954e-05,2.37954e-05,2.38095e-05,2.38095e-05,2.37954e-05,2.37954e-05,71.5,71.54,70.86,71.27,6623000,71.5,71.54,70.86,71.27,6623000,563.080017,573.5,562.94,571.91998,3794400,521.090027,526.82001,518.22998,525.13,1330400,521.090027,526.82001,518.22998,525.13,1330400,71.0,71.18,71.45,70.37,307000.0,-0.22,36.0099983,37.29,35.71,37.2,450290500,482.48999,483.69,478.29999,482.44,34577700,118.2,118.89,117.86,118.15,16958300,118.2,118.89,117.86,118.15,16958300,567.84003,569.31,565.16998,568.25,77503100,567.84003,569.31,565.16998,568.25,77503100,37.15,37.16,36.98,37.040001,292900,3.741,3.713,3.764,3.7,3.741,3.713,3.764,3.7
2024-09-23,63580.39,64739.67,62566.28,63338.87,1.11608,1.11682,1.10849,1.11608,2620.96997,2634.8501,2613.97998,2628.54004,2620.96997,2634.8501,2613.97998,2628.54004,2.38095e-05,2.38095e-05,2.38095e-05,2.38095e-05,2.38095e-05,2.38095e-05,2.38095e-05,2.38095e-05,71.52,71.89,71.47,71.7,3480500,71.52,71.89,71.47,71.7,3480500,571.5,581.75,570.82001,580.51001,884500,525.23999,534.60999,523.54999,533.14001,524000,525.23999,534.60999,523.54999,533.14001,524000,69.61,70.43,70.94,68.73,185350.0,-1.96,36.86,38.19,36.57,37.95,79460700,482.95001,484.14001,481.60001,483.040009,24843000,118.67,120.48,118.21,120.27,6755400,118.67,120.48,118.21,120.27,6755400,569.34003,570.33002,568.099976,569.66998,44116900,569.34003,570.33002,568.099976,569.66998,44116900,37.24,37.43,37.2,37.38,517900,3.751,3.757,3.794,3.73,3.751,3.757,3.794,3.73
2024-09-24,63338.85,64700.0,62689.15,64272.93,1.11117,1.11635,1.1104,1.11117,2627.17993,2664.37988,2622.81006,2657.13989,2627.17993,2664.37988,2622.81006,2657.13989,2.37954e-05,2.38095e-05,2.37954e-05,2.38095e-05,2.37954e-05,2.38095e-05,2.37954e-05,2.38095e-05,71.14,71.27,70.9,71.080002,5007100,71.14,71.27,70.9,71.080002,5007100,578.92999,581.15997,576.15002,578.63,690100,531.030029,533.77002,526.52002,529.85999,528100,531.030029,533.77002,526.52002,529.85999,528100,70.84,69.96,71.6,69.69,167020.0,1.77,37.97,37.98,36.43,36.9,79519200,484.45999,486.32999,480.17001,485.37,25952600,120.13,120.25,119.080002,120.040001,5844600,120.13,120.25,119.080002,120.040001,5844600,570.47998,571.35999,567.59998,571.29999,46805700,570.47998,571.35999,567.59998,571.29999,46805700,37.58,37.64,37.48,37.53,1405800,3.732,3.745,3.81,3.726,3.732,3.745,3.81,3.726
2024-09-25,64272.93,64811.0,62932.8,63130.89,1.11912,1.12124,1.11417,1.11912,2658.67993,2670.52002,2649.86011,2657.15991,2658.67993,2670.52002,2649.86011,2657.15991,2.37954e-05,2.38095e-05,2.37954e-05,2.38095e-05,2.37954e-05,2.38095e-05,2.37954e-05,2.38095e-05,71.31,71.34,70.84,70.95,3972400,71.31,71.34,70.84,70.95,3972400,581.56,583.75,576.85999,577.94,844500,532.17999,533.0,525.090027,528.10999,437300,532.17999,533.0,525.090027,528.10999,437300,69.13,70.84,71.04,68.69,272170.0,-2.41,36.89,37.18,36.383,37.12,46511700,484.73999,487.79001,484.56,485.82001,26549900,120.51,121.45,120.36,120.9,5713600,120.51,121.45,120.36,120.9,5713600,571.14001,571.89001,568.90997,570.039978,38428600,571.14001,571.89001,568.90997,570.039978,38428600,37.59,37.59,37.29,37.31,561100,3.791,3.732,3.793,3.726,3.791,3.732,3.793,3.726
2024-09-26,63131.13,65865.0,62652.99,65177.21,1.1131,1.11896,1.11268,1.1131,2657.56006,2685.61011,2655.13989,2672.43994,2657.56006,2685.61011,2655.13989,2672.43994,2.38095e-05,2.38095e-05,2.37954e-05,2.38095e-05,2.38095e-05,2.38095e-05,2.37954e-05,2.38095e-05,72.86,73.24,72.45,72.99,6694400,72.86,73.24,72.45,72.99,6694400,575.0,582.53003,574.44,577.40002,746200,524.33002,530.59998,523.21002,524.31,426100,524.33002,530.59998,523.21002,524.31,426100,67.19,69.3,69.47,66.49,274690.0,-2.81,37.26,37.44,36.6,37.099998,48602000,493.37,493.70001,485.79999,489.47,32020200,120.24,121.88,120.13,120.32,6202600,120.24,121.88,120.13,120.32,6202600,574.38,574.71002,569.90002,572.29999,48336000,574.38,574.71002,569.90002,572.29999,48336000,37.56,37.72,37.5,37.66,1171900,3.796,3.783,3.821,3.754,3.796,3.783,3.821,3.754
2024-09-27,65176.39,66550.0,64827.85,65789.0,1.11772,1.11998,1.11266,1.11772,2671.87988,2674.1499,2643.18994,2658.32007,2671.87988,2674.1499,2643.18994,2658.32007,2.37954e-05,2.37954e-05,2.37954e-05,2.37954e-05,2.37954e-05,2.37954e-05,2.37954e-05,2.37954e-05,71.68,72.17,70.82,71.080002,8990200,71.68,72.17,70.82,71.080002,8990200,577.65002,584.070007,575.33002,582.35999,848100,523.48999,528.92999,521.96997,526.78998,528800,523.48999,528.92999,521.96997,526.78998,528800,67.67,66.95,68.13,66.58,169900.0,0.71,36.91,37.47,36.59,36.84,43219100,490.5,490.64001,485.56,486.75,22851100,119.94,121.24,119.62,120.39,7941800,119.94,121.24,119.62,120.39,7941800,573.39001,574.21997,570.41998,571.46997,42100900,573.39001,574.21997,570.41998,571.46997,42100900,37.73,37.88,37.6,37.67,1143100,3.751,3.792,3.809,3.741,3.751,3.792,3.809,3.741
2024-09-30,65600.01,65624.95,62833.95,63301.25,1.11698,1.12084,1.11361,1.11698,2661.73999,2666.050049,2624.77002,2634.72998,2661.73999,2666.050049,2624.77002,2634.72998,2.38095e-05,2.38095e-05,2.37954e-05,2.37954e-05,2.38095e-05,2.38095e-05,2.37954e-05,2.37954e-05,71.84,71.93,71.14,71.54,5042300,71.84,71.93,71.14,71.54,5042300,584.14001,584.95001,579.21002,584.56,974900,526.71997,528.94,521.90002,528.070007,957200,526.71997,528.94,521.90002,528.070007,957200,67.77,68.08,68.83,67.14,189290.0,0.15,36.58,37.32,36.15,37.2,42110200,485.78,488.41,482.92001,488.070007,30281100,120.68,121.29,119.77,121.16,5475700,120.68,121.29,119.77,121.16,5475700,570.41998,574.38,568.080017,573.76001,63557400,570.41998,574.38,568.080017,573.76001,63557400,37.53,37.57,37.25,37.41,553200,3.787,3.753,3.806,3.749,3.787,3.753,3.806,3.749
2024-10-01,63305.52,64106.75,60150.89,60790.0,1.11366,1.11458,1.10611,1.11366,2633.37988,2673.12012,2632.38989,2663.42993,2633.37988,2673.12012,2632.38989,2663.42993,2.38095e-05,2.38095e-05,2.37954e-05,2.37954e-05,2.38095e-05,2.38095e-05,2.37954e-05,2.37954e-05,72.19,72.35,71.22,71.64,5128000,72.19,72.35,71.22,71.64,5128000,586.12,611.48999,581.90997,605.85999,2356200,528.17999,555.57001,525.78003,543.88,1200800,528.17999,555.57001,525.78003,543.88,1200800,69.39,68.05,71.36,65.99,353030.0,2.39,37.21,37.56,36.049999,36.46,52858000,487.70001,488.0,477.39999,481.26999,42735400,121.18,124.59,120.14,124.39,7206900,121.18,124.59,120.14,124.39,7206900,573.40002,574.059998,566.0,568.62,72668800,573.40002,574.059998,566.0,568.62,72668800,37.44,37.44,37.17,37.34,806400,3.731,3.779,3.79,3.696,3.731,3.779,3.79,3.696
2024-10-02,60792.63,62376.51,59981.91,60649.8,1.10639,1.10822,1.10341,1.10639,2661.94995,2663.32007,2641.27002,2658.80005,2661.94995,2663.32007,2641.27002,2658.80005,2.38095e-05,2.38095e-05,2.38095e-05,2.38095e-05,2.38095e-05,2.38095e-05,2.38095e-05,2.38095e-05,71.099998,71.42,70.81,71.23,4396300,71.099998,71.42,70.81,71.23,4396300,604.94,610.0,601.41998,603.20001,1192500,544.48999,547.22998,538.28998,538.87,690900,544.48999,547.22998,538.28998,538.87,690900,69.69,70.3,71.95,69.45,241140.0,0.43,36.3,37.68,36.145,37.49,34988900,480.35999,483.88,477.72,481.95001,23744000,125.22,125.53,123.64,124.040001,3802900,125.22,125.53,123.64,124.040001,3802900,567.71002,569.90002,565.27002,568.85999,38097800,567.71002,569.90002,565.27002,568.85999,38097800,37.36,37.41,37.18,37.24,284300,3.783,3.733,3.817,3.724,3.783,3.733,3.817,3.724
2024-10-03,60632.59,61480.78,59829.05,60746.37,1.10485,1.10485,1.10096,1.10485,2658.52002,2662.88989,2640.1001,2656.19995,2658.52002,2662.88989,2640.1001,2656.19995,2.37954e-05,2.37954e-05,2.37954e-05,2.37954e-05,2.37954e-05,2.37954e-05,2.37954e-05,2.37954e-05,70.55,71.050003,70.49,70.95,3879300,70.55,71.050003,70.49,70.95,3879300,604.44,609.0,601.0,605.82001,856600,539.84998,543.59998,535.0,537.58002,443700,539.84998,543.59998,535.0,537.58002,443700,73.17,70.49,73.51,70.08,275080.0,4.99,37.45,39.29,37.37,39.24,57196400,479.73999,484.54999,478.98999,481.59,25337200,124.5,124.9,123.2,123.67,4765700,124.5,124.9,123.2,123.67,4765700,567.35999,569.79999,565.48999,567.82001,40846500,567.35999,569.79999,565.48999,567.82001,40846500,36.93,36.96,36.75,36.83,860700,3.846,3.789,3.855,3.785,3.846,3.789,3.855,3.785
2024-10-04,60746.98,62483.94,60464.56,62086.44,1.10356,1.104,1.095614,1.10356,2657.070068,2670.19995,2632.1001,2653.52002,2657.070068,2670.19995,2632.1001,2653.52002,2.38095e-05,2.38095e-05,2.38095e-05,2.38095e-05,2.38095e-05,2.38095e-05,2.38095e-05,2.38095e-05,71.46,71.93,71.44,71.88,4020900,71.46,71.93,71.44,71.88,4020900,603.65997,606.28998,599.32001,605.13,559800,535.82001,538.56,534.059998,536.73999,393900,535.82001,538.56,534.059998,536.73999,393900,73.68,73.35,74.84,72.94,262040.0,0.7,39.65,40.29,39.4,40.0099983,62532500,487.45001,487.88,482.39001,487.32001,30686600,123.7,124.98,123.15,124.91,3055900,123.7,124.98,123.15,124.91,3055900,572.34998,573.35999,568.099976,572.97998,42939100,572.34998,573.35999,568.099976,572.97998,42939100,36.78,36.99,36.72,36.97,480200,3.981,3.844,3.985,3.834,3.981,3.844,3.985,3.834
2024-10-07,62828.63,64465.08,62127.3,62249.83,1.097454,1.098503,1.095554,1.097454,2651.75,2659.6499,2637.87988,2643.31006,2651.75,2659.6499,2637.87988,2643.31006,2.37897e-05,2.37897e-05,2.37897e-05,2.37897e-05,2.37897e-05,2.37897e-05,2.37897e-05,2.37897e-05,71.17,71.33,70.77,71.040001,2930400,71.17,71.33,70.77,71.040001,2930400,607.0,611.59003,604.0,605.53998,1102200,536.26001,539.29999,531.46002,533.96997,436200,536.26001,539.29999,531.46002,533.96997,436200,76.47,73.76,76.7,73.01,257210.0,3.79,39.9,40.15,38.775,38.89,44124800,485.39001,486.57001,480.87,482.10001,24975100,124.85,125.68,124.25,125.050003,4606100,124.85,125.68,124.25,125.050003,4606100,571.29999,571.96002,566.63,567.79999,49964700,571.29999,571.96002,566.63,567.79999,49964700,36.87,36.93,36.68,36.78,341000,4.026,3.981,4.033,3.967,4.026,3.981,4.033,3.967
2024-10-08,62258.97,63208.38,61869.42,62168.31,1.097574,1.099747,1.096167,1.097574,2643.32007,2652.97998,2604.88989,2622.90991,2643.32007,2652.97998,2604.88989,2622.90991,2.37954e-05,2.38095e-05,2.37954e-05,2.38095e-05,2.37954e-05,2.38095e-05,2.37954e-05,2.38095e-05,71.18,71.48,71.16,71.26,2883400,71.18,71.48,71.16,71.26,2883400,607.21997,610.75,603.090027,608.049988,571800,536.01001,536.62,531.64001,532.65002,422500,536.01001,536.62,531.64001,532.65002,422500,72.98,76.63,77.7,72.12,329530.0,-4.56,39.29,41.49,39.014999,41.45,62542900,484.66,489.98999,483.85001,489.29999,28272000,125.43,125.94,123.27,123.5,3194500,125.43,125.94,123.27,123.5,3194500,570.41998,573.78003,569.53003,573.16998,37398700,570.41998,573.78003,569.53003,573.16998,37398700,36.56,36.58,36.32,36.44,551500,4.035,4.02,4.057,3.996,4.035,4.02,4.057,3.996
2024-10-09,62168.3,62545.55,60303.51,60635.91,1.097574,1.098056,1.094068,1.097574,2622.98999,2624.38989,2605.22998,2609.26001,2622.98999,2624.38989,2605.22998,2609.26001,2.37954e-05,2.37954e-05,2.37954e-05,2.37954e-05,2.37954e-05,2.37954e-05,2.37954e-05,2.37954e-05,70.54,70.98,70.51,70.89,2758400,70.54,70.98,70.51,70.89,2758400,606.71002,607.14001,603.02002,605.10999,543800,531.54999,534.53003,528.77002,532.22998,428500,531.54999,534.53003,528.77002,532.22998,428500,72.59,73.27,73.82,71.0,228020.0,-0.53,41.55,43.34,41.21,43.13,86404700,489.0,493.73001,487.95001,493.14999,24995000,123.029999,124.74,122.6,123.95,3210400,123.029999,124.74,122.6,123.95,3210400,573.15997,577.71002,572.54999,577.14001,37912200,573.15997,577.71002,572.54999,577.14001,37912200,36.33,36.67,36.33,36.62,559000,4.067,4.018,4.078,4.006,4.067,4.018,4.078,4.006
2024-10-10,60626.76,61363.06,58929.86,60330.71,1.094331,1.095446,1.091405,1.094331,2609.27002,2631.40991,2604.17993,2629.34009,2609.27002,2631.40991,2604.17993,2629.34009,2.37954e-05,2.38095e-05,2.37954e-05,2.38095e-05,2.37954e-05,2.38095e-05,2.37954e-05,2.38095e-05,70.39,70.92,70.21,70.9,2604800,70.39,70.92,70.21,70.9,2604800,606.10999,607.28998,596.21997,597.48999,853700,532.21002,532.21002,525.88,527.090027,372800,532.21002,532.21002,525.88,527.090027,372800,75.11,72.73,75.45,72.62,206390.0,3.47,42.92,43.878,42.41,43.52,62516300,490.85001,494.47,489.53,492.59,25750400,123.63,124.07,122.41,122.94,2785300,123.63,124.07,122.41,122.94,2785300,575.77002,577.58002,574.48999,576.13,44138100,575.77002,577.58002,574.48999,576.13,44138100,36.55,36.61,36.41,36.58,331600,4.094,4.073,4.12,4.051,4.094,4.073,4.12,4.051
2024-10-11,60330.71,63424.28,60100.0,62541.68,1.093386,1.095422,1.092741,1.093386,2629.42993,2661.47998,2628.23999,2656.17993,2629.42993,2661.47998,2628.23999,2656.17993,2.38095e-05,2.38095e-05,2.38095e-05,2.38095e-05,2.38095e-05,2.38095e-05,2.38095e-05,2.38095e-05,70.62,71.12,70.59,71.050003,3398100,70.62,71.12,70.59,71.050003,3398100,600.58002,604.54999,600.090027,604.16998,526000,529.01001,531.0,526.53003,528.70001,325100,529.01001,531.0,526.53003,528.70001,325100,74.85,75.0,75.28,73.85,217340.0,-0.35,43.4,44.38,42.62,43.51,66206900,490.73999,494.39001,490.17001,493.35999,20644500,123.0,123.93,122.9,123.93,2556200,123.0,123.93,122.9,123.93,2556200,576.049988,580.33002,575.90997,579.58002,42268000,576.049988,580.33002,575.90997,579.58002,42268000,36.47,36.7,36.47,36.55,3407000,4.073,4.069,4.118,4.059,4.073,4.069,4.118,4.059
2024-10-15,66114.59,67962.51,64797.64,67120.25,1.090917,1.091822,1.088578,1.090917,2652.62012,2668.93994,2638.22998,2661.81006,2652.62012,2668.93994,2638.22998,2661.81006,2.37954e-05,2.38095e-05,2.37954e-05,2.37954e-05,2.37954e-05,2.38095e-05,2.37954e-05,2.37954e-05,70.75,70.77,69.62,69.71,6168100,70.75,70.77,69.62,69.71,6168100,612.5,614.62,603.71997,605.0,849600,535.27002,536.12,525.88,526.92999,710700,535.27002,536.12,525.88,526.92999,710700,70.01,71.14,71.57,69.2,244860.0,-4.41,43.475,43.68,41.515,42.43,48297000,497.82999,498.5,488.67999,490.85001,34784500,125.97,126.82,124.7,125.029999,7521300,125.97,126.82,124.7,125.029999,7521300,584.59003,584.90002,578.53998,579.78003,54203600,584.59003,584.90002,578.53998,579.78003,54203600,36.66,36.71,36.44,36.51,1988700,4.038,4.1,4.104,4.026,4.038,4.1,4.104,4.026
2024-10-16,67135.14,68416.38,66765.04,67628.96,1.088412,1.090156,1.086815,1.088412,2661.84009,2685.27002,2658.77002,2674.97998,2661.84009,2685.27002,2658.77002,2674.97998,2.38095e-05,2.38095e-05,2.38095e-05,2.38095e-05,2.38095e-05,2.38095e-05,2.38095e-05,2.38095e-05,70.010002,70.21,69.81,70.13,6439900,70.010002,70.21,69.81,70.13,6439900,603.0,613.01001,602.62,612.83002,549200,525.080017,531.66998,525.0,531.42999,541200,525.080017,531.66998,525.0,531.42999,541200,69.82,70.39,70.69,69.12,181550.0,-0.27,42.4,42.49,40.36,41.93,59157900,491.17999,491.69,487.57001,490.91,22996800,124.77,126.24,124.2,126.22,3127400,124.77,126.24,124.2,126.22,3127400,579.78003,582.83002,578.96002,582.29999,30725400,579.78003,582.83002,578.96002,582.29999,30725400,36.75,36.81,36.67,36.81,782000,4.016,4.037,4.043,3.995,4.016,4.037,4.043,3.995
2024-10-17,67641.2,67936.81,66665.07,67413.45,1.086248,1.086992,1.081385,1.086248,2674.98999,2696.76001,2673.19995,2692.11011,2674.98999,2696.76001,2673.19995,2692.11011,2.37954e-05,2.38095e-05,2.37954e-05,2.37954e-05,2.37954e-05,2.38095e-05,2.37954e-05,2.37954e-05,70.27,70.27,69.71,69.76,3022100,70.27,70.27,69.71,69.76,3022100,612.83002,614.47998,607.23999,609.62,617500,525.16998,529.42999,522.12,527.96997,909200,525.16998,529.42999,522.12,527.96997,909200,70.09,70.11,70.53,68.89,228840.0,0.39,42.15,42.7,41.61,42.0,34028400,496.44,496.48999,491.19,491.25,27210700,126.47,127.0,125.13,125.75,2463700,126.47,127.0,125.13,125.75,2463700,585.90997,586.12,582.15997,582.34998,34393700,585.90997,586.12,582.15997,582.34998,34393700,36.85,36.99,36.84,36.88,737000,4.096,4.022,4.1,4.018,4.096,4.022,4.1,4.018
2024-10-18,67383.8,69025.66,67186.51,68430.49,1.082954,1.086366,1.082825,1.082954,2692.13989,2721.30005,2691.02002,2719.71997,2692.13989,2721.30005,2691.02002,2719.71997,2.37954e-05,2.38095e-05,2.37954e-05,2.37954e-05,2.37954e-05,2.38095e-05,2.37954e-05,2.37954e-05,69.99,70.13,69.92,70.13,2005800,69.99,70.13,69.92,70.13,2005800,611.39001,613.37,608.48999,611.81,864100,528.21002,530.92999,525.59998,530.78998,1245900,528.21002,530.92999,525.59998,530.78998,1245900,68.69,70.17,70.67,68.17,335560.0,-2.0,42.014999,42.99,41.65,42.97,33969000,494.059998,495.57001,493.29999,494.47,25335000,126.15,126.27,125.040001,125.92,4356300,126.15,126.27,125.040001,125.92,4356300,584.070007,585.39001,582.58002,584.59003,37416800,584.070007,585.39001,582.58002,584.59003,37416800,36.88,37.0099983,36.74,37.0099983,1146200,4.075,4.093,4.118,4.065,4.075,4.093,4.118,4.065
2024-10-21,69048.78,69525.33,66847.98,67381.26,1.086862,1.086957,1.082111,1.086862,2723.13989,2740.6001,2714.34009,2719.93994,2723.13989,2740.6001,2714.34009,2719.93994,2.37954e-05,2.38095e-05,2.37954e-05,2.37954e-05,2.37954e-05,2.38095e-05,2.37954e-05,2.37954e-05,69.45,69.5,68.79,68.97,3082600,69.45,69.5,68.79,68.97,3082600,615.64001,618.95001,611.35999,614.60999,1017500,533.72998,536.89001,525.83002,529.65002,579700,533.72998,536.89001,525.83002,529.65002,579700,70.04,68.94,70.39,68.46,302750.0,1.97,42.86,43.4,42.41,42.7,30719800,493.25,496.23001,491.31,495.42001,30336500,125.9,126.43,124.7,125.9,4768600,125.9,126.43,124.7,125.9,4768600,583.84998,584.84998,580.59998,583.63,36439000,583.84998,584.84998,580.59998,583.63,36439000,36.88,36.92,36.58,36.66,397500,4.182,4.097,4.198,4.077,4.182,4.097,4.198,4.077
2024-10-22,67383.52,67841.71,66573.98,67431.31,1.081783,1.083776,1.080194,1.081783,2720.060059,2748.8999,2718.93994,2748.71997,2720.060059,2748.8999,2718.93994,2748.71997,2.37954e-05,2.37954e-05,2.37954e-05,2.37954e-05,2.37954e-05,2.37954e-05,2.37954e-05,2.37954e-05,68.11,68.19,67.85,68.059998,3750100,68.11,68.19,67.85,68.059998,3750100,606.90002,608.34003,574.0,576.97998,2259200,529.79999,529.79999,517.82001,520.20001,677400,529.79999,529.79999,517.82001,520.20001,677400,71.74,69.96,72.09,69.35,330460.0,2.43,42.69,43.49,42.3,42.94,27830700,492.73001,497.45001,491.97,495.95999,26685800,127.99,128.7,123.53,125.53,5746100,127.99,128.7,123.53,125.53,5746100,581.049988,584.5,580.38,583.32001,34183800,581.049988,584.5,580.38,583.32001,34183800,36.44,36.63,36.4,36.56,808300,4.206,4.194,4.222,4.164,4.206,4.194,4.222,4.164
2024-10-23,67439.31,67470.47,65238.67,66673.03,1.079727,1.080847,1.076264,1.079727,2748.65991,2758.51001,2708.88989,2716.1001,2748.65991,2758.51001,2708.88989,2716.1001,2.38095e-05,2.38095e-05,2.38095e-05,2.38095e-05,2.38095e-05,2.38095e-05,2.38095e-05,2.38095e-05,66.6,66.78,66.39,66.67,7336800,66.6,66.78,66.39,66.67,7336800,577.02002,582.17999,571.0,571.099976,1402200,522.10999,522.90002,515.44,516.40002,919500,522.10999,522.90002,515.44,516.40002,919500,70.37,70.94,71.29,69.76,119310.0,-1.91,42.85,43.68,42.055,42.59,35647000,493.59,494.25,485.049988,488.35999,39346600,126.91,127.5,125.63,127.21,5451400,126.91,127.5,125.63,127.21,5451400,581.26001,581.71002,574.41998,577.98999,49314600,581.26001,581.71002,574.41998,577.98999,49314600,36.27,36.33,36.049999,36.22,340800,4.242,4.212,4.26,4.21,4.242,4.212,4.26,4.21
2024-10-24,66686.0,68852.34,66516.36,68205.56,1.078051,1.081023,1.077157,1.078051,2716.18994,2743.31006,2714.30005,2736.81006,2716.18994,2743.31006,2714.30005,2736.81006,2.38095e-05,2.38095e-05,2.38095e-05,2.38095e-05,2.38095e-05,2.38095e-05,2.38095e-05,2.38095e-05,67.019997,67.25,66.93,67.22,4179000,67.019997,67.25,66.93,67.22,4179000,570.72998,573.92999,564.17999,564.21002,1102800,515.90997,531.0,515.73999,523.67999,1310300,515.90997,531.0,515.73999,523.67999,1310300,69.84,70.62,71.87,69.41,83730.0,-0.75,42.89,43.73,42.66,43.56,34079600,492.10999,493.0,489.44,492.32001,22024900,126.38,126.68,125.12,125.17,4171800,126.38,126.68,125.12,125.17,4171800,579.97998,580.059998,576.57001,579.23999,34979900,579.97998,580.059998,576.57001,579.23999,34979900,36.55,36.55,36.23,36.39,668600,4.202,4.248,4.248,4.182,4.202,4.248,4.248,4.182
2024-10-25,68254.25,68778.0,65593.25,66673.87,1.082415,1.084246,1.081186,1.082415,2736.8501,2745.1001,2717.17993,2742.56006,2736.8501,2745.1001,2717.17993,2742.56006,2.37954e-05,2.38095e-05,2.37954e-05,2.38095e-05,2.37954e-05,2.38095e-05,2.37954e-05,2.38095e-05,67.49,67.68,67.050003,67.24,3168200,67.49,67.68,67.050003,67.24,3168200,566.70001,569.97998,561.099976,562.28998,1077600,525.83002,527.75,518.57001,519.34998,516100,525.83002,527.75,518.57001,519.34998,516100,71.35,70.02,71.52,69.63,99410.0,2.16,43.85,45.07,43.645,44.86,50416500,495.14001,500.28,494.42999,495.32001,38762100,126.059998,126.25,124.8,125.16,4716200,126.059998,126.25,124.8,125.16,4716200,581.51001,584.46002,578.080017,579.039978,47268200,581.51001,584.46002,578.080017,579.039978,47268200,36.46,36.46,36.099998,36.13,444100,4.232,4.204,4.25,4.174,4.232,4.204,4.25,4.174
2024-10-28,68054.91,70283.11,67630.57,69977.45,1.079657,1.08272,1.078272,1.079657,2733.68994,2745.98999,2724.80005,2742.59009,2733.68994,2745.98999,2724.80005,2742.59009,2.37954e-05,2.38095e-05,2.37954e-05,2.38095e-05,2.37954e-05,2.38095e-05,2.37954e-05,2.38095e-05,67.59,67.9,67.49,67.7,2905500,67.59,67.9,67.49,67.7,2905500,563.0,563.15997,554.5,555.16998,1278700,519.27002,519.27002,511.45001,512.15002,680700,519.27002,519.27002,511.45001,512.15002,680700,66.98,68.58,68.6,66.59,141390.0,-6.12,45.049999,45.14,44.68,44.97,36729700,498.45999,498.51999,495.10001,495.39999,20477800,125.23,125.91,124.63,125.43,4453200,125.23,125.91,124.63,125.43,4453200,582.58002,582.71002,580.52002,580.83002,30174700,582.58002,582.71002,580.52002,580.83002,30174700,36.28,36.51,36.25,36.49,612200,4.278,4.266,4.3,4.23,4.278,4.266,4.3,4.23
2024-10-29,70008.08,73624.98,69764.03,72724.35,1.081677,1.082626,1.077041,1.081677,2742.59009,2774.80005,2740.12012,2772.27002,2742.59009,2774.80005,2740.12012,2772.27002,2.37954e-05,2.38095e-05,2.37954e-05,2.37954e-05,2.37954e-05,2.38095e-05,2.37954e-05,2.37954e-05,68.24,68.53,68.089996,68.36,4448000,68.24,68.53,68.089996,68.36,4448000,552.79999,553.40002,546.40997,546.79999,1041700,512.5,512.65997,504.01001,504.049988,582000,512.5,512.65997,504.01001,504.049988,582000,66.81,67.63,68.09,66.32,93130.0,-0.25,44.9,45.07,44.040001,44.93,26154700,495.72,501.35001,493.85001,500.16,28014100,125.41,125.5,122.68,122.79,5102700,125.41,125.5,122.68,122.79,5102700,579.84998,582.90997,578.42999,581.77002,42899700,579.84998,582.90997,578.42999,581.77002,42899700,36.28,36.38,36.14,36.18,373500,4.274,4.268,4.339,4.254,4.274,4.268,4.339,4.254
2024-10-30,72724.35,72948.6,71400.01,72322.91,1.082064,1.086673,1.080999,1.082064,2772.34009,2790.01001,2771.060059,2787.56006,2772.34009,2790.01001,2771.060059,2787.56006,2.37954e-05,2.37954e-05,2.37954e-05,2.37954e-05,2.37954e-05,2.37954e-05,2.37954e-05,2.37954e-05,68.75,68.91,68.39,68.42,6802400,68.75,68.91,68.39,68.42,6802400,546.90002,551.26001,543.20001,545.94,1005200,504.049988,509.37,501.85001,505.34,799200,504.049988,509.37,501.85001,505.34,799200,68.18,66.97,68.73,66.88,92730.0,2.05,44.58,44.8,43.61,43.69,31309200,499.39001,500.35001,495.89001,496.38,29756000,122.34,122.81,121.75,121.86,4852100,122.34,122.81,121.75,121.86,4852100,581.28998,583.32001,579.28998,580.01001,41435800,581.28998,583.32001,579.28998,580.01001,41435800,35.88,36.09,35.82,35.87,577000,4.299,4.252,4.304,4.198,4.299,4.252,4.304,4.198
2024-10-31,72322.91,72684.02,69559.33,70197.83,1.085918,1.088838,1.084505,1.085918,2787.55005,2790.1001,2731.6499,2746.56006,2787.55005,2790.1001,2731.6499,2746.56006,2.37954e-05,2.38095e-05,2.37954e-05,2.37954e-05,2.37954e-05,2.38095e-05,2.37954e-05,2.37954e-05,68.21,68.21,67.41,68.07,5205400,68.21,68.21,67.41,68.07,5205400,547.039978,551.67999,542.66998,546.049988,1245300,505.60999,511.70001,504.059998,509.019989,908100,505.60999,511.70001,504.059998,509.019989,908100,68.81,68.65,70.31,67.87,109200.0,0.92,42.79,43.32,40.9,41.56,50973400,492.38,492.42999,483.75,483.85001,41245200,121.3,122.089996,120.58,120.99,4112700,121.3,122.089996,120.58,120.99,4112700,575.56,575.63,568.44,568.64001,60182500,575.56,575.63,568.44,568.64001,60182500,35.58,35.58,35.19,35.55,695800,4.281,4.294,4.333,4.26,4.281,4.294,4.333,4.26
2024-11-01,70198.02,71620.0,68720.0,69467.29,1.088613,1.090405,1.084846,1.088613,2746.57007,2762.31006,2733.31006,2734.15991,2746.57007,2762.31006,2733.31006,2734.15991,2.37954e-05,2.38095e-05,2.37954e-05,2.38095e-05,2.37954e-05,2.38095e-05,2.37954e-05,2.38095e-05,67.7,68.29,67.7,67.98,3371600,67.7,68.29,67.7,67.98,3371600,548.0,549.33002,544.62,545.34998,792600,513.90002,513.90002,506.32999,506.95001,497900,513.90002,513.90002,506.32999,506.95001,497900,69.08,69.96,70.95,68.9,110380.0,0.39,41.93,42.57,41.59,41.92,33722500,485.5,490.75,485.20001,487.42999,33655800,121.5,121.62,118.74,118.75,5234900,121.5,121.62,118.74,118.75,5234900,571.32001,575.54999,570.62,571.039978,45667500,571.32001,575.54999,570.62,571.039978,45667500,36.0,36.0099983,35.67,35.75,5615600,4.385,4.292,4.388,4.222,4.385,4.292,4.388,4.222
2024-11-04,68736.4,69453.94,66783.77,67807.48,1.087453,1.091584,1.087039,1.087453,2733.36011,2748.22998,2732.01001,2738.38989,2733.36011,2748.22998,2732.01001,2738.38989,2.38095e-05,2.38095e-05,2.38095e-05,2.38095e-05,2.38095e-05,2.38095e-05,2.38095e-05,2.38095e-05,68.11,68.62,67.92,68.040001,2371900,68.11,68.62,67.92,68.040001,2371900,545.70001,548.81,540.40997,543.099976,827600,507.79001,510.98999,502.14001,507.44,455400,507.79001,510.98999,502.14001,507.44,455400,71.03,69.87,71.36,69.84,108260.0,2.82,41.080002,42.040001,41.032001,41.41,75413300,486.82001,489.38,484.25,486.01001,23291600,119.07,119.63,117.83,118.0,6856100,119.07,119.63,117.83,118.0,6856100,571.17999,572.5,567.89001,569.81,38217000,571.17999,572.5,567.89001,569.81,38217000,36.049999,36.15,35.78,35.81,437500,4.286,4.299,4.329,4.263,4.286,4.299,4.329,4.263
2024-11-05,67810.15,70557.67,67427.53,69380.73,1.087406,1.09218,1.087335,1.087406,2738.3999,2750.01001,2724.78003,2740.47998,2738.3999,2750.01001,2724.78003,2740.47998,2.37954e-05,2.37954e-05,2.37954e-05,2.37954e-05,2.37954e-05,2.37954e-05,2.37954e-05,2.37954e-05,68.25,69.18,68.18,69.07,3278700,68.25,69.18,68.18,69.07,3278700,545.0,547.16998,542.0,546.75,610100,508.94,513.19,505.48001,512.90002,695400,508.94,513.19,505.48001,512.90002,695400,71.56,71.17,72.2,70.86,108650.0,0.75,47.86,51.575,46.86,51.13,208868200,487.60999,492.88,487.51999,492.20999,24353600,118.49,119.099998,117.7,118.98,8093600,118.49,119.099998,117.7,118.98,8093600,570.73999,576.73999,570.52002,576.70001,39478300,570.73999,576.73999,570.52002,576.70001,39478300,35.91,36.060001,35.83,36.029999,538400,4.28,4.289,4.366,4.273,4.28,4.289,4.366,4.273
2024-11-06,69380.64,76509.56,69285.82,75646.55,1.093446,1.093446,1.068376,1.093446,2740.44995,2749.72998,2652.6001,2667.15991,2740.44995,2749.72998,2652.6001,2667.15991,2.38095e-05,2.38095e-05,2.37954e-05,2.38095e-05,2.38095e-05,2.38095e-05,2.37954e-05,2.38095e-05,69.3,69.46,68.54,69.38,3993100,69.3,69.46,68.54,69.38,3993100,561.40002,561.40002,540.0,551.82001,1751300,529.34998,529.34998,515.44,523.14001,965700,529.34998,529.34998,515.44,523.14001,965700,71.24,71.57,72.18,69.35,158530.0,-0.45,53.44,55.69,51.61,55.53,114255900,500.56,506.41,499.60001,505.57999,43082200,122.55,122.86,120.26,121.59,9631900,122.55,122.86,120.26,121.59,9631900,589.20001,591.92999,585.39001,591.039978,68182000,589.20001,591.92999,585.39001,591.039978,68182000,35.55,35.67,35.38,35.65,606000,4.431,4.258,4.479,4.258,4.431,4.258,4.479,4.258
2024-11-07,75646.55,76999.0,74463.96,75920.0,1.073307,1.082603,1.071409,1.073307,2667.15991,2700.38989,2643.77002,2694.44995,2667.15991,2700.38989,2643.77002,2694.44995,2.38095e-05,2.38095e-05,2.37954e-05,2.37954e-05,2.38095e-05,2.38095e-05,2.37954e-05,2.37954e-05,69.71,70.12,69.56,69.98,4614400,69.71,70.12,69.56,69.98,4614400,555.0,557.0,549.66998,551.84003,818200,525.91998,525.91998,517.45001,520.58002,671600,525.91998,525.91998,517.45001,520.58002,671600,71.96,71.41,72.41,70.27,187300.0,1.01,55.82,56.47,53.55,55.88,121591200,508.39999,514.33002,508.34,513.53998,32853100,122.0,122.25,119.96,120.080002,4415200,122.0,122.25,119.96,120.080002,4415200,593.080017,596.65002,593.0,595.60999,47233200,593.080017,596.65002,593.0,595.60999,47233200,35.85,35.95,35.76,35.94,779600,4.325,4.425,4.455,4.31,4.325,4.425,4.455,4.31
2024-11-08,75925.0,77312.18,75654.26,76566.73,1.079517,1.079739,1.071042,1.079517,2694.3999,2710.43994,2680.3999,2687.18994,2694.3999,2710.43994,2680.3999,2687.18994,2.37954e-05,2.37954e-05,2.37954e-05,2.37954e-05,2.37954e-05,2.37954e-05,2.37954e-05,2.37954e-05,69.4,69.5,69.17,69.43,5076700,69.4,69.5,69.17,69.43,5076700,555.46997,566.81,554.71997,564.56,1165700,523.37,531.27002,522.22998,528.98999,495800,523.37,531.27002,522.22998,528.98999,495800,70.11,71.8,71.87,69.67,211740.0,-2.57,55.57,58.48,55.3,58.39,84124000,513.039978,514.91998,512.40997,514.14001,22924500,120.95,124.22,120.9,123.55,6381600,120.95,124.22,120.9,123.55,6381600,596.16998,599.64001,596.16998,598.19,46444900,596.16998,599.64001,596.16998,598.19,46444900,35.44,35.45,35.2,35.33,515700,4.305,4.337,4.353,4.264,4.305,4.337,4.353,4.264
2024-11-12,88770.74,90100.0,85010.0,88035.43,1.066439,1.066439,1.059704,1.066439,2619.3501,2626.98999,2589.8999,2598.27002,2619.3501,2626.98999,2589.8999,2598.27002,2.38095e-05,2.38095e-05,2.37954e-05,2.38095e-05,2.38095e-05,2.38095e-05,2.37954e-05,2.38095e-05,69.080002,69.17,68.15,68.5,8155700,69.080002,69.17,68.15,68.5,8155700,574.32001,576.42999,564.79999,565.96002,1133500,536.15002,536.15002,529.90997,531.39001,649900,536.15002,536.15002,529.90997,531.39001,649900,67.97,68.04,68.97,67.65,181180.0,0.07,59.0099983,60.09,58.57,59.85,59061300,513.77002,514.65997,509.82999,512.90997,25835300,124.89,125.28,122.3,123.37,3896200,124.89,125.28,122.3,123.37,3896200,598.67999,599.28998,594.37,596.90002,43006100,598.67999,599.28998,594.37,596.90002,43006100,34.86,34.86,34.49,34.63,1293800,4.429,4.324,4.443,4.314,4.429,4.324,4.443,4.314
2024-11-13,88035.43,93495.0,86220.5,90493.82,1.061673,1.064906,1.055977,1.061673,2598.26001,2618.68994,2577.72998,2581.050049,2598.26001,2618.68994,2577.72998,2581.050049,2.37954e-05,2.38095e-05,2.37954e-05,2.37954e-05,2.37954e-05,2.38095e-05,2.37954e-05,2.37954e-05,67.99,68.040001,67.46,67.74,4318600,67.99,68.040001,67.46,67.74,4318600,564.0,565.0,556.33002,557.72998,1118300,528.75,529.90002,518.84003,520.41998,773400,528.75,529.90002,518.84003,520.41998,773400,68.26,67.82,68.69,66.8,254210.0,0.43,61.52,63.39,59.85,60.7,85937400,512.40002,514.97998,509.95001,512.25,24567400,123.38,123.95,122.96,123.75,2802500,123.38,123.95,122.96,123.75,2802500,597.37,599.22998,594.96002,597.19,47388600,597.37,599.22998,594.96002,597.19,47388600,34.57,34.62,34.31,34.6,1945300,4.45,4.435,4.463,4.357,4.45,4.435,4.463,4.357
2024-11-14,90499.4,91831.25,86672.07,87340.4,1.056412,1.058089,1.049924,1.056412,2581.060059,2581.42993,2536.8999,2576.02002,2581.060059,2581.42993,2536.8999,2576.02002,2.38095e-05,2.38095e-05,2.38095e-05,2.38095e-05,2.38095e-05,2.38095e-05,2.38095e-05,2.38095e-05,68.010002,68.17,67.78,67.82,4324000,68.010002,68.17,67.78,67.82,4324000,561.34998,561.34998,533.78998,538.98999,1972700,521.0,521.0,492.13,500.34,1187600,521.0,521.0,492.13,500.34,1187600,68.53,67.97,69.24,67.77,176090.0,0.4,61.049999,61.17,58.53,59.18,59968200,511.91,512.78998,507.76999,508.69,28679500,123.2,123.5,117.56,118.92,6113200,123.2,123.5,117.56,118.92,6113200,597.32001,597.81,592.65002,593.34998,38904100,597.32001,597.81,592.65002,593.34998,38904100,34.71,34.77,34.5,34.56,1943900,4.445,4.455,4.483,4.386,4.445,4.455,4.483,4.386
2024-11-15,87338.96,91934.62,87100.83,91058.36,1.053008,1.059165,1.052443,1.053008,2576.060059,2576.15991,2554.62012,2563.93994,2576.060059,2576.15991,2554.62012,2563.93994,2.37954e-05,2.37954e-05,2.37954e-05,2.37954e-05,2.37954e-05,2.37954e-05,2.37954e-05,2.37954e-05,67.5,67.57,67.25,67.49,5632200,67.5,67.57,67.25,67.49,5632200,537.87,542.53998,531.41998,534.83002,1757100,497.56,504.23999,490.87,493.98999,1428600,497.56,504.23999,490.87,493.98999,1428600,66.92,68.45,68.51,66.71,200770.0,-2.35,61.0099983,66.0,60.91,65.77,155280400,502.94,503.32999,494.48999,496.57001,51461100,118.15,118.85,117.13,118.53,6970500,118.15,118.85,117.13,118.53,6970500,589.71997,590.20001,583.85999,585.75,75988800,589.71997,590.20001,583.85999,585.75,75988800,34.57,34.57,34.41,34.49,468400,4.444,4.449,4.505,4.4,4.444,4.449,4.505,4.4
2024-11-18,89877.11,92674.8,89372.65,90520.3,1.053375,1.058649,1.053119,1.053375,2568.13989,2615.090088,2568.13989,2609.87988,2568.13989,2615.090088,2568.13989,2609.87988,2.37954e-05,2.38095e-05,2.37954e-05,2.37954e-05,2.37954e-05,2.38095e-05,2.37954e-05,2.37954e-05,67.52,68.029999,67.41,67.88,3377800,67.52,68.029999,67.41,67.88,3377800,536.40002,537.97998,528.73999,530.96002,1298400,494.85001,498.32001,487.64001,488.67999,875900,494.85001,498.32001,487.64001,488.67999,875900,69.17,66.77,69.37,66.53,300550.0,3.36,64.92,64.92,58.85,61.26,137877600,498.13,502.14001,496.73001,500.019989,27192700,118.37,119.72,118.37,119.39,4462300,118.37,119.72,118.37,119.39,4462300,586.21997,589.48999,585.34003,588.15002,37084100,586.21997,589.48999,585.34003,588.15002,37084100,34.52,34.89,34.52,34.85,1431100,4.413,4.439,4.491,4.408,4.413,4.439,4.491,4.408
2024-11-19,90521.32,94105.84,90403.24,92435.89,1.05949,1.060108,1.052853,1.05949,2609.84009,2639.48999,2608.31006,2630.77002,2609.84009,2639.48999,2608.31006,2630.77002,2.38095e-05,2.38095e-05,2.38095e-05,2.38095e-05,2.38095e-05,2.38095e-05,2.38095e-05,2.38095e-05,67.58,67.94,67.44,67.78,3933900,67.58,67.94,67.44,67.78,3933900,537.080017,539.32001,531.21002,533.26001,935700,494.12,497.94,489.64999,491.019989,795200,494.12,497.94,489.64999,491.019989,795200,69.24,69.08,69.74,68.48,349700.0,0.1,59.51,63.0099983,59.265,62.98,75557800,497.42001,503.95001,497.079987,503.45999,24523000,121.24,121.35,118.5,118.96,4654100,121.24,121.35,118.5,118.96,4654100,584.71002,591.039978,584.030029,590.29999,49412000,584.71002,591.039978,584.030029,590.29999,49412000,34.57,34.82,34.54,34.75,904400,4.395,4.412,4.418,4.337,4.395,4.412,4.418,4.337
2024-11-20,92445.04,94989.99,91600.0,94393.15,1.06076,1.061233,1.050851,1.06076,2630.81006,2655.47998,2618.96997,2650.94995,2630.81006,2655.47998,2618.96997,2650.94995,2.38095e-05,2.38095e-05,2.37954e-05,2.38095e-05,2.38095e-05,2.38095e-05,2.37954e-05,2.38095e-05,67.16,67.29,66.85,67.28,3348700,67.16,67.29,66.85,67.28,3348700,534.17999,535.22998,529.20001,534.72998,994300,490.32001,492.95001,487.44,491.98001,533500,490.32001,492.95001,487.44,491.98001,533500,68.75,69.28,69.96,68.64,235640.0,-0.71,62.59,63.080002,59.96,62.12,59182200,503.16,503.48001,496.56,503.17001,29565500,118.85,119.28,117.67,119.15,3990700,118.85,119.28,117.67,119.15,3990700,590.38,590.78998,584.63,590.5,50032600,590.38,590.78998,584.63,590.5,50032600,34.75,34.77,34.61,34.75,1270700,4.413,4.404,4.438,4.388,4.413,4.404,4.438,4.388
2024-11-21,94384.15,99073.53,94127.2,98439.09,1.054619,1.055743,1.046912,1.054619,2650.86011,2673.55005,2647.30005,2669.72998,2650.86011,2673.55005,2647.30005,2669.72998,2.38095e-05,2.38095e-05,2.38095e-05,2.38095e-05,2.38095e-05,2.38095e-05,2.38095e-05,2.38095e-05,67.44,67.69,67.24,67.47,3260700,67.44,67.69,67.24,67.47,3260700,535.14001,544.67999,533.71997,542.01001,1321700,493.89999,496.89999,489.17001,496.41,609800,493.89999,496.89999,489.17001,496.41,609800,69.77,68.83,70.09,68.62,131440.0,1.48,62.040001,63.4,60.895,61.36,56336700,506.23999,506.95999,497.56,504.98001,34526700,119.6,120.88,118.86,120.53,4847900,119.6,120.88,118.86,120.53,4847900,593.40002,595.12,587.45001,593.66998,46750300,593.40002,595.12,587.45001,593.66998,46750300,34.81,34.97,34.71,34.95,1402200,4.419,4.41,4.439,4.377,4.419,4.41,4.439,4.377
2024-11-22,98439.1,99860.0,97209.52,99024.03,1.046934,1.049869,1.033987,1.046934,2669.78003,2711.47998,2668.15991,2708.22998,2669.78003,2711.47998,2668.15991,2708.22998,2.37954e-05,2.37954e-05,2.37954e-05,2.37954e-05,2.37954e-05,2.37954e-05,2.37954e-05,2.37954e-05,67.61,68.029999,67.54,67.95,7229300,67.61,68.029999,67.54,67.95,7229300,545.0,546.0,539.91998,542.21997,1311000,497.98001,500.0,494.31,496.87,507500,497.98001,500.0,494.31,496.87,507500,70.77,69.85,71.02,68.96,209420.0,1.43,61.6,64.44,61.37,64.35,61381700,504.42001,506.53,502.78,505.79001,23826600,120.72,121.88,120.5,120.77,3585200,120.72,121.88,120.5,120.77,3585200,593.65997,596.15002,593.15002,595.51001,38226400,593.65997,596.15002,593.15002,595.51001,38226400,35.0099983,35.18,35.0099983,35.17,592200,4.411,4.42,4.43,4.383,4.411,4.42,4.43,4.383
2024-11-25,98032.06,98999.0,92534.93,93000.01,1.047987,1.052964,1.044954,1.047987,2711.84009,2721.34009,2615.72998,2625.72998,2711.84009,2721.34009,2615.72998,2625.72998,2.38095e-05,2.38095e-05,2.38095e-05,2.38095e-05,2.38095e-05,2.38095e-05,2.38095e-05,2.38095e-05,68.45,68.59,68.19,68.42,4668600,68.45,68.59,68.19,68.42,4668600,532.97998,534.15997,514.90002,521.89001,3613500,493.5,493.98999,478.42001,485.26999,1805800,493.5,493.98999,478.42001,485.26999,1805800,68.58,70.96,70.96,68.36,146700.0,-3.09,66.9,67.88,64.080002,64.65,80640500,509.89999,511.45001,504.26001,506.59,26375200,120.36,121.0,118.019997,118.65,8322400,120.36,121.0,118.019997,118.65,8322400,599.52002,600.85999,595.20001,597.53003,42441400,599.52002,600.85999,595.20001,597.53003,42441400,35.39,35.45,35.2,35.34,1941100,4.274,4.343,4.369,4.261,4.274,4.343,4.369,4.261
2024-11-26,93001.48,95004.92,90682.58,91929.54,1.04443,1.054385,1.042731,1.04443,2625.92993,2641.98999,2605.3501,2628.11011,2625.92993,2641.98999,2605.3501,2628.11011,2.38095e-05,2.38095e-05,2.37954e-05,2.38095e-05,2.38095e-05,2.38095e-05,2.37954e-05,2.38095e-05,67.99,68.089996,67.68,68.07,5239100,67.99,68.089996,67.68,68.07,5239100,519.39001,524.059998,519.39001,521.45001,1345800,486.56,491.73999,482.57001,488.42999,849300,486.56,491.73999,482.57001,488.42999,849300,68.44,68.7,69.91,67.73,98590.0,-0.2,64.57,65.85,63.89,65.74,46923600,508.079987,510.14001,507.23001,509.31,26557100,118.87,121.040001,118.59,120.61,3175800,118.87,121.040001,118.59,120.61,3175800,598.79999,601.33002,598.070007,600.65002,45621300,598.79999,601.33002,598.070007,600.65002,45621300,35.34,35.34,35.07,35.18,1832000,4.294,4.287,4.324,4.273,4.294,4.287,4.324,4.273
2024-11-27,91929.53,97386.06,91747.46,95951.19,1.04912,1.058347,1.047548,1.04912,2628.27002,2658.21997,2627.1499,2634.78003,2628.27002,2658.21997,2627.1499,2634.78003,2.37954e-05,2.37954e-05,2.37954e-05,2.37954e-05,2.37954e-05,2.37954e-05,2.37954e-05,2.37954e-05,68.23,68.36,67.76,67.88,4889800,68.23,68.36,67.76,67.88,4889800,523.53998,529.98999,523.16998,525.75,890400,488.26999,492.42001,488.0,489.079987,583400,488.26999,492.42001,488.0,489.079987,583400,68.35,68.57,69.01,67.81,87850.0,-0.13,66.24,67.56,64.24,66.050003,53839900,508.17001,508.23999,501.92999,505.29999,24957400,121.040001,121.75,120.33,120.34,3604000,121.040001,121.75,120.33,120.34,3604000,600.46002,600.84998,597.28003,598.83002,34000200,600.46002,600.84998,597.28003,598.83002,34000200,35.39,35.62,35.39,35.57,693100,4.26,4.308,4.31,4.227,4.26,4.308,4.31,4.227
2024-11-29,95665.53,98750.0,95383.46,97490.56,1.056301,1.059547,1.054296,1.056301,2638.67993,2666.3501,2634.43994,2650.11011,2638.67993,2666.3501,2634.43994,2650.11011,2.38095e-05,2.38095e-05,2.38095e-05,2.38095e-05,2.38095e-05,2.38095e-05,2.38095e-05,2.38095e-05,68.96,69.7,68.92,69.69,4501900,68.96,69.7,68.92,69.69,4501900,527.77002,529.47998,524.59003,529.40997,658200,489.89999,490.62,486.60001,489.64999,336700,489.89999,490.62,486.60001,489.64999,336700,67.72,68.39,69.32,67.6,106390.0,-0.92,65.89,67.16,65.47,67.080002,30104000,505.92999,510.34,505.31,509.73999,15334000,120.68,121.87,120.66,121.83,2728600,120.68,121.87,120.66,121.83,2728600,599.65997,603.34998,599.38,602.54999,30177400,599.65997,603.34998,599.38,602.54999,30177400,35.53,35.8,35.5,35.8,765900,4.177,4.254,4.256,4.172,4.177,4.254,4.256,4.172
2024-12-02,97259.17,98200.0,94400.63,95862.89,1.054574,1.054574,1.046222,1.054507,2649.37988,2651.55005,2621.98999,2637.69995,2649.37988,2651.55005,2621.98999,2637.69995,2.38095e-05,2.38095e-05,2.37954e-05,2.37954e-05,2.38095e-05,2.38095e-05,2.37954e-05,2.37954e-05,70.28,70.67,70.16,70.54,5485100,70.28,70.67,70.16,70.54,5485100,525.25,526.78998,519.29999,520.34003,1115600,487.0,489.17999,481.91,484.75,479600,487.0,489.17999,481.91,484.75,479600,67.84,67.77,68.83,67.44,95000.0,0.18,67.44,67.88,65.96,66.39,46405000,511.01001,516.26001,510.62,515.28998,25147200,121.83,121.99,118.54,118.68,4468700,121.83,121.99,118.54,118.68,4468700,602.96997,604.32001,602.46997,603.63,31746000,602.96997,604.32001,602.46997,603.63,31746000,35.76,35.78,35.44,35.74,759500,4.195,4.207,4.248,4.174,4.195,4.207,4.248,4.174
2024-12-03,95862.89,96310.1,93571.3,95924.52,1.050122,1.053031,1.048185,1.050122,2637.6001,2655.62012,2634.27002,2641.030029,2637.6001,2655.62012,2634.27002,2641.030029,2.38095e-05,2.38095e-05,2.37954e-05,2.37954e-05,2.38095e-05,2.38095e-05,2.37954e-05,2.37954e-05,71.48,71.66,71.2,71.55,9106200,71.48,71.66,71.2,71.55,9106200,520.14001,521.5,516.25,517.0,1188400,485.67999,486.29999,483.13,485.20999,683800,485.67999,486.29999,483.13,485.20999,683800,69.54,67.89,69.83,67.65,134420.0,2.51,66.41,71.37,66.15,70.96,100751400,513.95001,517.15002,513.37,516.87,18597900,119.019997,119.45,117.89,118.099998,3620300,119.019997,119.45,117.89,118.099998,3620300,603.39001,604.15997,602.34003,603.90997,26906600,603.39001,604.15997,602.34003,603.90997,26906600,35.96,35.99,35.84,35.88,1695400,4.226,4.195,4.24,4.165,4.226,4.195,4.24,4.165
2024-12-04,95924.85,99263.2,94634.85,98746.24,1.051083,1.054007,1.047395,1.051083,2640.90991,2657.13989,2632.68994,2651.80005,2640.90991,2657.13989,2632.68994,2651.80005,2.37954e-05,2.38095e-05,2.37954e-05,2.38095e-05,2.37954e-05,2.38095e-05,2.37954e-05,2.38095e-05,71.36,71.37,71.040001,71.15,6875200,71.36,71.37,71.040001,71.15,6875200,516.13,519.83002,513.14001,517.5,1542800,482.73999,487.84,481.059998,486.62,804600,482.73999,487.84,481.059998,486.62,804600,68.19,69.58,70.11,68.14,141670.0,-1.94,71.13,71.18,67.28,69.85,86284800,520.32001,523.52002,519.59998,523.26001,26086200,117.76,119.37,117.5,119.23,3774300,117.76,119.37,117.5,119.23,3774300,605.63,607.90997,604.95001,607.65997,42787600,605.63,607.90997,604.95001,607.65997,42787600,35.85,35.97,35.78,35.88,5220100,4.183,4.232,4.281,4.174,4.183,4.232,4.281,4.174
2024-12-05,98746.24,104000.0,92055.86,97044.23,1.051414,1.058828,1.050895,1.051414,2651.72998,2655.56006,2623.68994,2629.87988,2651.72998,2655.56006,2623.68994,2629.87988,2.38095e-05,2.38095e-05,2.38095e-05,2.38095e-05,2.38095e-05,2.38095e-05,2.38095e-05,2.38095e-05,71.14,71.3,70.94,71.019997,2903900,71.14,71.3,70.94,71.019997,2903900,517.41998,520.56,514.01001,517.47998,1113400,485.79999,486.59,478.14001,479.57001,932500,485.79999,486.59,478.14001,479.57001,932500,67.96,68.38,68.77,67.66,129140.0,-0.34,70.11,72.98,69.89,71.87,66585800,523.31,524.039978,521.41998,521.81,18169600,118.8,119.010002,117.69,118.52,3328800,118.8,119.010002,117.69,118.52,3328800,607.65997,608.47998,606.29999,606.65997,28762200,607.65997,608.47998,606.29999,606.65997,28762200,36.080002,36.2,36.029999,36.13,739800,4.177,4.194,4.225,4.174,4.177,4.194,4.225,4.174
2024-12-06,97049.47,102104.12,96424.2,99891.35,1.05856,1.062643,1.054608,1.05856,2629.90991,2645.67993,2613.8501,2634.8999,2629.90991,2645.67993,2613.8501,2634.8999,2.37954e-05,2.38095e-05,2.37954e-05,2.38095e-05,2.37954e-05,2.38095e-05,2.37954e-05,2.38095e-05,71.18,71.18,70.93,71.080002,2825400,71.18,71.18,70.93,71.080002,2825400,515.71997,517.44,509.60001,513.030029,1284700,479.60999,480.049988,470.54999,473.64999,915700,479.60999,480.049988,470.54999,473.64999,915700,66.98,68.08,68.13,66.71,207120.0,-1.44,72.95,76.82,72.28,76.34,93640900,522.47998,526.71997,522.34998,526.47998,23762600,118.019997,118.35,117.4,117.99,4792100,118.019997,118.35,117.4,117.99,4792100,607.44,609.070007,607.02002,607.81,31241500,607.44,609.070007,607.02002,607.81,31241500,36.16,36.16,35.77,35.9,1667800,4.148,4.182,4.222,4.126,4.148,4.182,4.222,4.126
2024-12-09,101175.0,101290.73,94220.8,97324.81,1.056546,1.059277,1.053308,1.056546,2643.19995,2676.43994,2627.59009,2660.31006,2643.19995,2676.43994,2627.59009,2660.31006,2.37954e-05,2.38095e-05,2.37954e-05,2.38095e-05,2.37954e-05,2.38095e-05,2.37954e-05,2.38095e-05,70.94,71.010002,70.46,70.46,2658500,70.94,71.010002,70.46,70.46,2658500,511.19,516.35999,508.54999,510.01001,1170500,471.45001,482.01001,470.60001,479.17001,930200,471.45001,482.01001,470.60001,479.17001,930200,68.09,66.93,68.59,66.85,176710.0,1.66,80.58,80.91,71.050003,72.46,168134800,525.54999,526.34998,521.21997,522.38,20674400,117.35,117.85,114.22,116.58,7255400,117.35,117.85,114.22,116.58,7255400,607.69,607.85999,604.080017,604.67999,34742700,607.69,607.85999,604.080017,604.67999,34742700,36.21,36.32,36.02,36.07,1730400,4.2,4.151,4.203,4.135,4.2,4.151,4.203,4.135
2024-12-10,97330.66,98338.17,94273.38,96660.76,1.05552,1.056747,1.050034,1.05552,2659.96997,2695.61011,2656.82007,2691.97998,2659.96997,2695.61011,2656.82007,2691.97998,2.38095e-05,2.38095e-05,2.37954e-05,2.37954e-05,2.38095e-05,2.38095e-05,2.37954e-05,2.37954e-05,70.32,70.39,70.050003,70.080002,2204400,70.32,70.39,70.050003,70.080002,2204400,509.16,514.60999,508.10001,512.94,1178900,477.70999,480.67999,473.29001,480.17999,789600,477.70999,480.67999,473.29001,480.17999,789600,68.27,67.86,68.72,67.45,157460.0,0.26,71.99,75.56,70.73,70.89,89672500,523.62,525.38,519.15997,520.59998,24350000,116.6,118.22,116.0,117.61,3725400,116.6,118.22,116.0,117.61,3725400,605.37,605.79999,602.13,602.79999,37234500,605.37,605.79999,602.13,602.79999,37234500,35.91,35.91,35.74,35.75,546200,4.227,4.195,4.246,4.184,4.227,4.195,4.246,4.184
2024-12-11,96660.75,101984.98,95722.79,101202.11,1.053297,1.054074,1.048163,1.053297,2692.01001,2721.13989,2675.55005,2718.11011,2692.01001,2721.13989,2675.55005,2718.11011,2.37954e-05,2.37954e-05,2.37954e-05,2.37954e-05,2.37954e-05,2.37954e-05,2.37954e-05,2.37954e-05,70.81,71.22,70.8,71.07,5726400,70.81,71.22,70.8,71.07,5726400,513.79999,514.0,503.31,504.23999,1308000,480.29999,480.85999,474.0,475.62,1058100,480.29999,480.85999,474.0,475.62,1058100,69.87,68.15,70.08,68.12,231680.0,2.34,72.98,73.0,68.07,72.51,89477700,525.0,530.60999,524.59003,529.91998,32168600,117.84,117.98,116.3,116.94,4298000,117.84,117.98,116.3,116.94,4298000,605.78003,608.42999,605.5,607.46002,28677700,605.78003,608.42999,605.5,607.46002,28677700,35.96,35.98,35.82,35.97,958300,4.274,4.224,4.277,4.201,4.274,4.224,4.277,4.201
2024-12-12,101211.61,102595.0,99298.39,100030.47,1.050685,1.052997,1.046485,1.050685,2718.12012,2726.30005,2675.22998,2683.070068,2718.12012,2726.30005,2675.22998,2683.070068,2.37954e-05,2.38095e-05,2.37954e-05,2.37954e-05,2.37954e-05,2.38095e-05,2.37954e-05,2.37954e-05,70.52,70.74,70.36,70.37,2527000,70.52,70.74,70.36,70.37,2527000,500.0,501.10001,488.70999,496.57999,1862800,477.0,486.22,473.76999,481.51001,1317400,477.0,486.22,473.76999,481.51001,1317400,69.66,69.97,70.27,68.74,231020.0,-0.3,72.3,75.38,71.9,73.2,73859700,527.67999,528.96002,526.02002,526.5,23577500,116.94,117.25,115.62,116.050003,3848600,116.94,117.25,115.62,116.050003,3848600,606.58002,607.15997,604.33002,604.33002,31543800,606.58002,607.15997,604.33002,604.33002,31543800,35.77,35.93,35.59,35.59,711300,4.335,4.265,4.339,4.265,4.335,4.265,4.339,4.265
2024-12-13,100024.75,101959.13,99220.81,101428.75,1.047406,1.052299,1.045435,1.047406,2683.070068,2692.76001,2652.31006,2653.070068,2683.070068,2692.76001,2652.31006,2653.070068,2.37954e-05,2.38095e-05,2.37954e-05,2.37954e-05,2.37954e-05,2.38095e-05,2.37954e-05,2.37954e-05,69.76,69.78,69.36,69.54,3062500,69.76,69.78,69.36,69.54,3062500,495.57001,499.22,492.17999,494.64999,990100,479.98999,484.019989,477.67001,480.0,699600,479.98999,484.019989,477.67001,480.0,699600,70.82,69.64,70.94,69.51,201260.0,1.67,73.49,76.099998,72.45,76.07,76172800,530.46002,533.16998,527.29999,530.53003,28780400,116.26,117.93,115.97,117.75,5061600,116.26,117.93,115.97,117.75,5061600,606.40002,607.13,602.81,604.21002,35904700,606.40002,607.13,602.81,604.21002,35904700,35.67,35.67,35.39,35.51,1477600,4.394,4.328,4.407,4.312,4.394,4.328,4.407,4.312
2024-12-16,104445.15,107857.79,103289.21,106099.81,1.051005,1.05241,1.047504,1.051005,2649.1499,2664.47998,2643.6499,2653.36011,2649.1499,2664.47998,2643.6499,2653.36011,2.37954e-05,2.38095e-05,2.37954e-05,2.37954e-05,2.37954e-05,2.38095e-05,2.37954e-05,2.37954e-05,69.080002,69.34,69.059998,69.18,3234000,69.080002,69.34,69.059998,69.18,3234000,494.79999,494.79999,490.14999,491.64999,1483700,478.84,484.64999,477.48999,482.60001,859200,478.84,484.64999,477.48999,482.60001,859200,70.29,71.0,71.0,69.98,210750.0,-0.75,75.059998,77.82,71.16,75.75,126099600,533.080017,539.15002,533.0,538.16998,31979900,117.43,118.35,116.8,118.11,3986400,117.43,118.35,116.8,118.11,3986400,606.0,607.78003,605.21002,606.78998,43695200,606.0,607.78003,605.21002,606.78998,43695200,35.48,35.6,35.41,35.43,628200,4.402,4.387,4.412,4.361,4.402,4.387,4.412,4.361
2024-12-17,106099.98,108388.88,105337.97,106136.99,1.051735,1.053286,1.047998,1.051735,2653.3501,2658.76001,2633.22998,2645.40991,2653.3501,2658.76001,2633.22998,2645.40991,2.37954e-05,2.38095e-05,2.37954e-05,2.37954e-05,2.37954e-05,2.38095e-05,2.37954e-05,2.37954e-05,67.8,68.11,67.74,67.88,3230800,67.8,68.11,67.74,67.88,3230800,489.059998,493.0,487.76001,490.60999,1354500,480.95001,486.89001,478.39001,480.29001,747300,480.95001,486.89001,478.39001,480.29001,747300,69.65,70.23,70.54,68.81,280900.0,-0.91,73.28,75.32,71.7,74.39,75469400,536.35999,537.47998,534.13,535.79999,28579100,117.69,118.13,117.0,117.42,3012400,117.69,118.13,117.0,117.42,3012400,604.19,605.16998,602.89001,604.28998,55773500,604.19,605.16998,602.89001,604.28998,55773500,34.61,34.72,34.54,34.61,1497600,4.394,4.395,4.442,4.373,4.394,4.395,4.442,4.373
2024-12-18,106145.83,106528.13,99939.82,100150.73,1.049505,1.051525,1.046781,1.049505,2645.44995,2651.80005,2604.28003,2604.28003,2645.44995,2651.80005,2604.28003,2604.28003,2.37954e-05,2.38095e-05,2.37954e-05,2.37954e-05,2.37954e-05,2.38095e-05,2.37954e-05,2.37954e-05,67.89,68.0,66.15,66.18,4300800,67.89,68.0,66.15,66.18,4300800,489.5,490.23999,482.41,482.94,1424400,480.88,483.5,467.12,467.66,839200,480.88,483.5,467.12,467.66,839200,70.02,69.82,70.8,69.39,326610.0,0.53,74.3,77.6,70.27,71.51,109643400,535.15002,536.88,515.01001,516.46997,54703200,116.86,117.45,114.37,114.45,4113600,116.86,117.45,114.37,114.45,4113600,603.97998,606.40997,585.89001,586.28003,108248700,603.97998,606.40997,585.89001,586.28003,108248700,34.54,34.61,33.83,33.84,981300,4.518,4.391,4.524,4.381,4.518,4.391,4.524,4.381
2024-12-19,100148.6,102796.22,95539.67,97372.21,1.035025,1.04222,1.035025,1.035025,2604.63989,2626.44995,2583.55005,2596.8501,2604.63989,2626.44995,2583.55005,2596.8501,2.37954e-05,2.38095e-05,2.37954e-05,2.37954e-05,2.37954e-05,2.38095e-05,2.37954e-05,2.37954e-05,66.82,66.9,66.12,66.39,4716000,66.82,66.9,66.12,66.39,4716000,480.0,484.0,477.31,479.66,1250400,466.28,470.97,462.81,467.13,730200,466.28,470.97,462.81,467.13,730200,69.38,69.6,70.58,69.1,291660.0,-0.91,73.99,76.59,73.37,74.21,99524300,521.19,521.76001,513.83002,514.16998,46441800,115.7,117.25,115.25,115.46,5446900,115.7,117.25,115.25,115.46,5446900,591.35999,593.0,585.84998,586.099976,85919500,591.35999,593.0,585.84998,586.099976,85919500,33.94,33.94,33.67,33.67,1208700,4.565,4.514,4.594,4.502,4.565,4.514,4.594,4.502
2024-12-20,97372.2,98132.47,92115.66,97765.0,1.036495,1.043308,1.034426,1.036495,2596.98999,2631.77002,2589.80005,2627.94995,2596.98999,2631.77002,2589.80005,2627.94995,2.37954e-05,2.38095e-05,2.37954e-05,2.37954e-05,2.37954e-05,2.38095e-05,2.37954e-05,2.37954e-05,65.73,66.84,65.72,66.21,5425500,65.73,66.84,65.72,66.21,5425500,479.45001,489.019989,477.76999,489.019989,3973500,467.48999,474.39999,464.35001,469.54001,1283900,467.48999,474.39999,464.35001,469.54001,1283900,69.02,68.83,69.38,68.05,114620.0,-0.52,72.64,80.66,71.5,80.55,281230800,510.44,524.82001,509.29001,518.65997,60530000,114.94,116.78,114.6,116.48,13389200,114.94,116.78,114.6,116.48,13389200,581.77002,595.75,580.90997,591.15002,125716700,581.77002,595.75,580.90997,591.15002,125716700,33.4,33.93,33.39,33.69,1742600,4.529,4.556,4.566,4.484,4.529,4.556,4.566,4.484
2024-12-23,95091.15,96430.08,92360.91,94764.56,1.043308,1.044823,1.038594,1.043308,2622.87988,2633.30005,2608.18994,2611.27002,2622.87988,2633.30005,2608.18994,2611.27002,2.37954e-05,2.38095e-05,2.37954e-05,2.37954e-05,2.37954e-05,2.38095e-05,2.37954e-05,2.37954e-05,66.12,66.55,65.84,66.49,5074000,66.12,66.55,65.84,66.49,5074000,487.42999,488.85001,481.82999,486.48999,1053900,469.37,470.26001,464.12,467.20001,581900,469.37,470.26001,464.12,467.20001,581900,68.81,68.97,69.5,68.22,90950.0,-0.3,80.65,82.019997,77.41,80.69,93819500,519.54999,523.25,516.13,522.87,29672800,116.19,116.89,115.79,116.63,3588700,116.19,116.89,115.79,116.63,3588700,590.89001,595.29999,587.65997,594.69,57635800,590.89001,595.29999,587.65997,594.69,57635800,33.73,33.91,33.57,33.85,1277200,4.588,4.526,4.599,4.518,4.588,4.526,4.599,4.518
2024-12-24,94767.88,99444.0,93426.25,98594.47,1.040583,1.041124,1.038745,1.040583,2611.37988,2621.46997,2609.22998,2617.27002,2611.37988,2621.46997,2609.22998,2617.27002,2.37954e-05,2.38095e-05,2.37954e-05,2.37954e-05,2.37954e-05,2.38095e-05,2.37954e-05,2.37954e-05,66.44,66.53,66.31,66.45,1630500,66.44,66.53,66.31,66.45,1630500,486.059998,488.73001,484.01001,488.13,375900,466.69,471.79001,465.89999,471.089996,235100,466.69,471.79001,465.89999,471.089996,235100,69.64,69.04,69.94,68.95,40390.0,1.21,81.089996,84.797,81.0,82.38,64983300,524.83002,530.049988,524.19,529.96002,17558200,115.95,116.96,115.88,116.83,1663000,115.95,116.96,115.88,116.83,1663000,596.059998,601.34003,595.46997,601.29999,33160100,596.059998,601.34003,595.46997,601.29999,33160100,33.9,34.09,33.85,34.07,620600,4.59,4.584,4.629,4.581,4.59,4.584,4.629,4.581
2024-12-26,99358.67,99887.0,95083.93,95669.49,1.039955,1.042535,1.039145,1.039955,2616.29004,2639.12012,2615.22998,2635.060059,2616.29004,2639.12012,2615.22998,2635.060059,2.37954e-05,2.38095e-05,2.37954e-05,2.37954e-05,2.37954e-05,2.38095e-05,2.37954e-05,2.37954e-05,67.040001,67.31,66.93,67.22,2345000,67.040001,67.31,66.93,67.22,2345000,488.0,493.47,486.26999,489.98001,662100,471.089996,474.019989,469.67001,472.23001,294600,471.089996,474.019989,469.67001,472.23001,294600,69.23,69.72,70.25,68.94,69640.0,-0.59,83.16,83.49,81.3,82.14,60377100,528.32001,531.23999,526.31,529.59998,19090500,116.77,117.62,116.39,117.040001,2147000,116.77,117.62,116.39,117.040001,2147000,599.5,602.47998,598.080017,601.34003,41219100,599.5,602.47998,598.080017,601.34003,41219100,34.060001,34.18,33.98,34.099998,1190700,4.584,4.597,4.641,4.573,4.584,4.597,4.641,4.573
2024-12-27,95669.4,97340.47,93234.31,94171.89,1.042318,1.044495,1.040669,1.042318,2634.94995,2638.36011,2611.81006,2620.72998,2634.94995,2638.36011,2611.81006,2620.72998,2.37954e-05,2.38095e-05,2.37954e-05,2.37954e-05,2.37954e-05,2.38095e-05,2.37954e-05,2.37954e-05,67.84,67.94,67.45,67.73,4033500,67.84,67.94,67.45,67.73,4033500,488.38,493.39999,486.38,488.97,820600,469.62,474.64999,469.029999,471.35001,376000,469.62,474.64999,469.029999,471.35001,376000,70.18,69.27,70.32,69.06,79130.0,1.37,81.42,82.0,77.93,79.080002,66975900,526.01001,526.45001,517.85999,522.56,33839600,116.27,117.53,115.84,116.71,3847500,116.27,117.53,115.84,116.71,3847500,597.53998,597.78003,590.76001,595.01001,64969300,597.53998,597.78003,590.76001,595.01001,64969300,33.89,34.080002,33.85,33.96,1343000,4.629,4.585,4.631,4.573,4.629,4.585,4.631,4.573
2024-12-30,93563.35,94910.48,91271.19,92620.71,1.042938,1.04585,1.03742,1.042938,2621.61011,2628.11011,2596.19995,2607.17993,2621.61011,2628.11011,2596.19995,2607.17993,2.37954e-05,2.38095e-05,2.37954e-05,2.37954e-05,2.37954e-05,2.38095e-05,2.37954e-05,2.37954e-05,67.11,67.4,66.91,67.16,3564800,67.11,67.4,66.91,67.16,3564800,486.0,486.54999,481.85001,483.37,887600,467.82001,469.059998,465.17999,466.51999,440200,467.82001,469.059998,465.17999,466.51999,440200,70.53,70.0,71.05,69.75,93100.0,0.5,77.040001,79.24,76.11,77.18,60850900,515.51001,519.35999,511.82999,515.60999,34584000,115.44,115.92,114.53,115.22,2822000,115.44,115.92,114.53,115.22,2822000,587.89001,591.73999,584.40997,588.21997,56578800,587.89001,591.73999,584.40997,588.21997,56578800,33.91,33.96,33.66,33.85,1235700,4.532,4.629,4.631,4.533,4.532,4.629,4.631,4.533
2024-12-31,92620.7,96148.94,91887.13,93354.22,1.040615,1.042427,1.034854,1.040615,2607.15991,2627.57007,2602.69995,2623.84009,2607.15991,2627.57007,2602.69995,2623.84009,2.37954e-05,2.38095e-05,2.37954e-05,2.37954e-05,2.37954e-05,2.38095e-05,2.37954e-05,2.37954e-05,67.019997,67.49,66.99,67.099998,2759000,67.019997,67.49,66.99,67.099998,2759000,484.38,486.53,482.0,485.94,731900,466.51999,470.51999,465.31,469.29001,439900,466.51999,470.51999,465.31,469.29001,439900,71.25,70.69,71.52,70.43,63630.0,1.02,77.58,77.98,73.65,75.63,56267900,516.90002,517.65997,510.26001,511.23001,29117000,115.57,116.099998,114.91,115.72,2445000,115.57,116.099998,114.91,115.72,2445000,589.90997,590.64001,584.41998,586.080017,57052700,589.90997,590.64001,584.41998,586.080017,57052700,34.029999,34.09,33.85,33.9,1135400,4.572,4.515,4.589,4.507,4.572,4.515,4.589,4.507
2025-01-02,94383.59,97776.99,94177.0,96903.19,1.035186,1.03756,1.023185,1.035186,2625.1499,2660.44995,2621.78003,2654.78003,2625.1499,2660.44995,2621.78003,2654.78003,2.37954e-05,2.38095e-05,2.37954e-05,2.37954e-05,2.37954e-05,2.38095e-05,2.37954e-05,2.37954e-05,67.18,67.46,66.81,67.010002,4485900,67.18,67.46,66.81,67.010002,4485900,485.94,489.72,481.42001,482.25,953700,471.98999,476.089996,466.28,468.01001,598300,471.98999,476.089996,466.28,468.01001,598300,72.5,71.45,73.12,71.31,182490.0,1.75,76.2,76.53,72.42,75.19,72217200,514.29999,516.64001,505.70999,510.23001,36389800,116.97,117.45,115.54,116.010002,3207500,116.97,117.45,115.54,116.010002,3207500,589.39001,591.13,580.5,584.64001,50204000,589.39001,591.13,580.5,584.64001,50204000,33.95,34.029999,33.74,33.82,1620100,4.561,4.571,4.599,4.517,4.561,4.571,4.599,4.517
2025-01-03,96905.48,98969.92,96016.63,98136.51,1.026821,1.030535,1.026546,1.026821,2654.93994,2665.34009,2639.17993,2639.68994,2654.93994,2665.34009,2639.17993,2639.68994,2.37954e-05,2.38095e-05,2.37954e-05,2.38095e-05,2.37954e-05,2.38095e-05,2.37954e-05,2.38095e-05,66.83,67.39,66.81,67.28,3699900,66.83,67.39,66.81,67.28,3699900,481.42001,483.92001,480.91,481.82001,817200,467.56,469.60999,466.45999,467.82001,624500,467.56,469.60999,466.45999,467.82001,624500,73.21,72.46,73.5,72.1,220660.0,0.98,75.39,79.98,75.19,79.89,62415000,513.34998,519.65002,512.53003,518.58002,29059500,116.3,116.67,115.83,115.87,2902600,116.3,116.67,115.83,115.87,2902600,587.53003,592.59998,586.42999,591.95001,37888500,587.53003,592.59998,586.42999,591.95001,37888500,34.040001,34.049999,33.85,33.97,805400,4.601,4.545,4.604,4.535,4.601,4.545,4.604,4.535
2025-01-07,102279.41,102735.99,96105.11,96941.98,1.038637,1.043623,1.035947,1.038637,2634.46997,2664.26001,2633.070068,2649.44995,2634.46997,2664.26001,2633.070068,2649.44995,2.38095e-05,2.38095e-05,2.37857e-05,2.37954e-05,2.38095e-05,2.38095e-05,2.37857e-05,2.37954e-05,67.88,67.94,67.18,67.27,4052300,67.88,67.94,67.18,67.27,4052300,465.72,473.42001,462.94,463.95999,1276600,454.19,458.54999,450.81,452.39001,1100000,454.19,458.54999,450.81,452.39001,1100000,73.57,72.81,73.82,72.51,188740.0,0.89,75.2,75.39,69.75,69.99,91727300,525.59003,525.98999,513.28003,515.17999,36690300,114.099998,115.28,113.93,114.8,3588400,114.099998,115.28,113.93,114.8,3588400,597.41998,597.75,586.78003,588.63,60393100,597.41998,597.75,586.78003,588.63,60393100,34.29,34.36,34.099998,34.16,1460800,4.684,4.632,4.699,4.606,4.684,4.632,4.699,4.606
2025-01-08,96941.98,97254.35,92500.0,95036.63,1.034554,1.03584,1.027675,1.034554,2649.43994,2669.95996,2645.3501,2658.3501,2649.43994,2669.95996,2645.3501,2658.3501,2.38095e-05,2.38095e-05,2.38095e-05,2.38095e-05,2.38095e-05,2.38095e-05,2.38095e-05,2.38095e-05,66.83,67.15,66.67,67.099998,3607300,66.83,67.15,66.67,67.099998,3607300,463.5,469.22,461.23999,468.85001,998700,456.019989,464.62,453.95999,462.20999,746600,456.019989,464.62,453.95999,462.20999,746600,72.67,73.81,74.44,72.51,261480.0,-1.22,68.12,69.53,66.51,68.23,91349500,515.080017,516.91998,510.57001,515.27002,30777800,114.93,116.2,114.41,115.92,4294200,114.93,116.2,114.41,115.92,4294200,588.70001,590.58002,585.20001,589.48999,47304700,588.70001,590.58002,585.20001,589.48999,47304700,33.74,33.97,33.64,33.97,1130900,4.692,4.689,4.73,4.663,4.692,4.689,4.73,4.663
2025-01-10,92547.44,95862.92,92209.25,94701.18,1.02976,1.031194,1.022119,1.02976,2670.3501,2697.8999,2664.13989,2685.93994,2670.3501,2697.8999,2664.13989,2685.93994,2.37954e-05,2.38095e-05,2.37954e-05,2.37954e-05,2.37954e-05,2.38095e-05,2.37954e-05,2.37954e-05,65.67,65.78,65.15,65.24,3805000,65.67,65.78,65.15,65.24,3805000,468.0,471.59,465.73001,468.049988,1127400,461.35999,464.38,455.42999,458.69,626400,461.35999,464.38,455.42999,458.69,626400,75.75,73.57,76.89,73.33,448290.0,3.43,66.010002,68.2,65.040001,67.26,78148600,511.48001,511.57999,503.92001,507.19,40532500,115.84,116.53,114.81,115.11,4287300,115.84,116.53,114.81,115.11,4287300,585.88,585.95001,578.54999,580.48999,73105000,585.88,585.95001,578.54999,580.48999,73105000,33.8,33.81,33.45,33.49,1524200,4.762,4.673,4.79,4.673,4.762,4.673,4.79,4.673
2025-01-13,94507.24,95900.0,89028.64,94506.45,1.024443,1.025021,1.018382,1.024443,2689.93994,2693.32007,2656.90991,2658.97998,2689.93994,2693.32007,2656.90991,2658.97998,2.38095e-05,2.38095e-05,2.38095e-05,2.38095e-05,2.38095e-05,2.38095e-05,2.38095e-05,2.38095e-05,64.69,65.44,64.69,65.42,4544600,64.69,65.44,64.69,65.42,4544600,469.0,484.82001,468.79999,483.16,1435200,458.69,477.39001,458.69,472.38,964500,458.69,477.39001,458.69,472.38,964500,77.3,75.68,77.64,75.67,493440.0,2.05,64.29,65.68,63.4,64.98,69046300,501.20001,506.019989,499.70001,505.56,31694200,114.58,117.93,114.58,117.74,5414900,114.58,117.93,114.58,117.74,5414900,575.77002,581.75,575.34998,581.39001,47910100,575.77002,581.75,575.34998,581.39001,47910100,33.07,33.39,33.060001,33.39,5157000,4.789,4.799,4.805,4.759,4.789,4.799,4.805,4.759
2025-01-14,94507.35,97353.29,94311.36,96534.96,1.026525,1.030397,1.023971,1.026525,2658.97998,2676.3501,2658.8501,2674.37988,2658.97998,2676.3501,2658.8501,2674.37988,2.38095e-05,2.38095e-05,2.37954e-05,2.38095e-05,2.38095e-05,2.38095e-05,2.37954e-05,2.38095e-05,65.19,65.45,64.97,65.29,3784500,65.19,65.45,64.97,65.29,3784500,485.0,485.20001,477.97,484.45999,1162000,473.51001,475.98001,471.57999,475.5,554000,473.51001,475.98001,471.57999,475.5,554000,76.37,77.24,77.51,76.2,338200.0,-1.2,67.18,68.23,65.19,65.91,56814900,508.73999,510.16,501.59,505.079987,33737200,118.76,119.52,118.18,119.47,3804900,118.76,119.52,118.18,119.47,3804900,584.35999,585.0,578.34998,582.19,48420600,584.35999,585.0,578.34998,582.19,48420600,33.27,33.47,33.21,33.37,3224400,4.792,4.763,4.809,4.749,4.792,4.763,4.809,4.749
2025-01-15,96534.97,100716.45,96400.0,100510.23,1.030684,1.035025,1.027063,1.030684,2674.34009,2696.060059,2669.42993,2693.93994,2674.34009,2696.060059,2669.42993,2693.93994,2.38095e-05,2.38095e-05,2.37954e-05,2.37954e-05,2.38095e-05,2.38095e-05,2.37954e-05,2.37954e-05,66.29,66.31,65.88,66.27,3968300,66.29,66.31,65.88,66.27,3968300,487.76001,487.76001,480.37,483.97,882200,476.53,477.70001,470.19,472.29999,646400,476.53,477.70001,470.19,472.29999,646400,78.71,76.84,79.39,76.16,355670.0,3.06,68.55,68.85,67.080002,68.14,56025800,513.030029,517.84998,511.45999,516.70001,34957600,120.15,120.37,118.17,119.089996,4279600,120.15,120.37,118.17,119.089996,4279600,590.33002,593.94,589.20001,592.78003,56900200,590.33002,593.94,589.20001,592.78003,56900200,33.82,33.93,33.73,33.9,3100500,4.654,4.788,4.79,4.637,4.654,4.788,4.79,4.637
2025-01-16,100504.27,100880.0,97277.58,99981.78,1.029527,1.031151,1.026378,1.029527,2694.1001,2724.77002,2690.1001,2715.37988,2694.1001,2724.77002,2690.1001,2715.37988,2.38095e-05,2.38095e-05,2.37954e-05,2.37954e-05,2.38095e-05,2.38095e-05,2.37954e-05,2.37954e-05,65.98,66.089996,65.75,65.85,4016400,65.98,66.089996,65.75,65.85,4016400,481.79999,487.0,481.5,486.85999,956400,471.32999,481.32999,470.76999,481.19,706600,471.32999,481.32999,470.76999,481.19,706600,78.68,80.4,80.59,77.87,159950.0,-0.04,69.080002,71.43,68.36,69.24,62908700,518.97998,519.059998,512.95001,513.080017,28229000,119.35,120.51,119.099998,120.46,3896900,119.35,120.51,119.099998,120.46,3896900,594.16998,594.34998,590.92999,591.64001,43319700,594.16998,594.34998,590.92999,591.64001,43319700,33.96,34.29,33.92,34.28,2994400,4.611,4.653,4.694,4.588,4.611,4.653,4.694,4.588
2025-01-17,99981.46,105970.0,99937.81,104107.0,1.030195,1.032972,1.026652,1.030195,2715.40991,2717.44995,2702.88989,2703.27002,2715.40991,2717.44995,2702.88989,2703.27002,2.37954e-05,2.38095e-05,2.37954e-05,2.37954e-05,2.37954e-05,2.38095e-05,2.37954e-05,2.37954e-05,66.080002,66.33,65.95,66.18,2116600,66.080002,66.33,65.95,66.18,2116600,487.54001,492.049988,484.19,490.32001,1337600,480.42001,483.42999,477.35999,482.38,1091500,480.42001,483.42999,477.35999,482.38,1091500,77.88,78.75,79.44,77.76,112410.0,-1.02,70.9,72.34,69.95,71.77,54754000,522.84998,524.070007,513.10999,521.73999,51837900,120.6,121.35,119.86,121.11,4368600,120.6,121.35,119.86,121.11,4368600,596.96002,599.35999,595.60999,597.58002,58070600,596.96002,599.35999,595.60999,597.58002,58070600,34.5,34.72,34.36,34.38,891500,4.622,4.621,4.629,4.566,4.622,4.621,4.629,4.566
2025-01-21,102145.42,107291.1,100051.0,106159.26,1.042068,1.043406,1.034458,1.042068,2707.44995,2745.96997,2702.87012,2742.95996,2707.44995,2745.96997,2702.87012,2742.95996,2.38095e-05,2.38095e-05,2.37954e-05,2.38095e-05,2.38095e-05,2.38095e-05,2.37954e-05,2.38095e-05,67.089996,67.33,66.86,67.33,4044700,67.089996,67.33,66.86,67.33,4044700,495.0,509.54999,494.72,506.29001,1615900,490.0,507.67001,489.54001,504.45001,1309900,490.0,507.67001,489.54001,504.45001,1309900,75.89,78.19,78.47,75.49,28410.0,-2.56,73.24,73.636,70.601,73.07,56229000,524.47998,525.96997,520.059998,524.79999,23628000,122.73,125.81,122.5,125.75,6071100,122.73,125.81,122.5,125.75,6071100,600.66998,603.059998,598.66998,603.049988,42532900,600.66998,603.059998,598.66998,603.049988,42532900,34.88,35.18,34.81,35.18,1378100,4.572,4.558,4.591,4.53,4.572,4.558,4.591,4.53
2025-01-22,106159.27,106431.34,103100.0,103667.11,1.040594,1.045806,1.040074,1.040594,2742.80005,2763.37988,2740.15991,2755.42993,2742.80005,2763.37988,2740.15991,2755.42993,2.38095e-05,2.38095e-05,2.38095e-05,2.38095e-05,2.38095e-05,2.38095e-05,2.38095e-05,2.38095e-05,67.47,67.48,67.22,67.25,2769500,67.47,67.48,67.22,67.25,2769500,503.23999,505.53,495.17999,499.34,1324800,504.0,505.26001,497.17001,502.41,1326500,504.0,505.26001,497.17001,502.41,1326500,75.44,75.88,76.45,75.28,315330.0,-0.59,74.5,77.16,73.8,76.87,66876400,529.57001,533.82001,529.26001,531.51001,33593000,125.68,125.88,123.65,124.38,5103800,125.68,125.88,123.65,124.38,5103800,605.91998,607.82001,605.35999,606.44,48196000,605.91998,607.82001,605.35999,606.44,48196000,35.099998,35.099998,34.85,34.9,722900,4.612,4.582,4.617,4.556,4.612,4.582,4.617,4.556
2025-01-23,103659.6,106870.87,101200.01,103926.36,1.041016,1.042546,1.038562,1.041016,2755.44995,2758.83008,2735.96997,2754.19995,2755.44995,2758.83008,2735.96997,2754.19995,2.38095e-05,2.38095e-05,2.37954e-05,2.38095e-05,2.38095e-05,2.38095e-05,2.37954e-05,2.38095e-05,67.33,67.83,67.31,67.82,2686500,67.33,67.83,67.31,67.82,2686500,503.51999,506.0,493.98001,497.28,913000,506.0,507.64001,493.23001,499.76999,780200,506.0,507.64001,493.23001,499.76999,780200,74.62,75.39,76.0,74.14,350690.0,-1.09,76.040001,79.0,75.84,78.98,55937900,529.039978,532.76001,528.45001,532.64001,23096600,125.76,127.0,124.7,126.29,5501300,125.76,127.0,124.7,126.29,5501300,605.79999,609.75,605.52002,609.75,41152100,605.79999,609.75,605.52002,609.75,41152100,35.14,35.2,34.98,35.16,778200,4.645,4.609,4.664,4.595,4.645,4.609,4.664,4.595
2025-01-24,103926.36,107200.0,102751.92,104852.51,1.041602,1.051934,1.04132,1.041602,2754.12012,2786.050049,2751.47998,2774.68994,2754.12012,2786.050049,2751.47998,2774.68994,2.38095e-05,2.38095e-05,2.37954e-05,2.38095e-05,2.38095e-05,2.38095e-05,2.37954e-05,2.38095e-05,68.0,68.66,67.97,68.48,2731600,68.0,68.66,67.97,68.48,2731600,495.0,497.29001,494.60001,496.95999,759400,497.92999,500.0,496.66,497.019989,556400,497.92999,500.0,496.66,497.019989,556400,74.66,74.3,75.21,74.01,319680.0,0.05,79.050003,82.24,78.44,78.98,77931900,533.02002,533.78998,528.15002,529.63,19878300,125.52,126.28,125.080002,125.31,3483000,125.52,126.28,125.080002,125.31,3483000,609.81,610.78003,606.79999,607.96997,34604700,609.81,610.78003,606.79999,607.96997,34604700,35.23,35.29,35.12,35.17,559600,4.616,4.641,4.662,4.605,4.616,4.641,4.662,4.605
2025-01-27,102565.28,103228.46,97715.03,102062.42,1.046759,1.053375,1.045435,1.046759,2765.66992,2772.61011,2730.59009,2739.37988,2765.66992,2772.61011,2730.59009,2739.37988,2.37954e-05,2.37954e-05,2.37954e-05,2.37954e-05,2.37954e-05,2.37954e-05,2.37954e-05,2.37954e-05,67.71,67.89,67.6,67.74,3199600,67.71,67.89,67.6,67.74,3199600,500.089996,507.10999,496.78,503.69,1948600,502.39001,507.38,497.0,503.23001,738100,502.39001,507.38,497.0,503.23001,738100,73.17,74.54,75.15,72.38,334420.0,-2.0,74.07,76.72,72.67,75.44,76093300,511.0,517.98999,510.14999,514.21002,60771700,126.62,127.99,124.38,125.050003,6207800,126.62,127.99,124.38,125.050003,6207800,594.81,599.69,594.64001,599.37,70361100,594.81,599.69,594.64001,599.37,70361100,35.26,35.43,35.25,35.41,2381100,4.533,4.599,4.601,4.498,4.533,4.599,4.601,4.498
2025-01-28,102063.92,103770.85,100213.8,101290.0,1.044506,1.045577,1.041526,1.044506,2739.43994,2765.02002,2734.8999,2764.87012,2739.43994,2765.02002,2734.8999,2764.87012,2.37954e-05,2.38095e-05,2.37954e-05,2.37954e-05,2.37954e-05,2.38095e-05,2.37954e-05,2.37954e-05,68.16,68.31,67.91,68.31,2162600,68.16,68.31,67.91,68.31,2162600,473.70001,479.73001,457.26999,457.45001,4023900,501.10999,502.91,485.48001,486.64001,1036700,501.10999,502.91,485.48001,486.64001,1036700,73.77,73.15,74.31,72.93,326080.0,0.82,75.54,80.74,74.040001,80.23,65916700,515.21997,523.0,511.78,521.81,33194200,131.17999,132.42999,126.13,128.35001,8451600,131.17999,132.42999,126.13,128.35001,8451600,600.62,605.37,597.25,604.52002,44433300,600.62,605.37,597.25,604.52002,44433300,35.45,35.48,35.2,35.33,579000,4.533,4.544,4.579,4.532,4.533,4.544,4.579,4.532
2025-01-29,101290.01,104829.64,101275.6,103747.25,1.042905,1.044495,1.038346,1.042905,2764.8501,2766.30005,2744.90991,2755.32007,2764.8501,2766.30005,2744.90991,2755.32007,2.37954e-05,2.37954e-05,2.37954e-05,2.37954e-05,2.37954e-05,2.37954e-05,2.37954e-05,2.37954e-05,68.24,68.36,67.95,68.099998,7954000,68.24,68.36,67.95,68.099998,7954000,460.0,462.48999,449.39999,454.35999,2396800,486.64001,492.76001,480.25,481.54001,873500,486.64001,492.76001,480.25,481.54001,873500,72.62,73.95,74.08,72.33,312730.0,-1.56,79.95,80.82,77.81,79.76,49262200,522.46002,522.59003,516.90002,520.83002,26649000,127.4,129.75999,125.010002,125.13,5179000,127.4,129.75999,125.010002,125.13,5179000,603.71997,604.13,599.21997,601.81,37177400,603.71997,604.13,599.21997,601.81,37177400,35.3,35.46,35.2,35.27,822900,4.533,4.532,4.593,4.51,4.533,4.532,4.593,4.51
2025-01-30,103747.25,106484.77,103289.74,104742.64,1.042525,1.046551,1.039134,1.042525,2755.20996,2798.47998,2752.75,2793.54004,2755.20996,2798.47998,2752.75,2793.54004,2.38095e-05,2.38095e-05,2.37954e-05,2.38095e-05,2.38095e-05,2.38095e-05,2.37954e-05,2.38095e-05,68.96,69.36,68.86,69.12,2437000,68.96,69.36,68.86,69.12,2437000,456.57999,459.89001,451.32001,459.64999,1911800,472.0,485.0,469.73001,483.37,1468400,472.0,485.0,469.73001,483.37,1468400,72.73,73.0,73.84,72.02,336480.0,0.15,80.019997,81.83,79.38,81.22,46067500,523.71002,526.099976,518.21002,523.049988,27431300,125.66,129.22,125.55,128.98,4343600,125.66,129.22,125.55,128.98,4343600,603.96002,606.59998,600.71997,605.039978,39281300,603.96002,606.59998,600.71997,605.039978,39281300,35.65,35.94,35.64,35.79,840900,4.519,4.538,4.544,4.486,4.519,4.538,4.544,4.486
2025-01-31,104742.63,106090.0,101506.0,102411.26,1.039728,1.041233,1.036205,1.039728,2793.3999,2817.12012,2789.55005,2796.33008,2793.3999,2817.12012,2789.55005,2796.33008,2.38095e-05,2.38095e-05,2.37954e-05,2.38095e-05,2.38095e-05,2.38095e-05,2.37954e-05,2.38095e-05,68.98,69.19,68.27,68.31,5203200,68.98,69.19,68.27,68.31,5203200,460.0,464.23001,457.14999,462.95001,1474600,484.0,488.10001,478.5,487.26999,795000,484.0,488.10001,478.5,487.26999,795000,72.53,73.2,73.84,71.94,376340.0,-0.27,81.0,85.22,80.87,82.49,79000200,526.91998,531.52002,521.19,522.28998,38845500,129.14,129.92999,127.51,128.95,5570600,129.14,129.92999,127.51,128.95,5570600,607.5,609.96002,601.049988,601.82001,66671500,607.5,609.96002,601.049988,601.82001,66671500,35.78,35.98,35.56,35.61,1844700,4.542,4.524,4.583,4.5,4.542,4.524,4.583,4.5
2025-02-03,97676.53,102599.85,91178.01,101460.2,1.024779,1.032652,1.021304,1.024779,2802.30005,2830.6001,2772.37988,2818.37012,2802.30005,2830.6001,2772.37988,2818.37012,2.38095e-05,2.38095e-05,2.37954e-05,2.37954e-05,2.38095e-05,2.38095e-05,2.37954e-05,2.37954e-05,67.49,68.11,67.26,67.66,5195500,67.49,68.11,67.26,67.66,5195500,458.79999,461.32999,453.57999,455.42001,1476300,488.41,493.32999,481.66,487.75,763400,488.41,493.32999,481.66,487.75,763400,73.16,74.14,75.18,72.05,517850.0,0.87,80.125,84.25,78.47,83.74,126592700,513.46997,520.84998,511.049988,518.10999,40580800,128.5,130.53999,127.55,129.92,6067300,128.5,130.53999,127.55,129.92,6067300,592.66998,600.28998,590.48999,597.77002,65857200,592.66998,600.28998,590.48999,597.77002,65857200,35.12,35.48,34.99,35.28,1955700,4.551,4.563,4.567,4.462,4.551,4.563,4.567,4.462
2025-02-04,101460.15,101812.23,96145.76,97795.05,1.032738,1.03868,1.027654,1.032738,2818.29004,2845.51001,2807.37012,2843.1001,2818.29004,2845.51001,2807.37012,2843.1001,2.38095e-05,2.38095e-05,2.37954e-05,2.37954e-05,2.38095e-05,2.38095e-05,2.37954e-05,2.37954e-05,67.66,68.31,67.65,68.27,2502500,67.66,68.31,67.65,68.27,2502500,454.0,455.41,451.26001,453.67999,1234200,486.60001,487.79001,481.42001,482.39001,525900,486.60001,487.79001,481.42001,482.39001,525900,72.7,72.35,73.35,70.67,452960.0,-0.63,102.8,106.91,100.51,103.83,230806800,518.63,525.10999,518.22998,524.46997,26046800,129.53999,130.46001,128.020004,128.37,4036800,129.53999,130.46001,128.020004,128.37,4036800,597.83002,602.29999,597.28003,601.78003,33457800,597.83002,602.29999,597.28003,601.78003,33457800,35.43,35.6,35.36,35.54,1004600,4.512,4.563,4.598,4.509,4.512,4.563,4.598,4.509
2025-02-05,97795.06,99230.49,96161.01,96638.33,1.03728,1.043645,1.037043,1.03728,2843.1499,2882.3501,2839.87012,2863.66992,2843.1499,2882.3501,2839.87012,2863.66992,2.38095e-05,2.38095e-05,2.37954e-05,2.37954e-05,2.38095e-05,2.38095e-05,2.37954e-05,2.37954e-05,68.68,69.14,68.53,69.12,4840200,68.68,69.14,68.53,69.12,4840200,457.0,457.10001,448.76999,449.87,1139700,484.98999,486.0,470.92999,472.34,1080000,484.98999,486.0,470.92999,472.34,1080000,71.03,72.76,72.97,70.96,289900.0,-2.3,101.78,103.57,99.32,101.36,90628300,521.82001,527.01001,520.62,526.84998,21134100,129.66,129.89,128.28999,129.16,4881500,129.66,129.89,128.28999,129.16,4881500,600.64001,604.37,598.58002,604.21997,30653100,600.64001,604.37,598.58002,604.21997,30653100,35.83,36.040001,35.75,36.040001,842200,4.423,4.525,4.529,4.4,4.423,4.525,4.529,4.4
2025-02-06,96635.62,99182.15,95674.96,96564.62,1.040085,1.040529,1.035454,1.040085,2863.65991,2873.27002,2834.3501,2854.050049,2863.65991,2873.27002,2834.3501,2854.050049,2.37954e-05,2.37954e-05,2.37954e-05,2.37954e-05,2.37954e-05,2.37954e-05,2.37954e-05,2.37954e-05,69.28,69.52,69.21,69.4,3382700,69.28,69.52,69.21,69.4,3382700,450.0,452.17001,444.63,448.51999,1291800,470.85001,472.75,462.23999,466.54999,789800,470.85001,472.75,462.23999,466.54999,789800,70.61,71.18,71.85,70.43,299040.0,-0.59,101.089996,111.545,100.26,111.28,128217500,527.35999,529.81,525.73999,529.59998,19434500,129.059998,129.75,127.53,128.78,3363300,129.059998,129.75,127.53,128.78,3363300,605.98999,606.45001,602.63,606.32001,35771500,605.98999,606.45001,602.63,606.32001,35771500,36.099998,36.17,35.95,36.060001,622200,4.435,4.424,4.46,4.412,4.435,4.424,4.46,4.412
2025-02-07,96575.24,100235.79,95614.96,96537.08,1.038573,1.040594,1.032461,1.038573,2854.0,2886.81006,2852.70996,2860.29004,2854.0,2886.81006,2852.70996,2860.29004,2.38095e-05,2.38095e-05,2.37954e-05,2.38095e-05,2.38095e-05,2.38095e-05,2.37954e-05,2.38095e-05,69.099998,69.25,68.31,68.48,7605600,69.099998,69.25,68.31,68.48,7605600,449.89999,451.5,443.78,444.39001,1347400,468.35999,474.14999,465.87,468.57999,820000,468.35999,474.14999,465.87,468.57999,820000,71.0,70.56,71.41,70.47,273770.0,0.55,111.66,116.3,110.45,110.85,143795400,530.14001,532.099976,522.19,522.91998,29605500,128.8,129.0,127.33,127.95,3827300,128.8,129.0,127.33,127.95,3827300,606.89001,608.13,600.049988,600.77002,50788500,606.89001,608.13,600.049988,600.77002,50788500,36.12,36.13,35.8,35.89,660100,4.494,4.432,4.515,4.428,4.494,4.432,4.515,4.428
2025-02-11,97451.66,98500.0,94831.07,95774.08,1.030153,1.035197,1.029273,1.030153,2904.44995,2942.68994,2881.8999,2900.29004,2904.44995,2942.68994,2881.8999,2900.29004,2.38095e-05,2.38095e-05,2.38095e-05,2.38095e-05,2.38095e-05,2.38095e-05,2.38095e-05,2.38095e-05,68.42,68.87,68.4,68.74,2063700,68.42,68.87,68.4,68.74,2063700,447.89999,451.79999,445.0,449.35999,906100,475.62,475.82999,468.42001,473.84,539000,475.62,475.82999,468.42001,473.84,539000,73.08,72.11,73.33,72.0,195490.0,1.49,116.5,118.66,112.099998,112.62,94311700,525.96002,529.91998,525.83002,527.98999,19325500,129.10001,129.42,127.8,129.11,3320600,129.10001,129.42,127.8,129.11,3320600,602.54999,605.85999,602.42999,605.31,30056700,602.54999,605.85999,602.42999,605.31,30056700,36.17,36.49,36.099998,36.46,4601800,4.536,4.513,4.547,4.507,4.536,4.513,4.547,4.507
2025-04-08,79140.02,80849.98,76167.35,76251.64,1.091536,1.099191,1.089194,1.091536,2982.71997,3022.67993,2975.060059,2982.15991,2982.71997,3022.67993,2975.060059,2982.15991,2.38095e-05,2.38095e-05,2.38095e-05,2.38095e-05,2.38095e-05,2.38095e-05,2.38095e-05,2.38095e-05,64.34,64.44,61.02,61.65,13116000,64.34,64.44,61.02,61.65,13116000,448.44,451.39001,437.42999,443.35999,2151500,500.0,503.01001,487.57999,491.97,1226000,500.0,503.01001,487.57999,491.97,1226000,59.58,61.03,61.75,57.88,557660.0,-1.85,83.29,86.114,75.22,77.32,135345600,438.16,443.14001,409.79001,416.059998,101248100,123.010002,123.97,118.7,120.46,8108600,123.010002,123.97,118.7,120.46,8108600,521.85999,524.97998,489.16,496.48001,165816600,521.85999,524.97998,489.16,496.48001,165816600,34.23,34.32,32.85,33.19,3089300,4.289,4.187,4.297,4.126,4.289,4.187,4.297,4.126
2025-04-09,76258.8,83583.35,74553.01,82594.75,1.098044,1.10948,1.097225,1.098044,2984.53003,3099.46997,2970.13989,3083.16992,2984.53003,3099.46997,2970.13989,3083.16992,2.38095e-05,2.38095e-05,2.38095e-05,2.38095e-05,2.38095e-05,2.38095e-05,2.38095e-05,2.38095e-05,61.34,66.49,61.080002,66.34,18189300,61.34,66.49,61.080002,66.34,18189300,439.25,468.32999,435.38,462.23999,2291600,483.10999,519.5,480.89999,512.29999,1608200,483.10999,519.5,480.89999,512.29999,1608200,62.35,58.32,62.93,55.12,592250.0,4.65,78.19,93.33,77.27,92.010002,187244300,415.57001,467.82999,415.42999,466.0,142876900,119.019997,128.92999,118.17,128.42999,6747400,119.019997,128.92999,118.17,128.42999,6747400,493.44,548.62,493.049988,548.62,241867300,493.44,548.62,493.049988,548.62,241867300,33.029999,35.29,32.76,35.11,2635200,4.325,4.31,4.515,4.299,4.325,4.31,4.515,4.299
2025-04-10,82593.15,82730.93,78387.24,79552.34,1.095206,1.12254,1.095206,1.095206,3081.51001,3176.41992,3071.62012,3175.47998,3081.51001,3176.41992,3071.62012,3175.47998,2.38095e-05,2.38095e-05,2.38095e-05,2.38095e-05,2.38095e-05,2.38095e-05,2.38095e-05,2.38095e-05,64.89,65.040001,62.72,64.22,11273700,64.89,65.040001,62.72,64.22,11273700,460.0,469.10001,450.38,463.70001,1832600,511.47,521.54999,503.29001,516.090027,1071800,511.47,521.54999,503.29001,516.090027,1071800,60.07,62.71,63.34,58.76,391830.0,-3.66,88.4,90.78,84.14,88.59,124448200,453.56,455.59,432.63,446.17999,108384100,126.91,129.28999,123.77,127.07,6457800,126.91,129.28999,123.77,127.07,6457800,532.16998,533.5,509.32001,524.58002,162331200,532.16998,533.5,509.32001,524.58002,162331200,34.8,34.81,33.9,34.67,2884300,4.424,4.312,4.431,4.26,4.424,4.312,4.431,4.26
2025-04-11,79552.34,84299.0,78919.94,83380.47,1.12578,1.14718,1.12509,1.12578,3177.28003,3245.36011,3176.51001,3238.18994,3177.28003,3245.36011,3176.51001,3238.18994,2.38095e-05,2.38095e-05,2.38095e-05,2.38095e-05,2.38095e-05,2.38095e-05,2.38095e-05,2.38095e-05,64.54,65.9,64.32,65.82,6951800,64.54,65.9,64.32,65.82,6951800,464.32999,478.17999,460.32001,474.89999,1452300,516.090027,537.75,514.19,533.98999,1178800,516.090027,537.75,514.19,533.98999,1178800,61.5,60.2,61.87,59.43,306230.0,2.38,87.98,89.55,85.47,88.55,95130700,444.64999,455.79001,441.32999,454.39999,52483800,126.16,129.32001,125.0,128.25999,3654100,126.16,129.32001,125.0,128.25999,3654100,523.01001,536.42999,520.070007,533.94,97866300,523.01001,536.42999,520.070007,533.94,97866300,34.87,35.71,34.83,35.57,3377700,4.495,4.464,4.592,4.384,4.495,4.464,4.592,4.384
2025-04-14,83733.07,85818.06,83655.27,84590.36,1.13431,1.14248,1.12997,1.13431,3222.11011,3245.76001,3213.87988,3222.050049,3222.11011,3245.76001,3213.87988,3222.050049,2.38095e-05,2.38095e-05,2.38095e-05,2.38095e-05,2.38095e-05,2.38095e-05,2.38095e-05,2.38095e-05,66.63,67.23,66.36,66.9,5196100,66.63,67.23,66.36,66.9,5196100,472.79999,478.75,467.59,475.34,1079600,529.84003,538.67999,525.71002,535.82001,714400,529.84003,538.67999,525.71002,535.82001,714400,61.05,61.15,62.07,60.12,224090.0,-0.73,95.8,97.33,91.46,92.62,122836900,464.45999,465.049988,452.63,457.48001,43941200,129.25,129.95,128.28,129.14,4099900,129.25,129.95,128.28,129.14,4099900,544.049988,544.28003,533.85999,539.12,68034000,544.049988,544.28003,533.85999,539.12,68034000,35.82,36.34,35.79,36.15,5643200,4.383,4.482,4.49,4.36,4.383,4.482,4.49,4.36
2025-04-17,84028.71,85494.94,83711.69,84961.97,1.13968,1.13968,1.13413,1.13968,3344.05,3345.29,3283.94,3326.19,3344.05,3345.29,3283.94,3326.19,2.38095e-05,2.38095e-05,2.38095e-05,2.38095e-05,2.38095e-05,2.38095e-05,2.38095e-05,2.38095e-05,68.14,68.57,68.050003,68.07,4224000,68.14,68.57,68.050003,68.07,4224000,461.64001,469.67001,448.39001,464.079987,3051600,530.080017,544.76001,530.080017,540.39001,1102300,530.080017,544.76001,530.080017,540.39001,1102300,64.68,62.63,64.86,62.61,111480.0,3.54,94.71,95.11,92.27,93.78,83991800,447.17001,447.75,441.35999,444.10001,44763900,129.36,130.5,127.7,128.89,5216300,129.36,130.5,127.7,128.89,5216300,527.64001,531.16998,523.90997,526.40997,79741000,527.64001,531.16998,523.90997,526.40997,79741000,36.79,37.24,36.77,36.97,1428000,4.332,4.288,4.344,4.278,4.332,4.288,4.344,4.278
2025-04-22,87513.53,93952.62,87077.17,93489.1,1.15128,1.15465,1.1454,1.15128,3423.49,3499.87,3381.2,3394.4,3423.49,3499.87,3381.2,3394.4,2.38095e-05,2.38095e-05,2.38095e-05,2.38095e-05,2.38095e-05,2.38095e-05,2.38095e-05,2.38095e-05,69.050003,69.61,69.0,69.27,3457900,69.050003,69.61,69.0,69.27,3457900,458.049988,470.76999,442.35001,462.079987,2878000,484.75,494.20001,450.13,464.079987,4788400,484.75,494.20001,450.13,464.079987,4788400,64.31,63.43,65.09,63.43,34950.0,1.95,93.014999,96.34,91.35,93.99,91185400,438.82001,447.57999,437.62,444.48001,52304400,114.53,117.19,112.63,113.75,17094400,114.53,117.19,112.63,113.75,17094400,520.14001,529.29999,519.19,527.25,75948100,520.14001,529.29999,519.19,527.25,75948100,37.33,37.74,37.33,37.58,2636000,4.4,4.405,4.438,4.372,4.4,4.405,4.438,4.372
2025-04-23,93486.57,94686.0,91902.19,93740.92,1.13513,1.14401,1.1338,1.13513,3392.6,3403.1,3281.5,3303.3,3392.6,3403.1,3281.5,3303.3,2.38095e-05,2.38095e-05,2.38095e-05,2.38095e-05,2.38095e-05,2.38095e-05,2.38095e-05,2.38095e-05,69.96,70.31,69.33,69.48,4085800,69.96,70.31,69.33,69.48,4085800,467.0,471.39001,457.64999,463.54999,1352700,466.67001,478.82001,460.35999,472.64999,1929100,466.67001,478.82001,460.35999,472.64999,1929100,62.27,64.0,64.87,61.53,397840.0,-3.17,98.86,103.76,97.83,100.82,112909500,458.17001,463.38,452.88,454.56,55801100,117.38,122.62,117.28,120.28,10456300,117.38,122.62,117.28,120.28,10456300,540.42999,545.42999,533.88,535.41998,90590700,540.42999,545.42999,533.88,535.41998,90590700,37.66,37.93,37.44,37.55,2882900,4.384,4.372,4.399,4.259,4.384,4.372,4.399,4.259
2025-04-24,93740.93,94061.02,91685.18,94021.96,1.13273,1.13943,1.13223,1.13273,3303.9,3388.5,3298.9,3354.9,3303.9,3388.5,3298.9,3354.9,2.38095e-05,2.38095e-05,2.38095e-05,2.38095e-05,2.38095e-05,2.38095e-05,2.38095e-05,2.38095e-05,69.53,70.29,69.43,70.28,2696900,69.53,70.29,69.43,70.28,2696900,465.76999,467.59,460.16,466.81,1105000,469.56,471.25,462.48001,463.070007,1805100,469.56,471.25,462.48001,463.070007,1805100,62.79,62.34,63.31,61.99,264910.0,0.84,101.53,108.0,100.91,107.78,103190700,456.48001,467.66,455.82999,467.35001,45956100,120.029999,122.059998,119.51,121.97,4512800,120.029999,122.059998,119.51,121.97,4512800,536.71997,547.42999,535.45001,546.69,64150400,536.71997,547.42999,535.45001,546.69,64150400,37.6,37.92,37.49,37.89,762100,4.314,4.375,4.375,4.303,4.314,4.375,4.375,4.303
2025-04-25,94021.97,95976.34,92880.01,94708.79,1.13719,1.13843,1.13162,1.13719,3354.8,3376.8,3270.6,3316.3,3354.8,3376.8,3270.6,3316.3,2.38095e-05,2.38095e-05,2.38095e-05,2.38095e-05,2.38095e-05,2.38095e-05,2.38095e-05,2.38095e-05,70.21,70.79,70.050003,70.77,3109700,70.21,70.79,70.050003,70.77,3109700,469.98999,478.45999,467.89999,477.64001,1521700,465.29999,473.48999,458.35001,473.20001,1329300,465.29999,473.48999,458.35001,473.20001,1329300,63.02,62.86,63.41,61.8,283760.0,0.37,108.050003,112.88,106.55,112.78,103933800,466.97,473.089996,465.39001,472.56,38697100,122.73,125.5,122.41,125.22,6205900,122.73,125.5,122.41,125.22,6205900,546.65002,551.049988,543.69,550.64001,61119600,546.65002,551.049988,543.69,550.64001,61119600,37.82,37.94,37.68,37.94,844800,4.254,4.321,4.33,4.237,4.254,4.321,4.33,4.237
2025-04-28,93780.56,95652.66,92829.44,95042.57,1.13431,1.14082,1.13311,1.13431,3319.8,3352.91,3274.3,3344.1,3319.8,3352.91,3274.3,3344.1,2.38095e-05,2.38095e-05,2.38095e-05,2.38095e-05,2.38095e-05,2.38095e-05,2.38095e-05,2.38095e-05,71.13,71.86,71.080002,71.74,4233600,71.13,71.86,71.080002,71.74,4233600,479.31,483.79001,474.29001,476.29001,1159700,475.54999,487.0,475.54999,483.31,1817300,475.54999,487.0,475.54999,483.31,1817300,62.05,63.49,63.92,61.48,276120.0,-1.54,113.78,114.86,108.87,114.65,111082900,473.029999,474.81,466.029999,472.41,33550800,125.93,126.31,123.68,124.8,5460100,125.93,126.31,123.68,124.8,5460100,551.39001,553.54999,545.02002,550.84998,47613800,551.39001,553.54999,545.02002,550.84998,47613800,38.02,38.21,37.96,38.19,800900,4.205,4.243,4.297,4.202,4.205,4.243,4.297,4.202
2025-04-29,95042.56,95499.0,93761.26,94271.09,1.14091,1.14196,1.13714,1.14091,3344.0,3347.15,3304.6,3317.6,3344.0,3347.15,3304.6,3317.6,2.38095e-05,2.38095e-05,2.38095e-05,2.38095e-05,2.38095e-05,2.38095e-05,2.38095e-05,2.38095e-05,71.68,72.16,71.54,72.019997,3204500,71.68,72.16,71.54,72.019997,3204500,475.98001,479.29999,473.35001,475.88,897100,483.79001,487.12,480.0,482.10001,977200,483.79001,487.12,480.0,482.10001,977200,60.42,61.87,62.07,60.12,312370.0,-2.63,113.98,117.23,113.24,116.080002,79709000,470.17001,476.42001,469.59,475.53,30613100,124.8,126.040001,124.39,125.73,4313600,124.8,126.040001,124.39,125.73,4313600,548.90997,555.45001,548.54999,554.32001,47775100,548.90997,555.45001,548.54999,554.32001,47775100,38.21,38.42,38.15,38.35,778300,4.171,4.214,4.247,4.164,4.171,4.214,4.247,4.164
2025-04-30,94271.08,95263.74,92911.88,94182.54,1.13893,1.13989,1.13271,1.13893,3317.2,3325.7,3267.16,3292.0,3317.2,3325.7,3267.16,3292.0,2.38095e-05,2.38095e-05,2.38095e-05,2.38095e-05,2.38095e-05,2.38095e-05,2.38095e-05,2.38095e-05,70.83,71.63,70.57,71.43,5619300,70.83,71.63,70.57,71.43,5619300,478.26999,478.60999,471.13,477.75,1095000,484.089996,487.82001,475.54001,486.5,1312300,484.089996,487.82001,475.54001,486.5,1312300,58.21,60.16,60.43,57.91,419550.0,-3.66,111.61,118.78,110.54,118.44,109461700,467.13,477.20001,462.42999,475.47,46810600,125.79,126.57,123.6,126.13,5674100,125.79,126.57,123.6,126.13,5674100,547.57001,556.52002,541.52002,554.53998,93101500,547.57001,556.52002,541.52002,554.53998,93101500,38.07,38.24,37.85,38.099998,1242600,4.167,4.16,4.229,4.135,4.167,4.16,4.229,4.135
2025-05-01,94182.55,97546.99,94136.79,96524.98,1.13249,1.1341,1.1267,1.13249,3292.2,3293.6,3201.9,3238.64,3292.2,3293.6,3201.9,3238.64,2.38095e-05,2.38095e-05,2.38095e-05,2.38095e-05,2.38095e-05,2.38095e-05,2.38095e-05,2.38095e-05,71.4,71.61,71.15,71.17,2985700,71.4,71.61,71.15,71.17,2985700,476.0,479.45001,473.0,477.72,986400,485.17001,488.17001,482.089996,486.67001,1194000,485.17001,488.17001,482.089996,486.67001,1194000,59.24,58.16,59.5,56.39,364220.0,1.77,120.040001,120.19,116.0,116.2,90677600,483.41,487.17999,480.73999,481.67999,43316500,126.4,128.089996,125.43,127.41,4820900,126.4,128.089996,125.43,127.41,4820900,560.37,564.070007,557.85999,558.46997,63186100,560.37,564.070007,557.85999,558.46997,63186100,38.07,38.07,37.78,37.88,1671300,4.215,4.183,4.241,4.124,4.215,4.183,4.241,4.124
2025-05-02,96524.98,97948.56,96369.69,96929.81,1.12965,1.13786,1.12752,1.12965,3250.3,3269.02,3223.0,3254.9,3250.3,3269.02,3223.0,3254.9,2.38095e-05,2.38095e-05,2.38095e-05,2.38095e-05,2.38095e-05,2.38095e-05,2.38095e-05,2.38095e-05,71.62,72.019997,71.51,71.89,4918800,71.62,72.019997,71.51,71.89,4918800,484.75,491.070007,467.51001,472.79999,2090500,492.72,498.53,478.76999,491.42001,1728600,492.72,498.53,478.76999,491.42001,1728600,58.29,58.99,59.87,57.74,322100.0,-1.6,118.66,124.42,118.63,124.28,103094300,486.54001,490.91,484.82999,488.82999,39218100,129.38,131.0,127.85,130.21001,5002200,129.38,131.0,127.85,130.21001,5002200,564.72998,568.38,562.38,566.76001,60717300,564.72998,568.38,562.38,566.76001,60717300,38.55,38.67,38.41,38.6,1023600,4.307,4.208,4.332,4.196,4.307,4.208,4.332,4.196
2025-05-05,94272.54,95218.82,93500.01,94733.99,1.13232,1.13645,1.13129,1.13232,3252.8,3341.1,3236.68,3335.0,3252.8,3341.1,3236.68,3335.0,2.38095e-05,2.38095e-05,2.38095e-05,2.38095e-05,2.38095e-05,2.38095e-05,2.38095e-05,2.38095e-05,72.32,72.53,72.21,72.39,2882600,72.32,72.53,72.21,72.39,2882600,474.0,474.48999,469.34,471.56,1150200,493.57999,496.20999,489.48001,493.32999,830400,493.57999,496.20999,489.48001,493.32999,830400,57.13,56.76,57.7,55.3,308390.0,-1.99,123.7,125.255,121.36,123.77,135961300,484.60001,489.029999,484.10001,485.92999,28309500,130.0,130.059998,128.28,128.59,3293300,130.0,130.059998,128.28,128.59,3293300,562.57001,566.65002,561.70001,563.51001,38659200,562.57001,566.65002,561.70001,563.51001,38659200,38.65,38.78,38.53,38.64,3374600,4.348,4.322,4.371,4.289,4.348,4.322,4.371,4.289
2025-05-06,94733.99,96916.25,93363.28,96839.17,1.13134,1.13612,1.12812,1.13134,3340.6,3440.0,3323.53,3434.7,3340.6,3440.0,3323.53,3434.7,2.38095e-05,2.38095e-05,2.38095e-05,2.38095e-05,2.38095e-05,2.38095e-05,2.38095e-05,2.38095e-05,72.3,72.69,72.3,72.43,3265100,72.3,72.69,72.3,72.43,3265100,469.76999,471.16,463.45999,468.20999,1135400,491.48001,493.089996,484.98001,487.48001,655000,491.48001,493.089996,484.98001,487.48001,655000,59.09,57.25,59.84,57.03,343890.0,3.43,112.71,113.91,105.32,108.86,201193400,479.56,485.049988,478.19,481.41,32786300,127.58,128.67,126.91,128.16,2596100,127.58,128.67,126.91,128.16,2596100,557.92999,563.34998,556.96002,558.79999,48264700,557.92999,563.34998,556.96002,558.79999,48264700,38.75,38.8,38.56,38.57,1471700,4.298,4.365,4.378,4.297,4.298,4.365,4.378,4.297
2025-05-07,96843.84,97738.05,95800.0,97058.32,1.13428,1.13777,1.13271,1.13428,3435.0,3440.4,3360.23,3366.6,3435.0,3440.4,3360.23,3366.6,2.38095e-05,2.38095e-05,2.38095e-05,2.38095e-05,2.38095e-05,2.38095e-05,2.38095e-05,2.38095e-05,71.93,72.27,71.78,71.98,4631500,71.93,72.27,71.78,71.98,4631500,468.39999,474.89999,467.059998,471.32001,1204400,486.73001,488.70001,481.0,486.040009,875400,486.73001,488.70001,481.0,486.040009,875400,58.07,58.98,60.26,57.81,295240.0,-1.73,107.97,111.85,107.0,110.48,95428800,482.079987,485.79999,476.78,483.29999,38006300,127.81,128.81,127.38,127.5,4029200,127.81,128.81,127.38,127.5,4029200,560.15002,563.82001,556.039978,561.15002,55588000,560.15002,563.82001,556.039978,561.15002,55588000,38.43,38.57,38.34,38.43,977700,4.268,4.328,4.335,4.26,4.268,4.328,4.335,4.26
2025-05-08,97058.33,104176.05,96888.25,103253.49,1.13062,1.13367,1.12361,1.13062,3366.7,3414.52,3288.91,3309.4,3366.7,3414.52,3288.91,3309.4,2.38095e-05,2.38095e-05,2.38095e-05,2.38095e-05,2.38095e-05,2.38095e-05,2.38095e-05,2.38095e-05,72.040001,72.33,71.8,71.83,3117800,72.040001,72.33,71.8,71.83,3117800,473.0,479.0,471.73001,474.53,1093100,486.67999,489.84,483.63,484.37,920800,486.67999,489.84,483.63,484.37,920800,59.91,57.93,60.29,57.74,281000.0,3.17,112.28,120.38,112.07,119.15,126966200,488.53,492.70001,484.17001,488.29001,39577600,127.99,130.53,127.5,128.67,4748300,127.99,130.53,127.5,128.67,4748300,565.23999,570.31,561.70001,565.059998,65130800,565.23999,570.31,561.70001,565.059998,65130800,38.43,38.43,38.09,38.11,746500,4.379,4.279,4.398,4.269,4.379,4.279,4.398,4.269
2025-05-09,103252.2,104352.6,102330.76,102986.96,1.12242,1.12911,1.11998,1.12242,3309.6,3347.26,3275.0,3323.64,3309.6,3347.26,3275.0,3323.64,2.38095e-05,2.38095e-05,2.38095e-05,2.38095e-05,2.38095e-05,2.38095e-05,2.38095e-05,2.38095e-05,72.32,72.32,71.75,72.010002,2150800,72.32,72.32,71.75,72.010002,2150800,475.26999,476.63,468.079987,473.51999,978800,484.85999,485.12,475.88,482.62,639600,484.85999,485.12,475.88,482.62,639600,61.02,60.25,61.45,59.89,239640.0,1.85,118.97,119.16,114.9,117.3,81005300,490.20999,491.54001,486.20001,487.97,27767400,128.85001,128.85001,126.029999,128.67,4857600,128.85001,128.85001,126.029999,128.67,4857600,566.47998,567.5,562.76001,564.34003,37603400,566.47998,567.5,562.76001,564.34003,37603400,38.35,38.35,38.16,38.29,2684100,4.381,4.378,4.398,4.343,4.381,4.378,4.398,4.343
2025-05-12,104137.58,105787.37,100703.71,102800.21,1.12296,1.12429,1.10751,1.12296,3290.0,3305.79,3207.7,3235.24,3290.0,3305.79,3207.7,3235.24,2.38095e-05,2.38095e-05,2.38095e-05,2.38095e-05,2.38095e-05,2.38095e-05,2.38095e-05,2.38095e-05,72.46,72.83,72.26,72.8,3030600,72.46,72.83,72.26,72.8,3030600,473.5,475.69,465.78,473.16,1364500,479.95001,482.79001,471.54999,479.16,1292100,479.95001,482.79001,471.54999,479.16,1292100,61.56,60.97,63.13,60.56,243290.0,0.88,120.78,120.935,115.010002,118.46,94257300,506.98999,507.89001,501.48001,507.85001,45090600,129.89,130.8,127.39,130.56,4686400,129.89,130.8,127.39,130.56,4686400,581.46997,583.0,577.039978,582.98999,78993600,581.46997,583.0,577.039978,582.98999,78993600,38.16,38.29,38.02,38.24,1544000,4.472,4.408,4.479,4.4,4.472,4.408,4.479,4.4
2025-05-13,102800.22,105038.53,101447.78,104131.06,1.10956,1.11774,1.10956,1.10956,3237.6,3265.33,3215.92,3248.5,3237.6,3265.33,3215.92,3248.5,2.38095e-05,2.38095e-05,2.38095e-05,2.38095e-05,2.38095e-05,2.38095e-05,2.38095e-05,2.38095e-05,71.91,72.47,71.86,72.25,3858800,71.91,72.47,71.86,72.25,3858800,472.81,472.81,459.14001,459.82999,1859400,478.70001,479.98001,470.63,470.67001,883900,478.70001,479.98001,470.63,470.67001,883900,63.25,61.55,63.44,61.23,203230.0,2.75,119.92,130.60001,119.31,128.10001,147155400,509.16,517.39001,508.42001,515.59003,53269600,131.0,132.039993,130.46001,130.72,4334700,131.0,132.039993,130.46001,130.72,4334700,583.40997,589.080017,582.84003,586.84003,67947200,583.40997,589.080017,582.84003,586.84003,67947200,38.32,38.48,38.2,38.42,2552000,4.47,4.465,4.504,4.425,4.47,4.465,4.504,4.425
2025-05-14,104131.2,104373.0,102603.27,103545.38,1.11856,1.12646,1.11824,1.11856,3247.8,3256.97,3167.95,3181.2,3247.8,3256.97,3167.95,3181.2,2.38095e-05,2.38095e-05,2.38095e-05,2.38095e-05,2.38095e-05,2.38095e-05,2.38095e-05,2.38095e-05,72.37,72.42,71.31,71.45,17474900,72.37,72.42,71.31,71.45,17474900,460.84,461.79999,445.059998,449.17999,2129700,461.38,465.0,453.01001,456.29999,1272400,461.38,465.0,453.01001,456.29999,1272400,62.68,63.2,63.23,62.31,203840.0,-0.9,129.0099945,133.49001,127.559,130.17999,96611500,516.77002,519.22998,515.75,518.67999,47014500,131.49001,131.85001,129.11,130.78999,4843600,131.49001,131.85001,129.11,130.78999,4843600,587.81,588.97998,585.53998,587.59003,66283500,587.81,588.97998,585.53998,587.59003,66283500,38.47,38.49,38.2,38.25,6528300,4.541,4.475,4.546,4.447,4.541,4.475,4.546,4.447
2025-05-15,103540.91,104200.0,101400.01,103786.43,1.11819,1.12278,1.11748,1.11819,3181.2,3245.2,3120.92,3244.5,3181.2,3245.2,3120.92,3244.5,2.38095e-05,2.38095e-05,2.38095e-05,2.38095e-05,2.38095e-05,2.38095e-05,2.38095e-05,2.38095e-05,72.050003,72.33,71.9,72.3,4360000,72.050003,72.33,71.9,72.3,4360000,458.97,465.41,455.029999,465.14001,1758700,461.44,470.89001,459.25,469.049988,1116100,461.44,470.89001,459.25,469.049988,1116100,61.15,62.4,62.46,60.08,264080.0,-2.44,128.37,130.2,125.74,128.12,69503000,516.52002,521.92999,515.16998,519.25,50153300,131.94,135.64999,131.75,135.52,6772200,131.94,135.64999,131.75,135.52,6772200,585.56,590.96997,585.099976,590.46002,71268100,585.56,590.96997,585.099976,590.46002,71268100,38.56,38.8,38.49,38.8,1368800,4.431,4.544,4.55,4.43,4.431,4.544,4.55,4.43
2025-05-16,103786.4,104616.71,103125.51,103500.03,1.11927,1.12199,1.11414,1.11927,3245.0,3252.5,3154.27,3209.7,3245.0,3252.5,3154.27,3209.7,2.38095e-05,2.38095e-05,2.38095e-05,2.38095e-05,2.38095e-05,2.38095e-05,2.38095e-05,2.38095e-05,72.3,72.54,72.15,72.49,1920100,72.3,72.54,72.15,72.49,1920100,466.20999,468.48999,462.66,468.32001,1319200,469.60999,473.56,466.38,473.17001,1148300,469.60999,473.56,466.38,473.17001,1148300,61.97,61.22,62.18,60.78,250320.0,1.34,129.23,130.33,126.76,129.52,57003700,520.65997,521.70001,517.099976,521.51001,48394600,135.71001,136.39999,134.48,135.48,4776000,135.71001,136.39999,134.48,135.48,4776000,591.25,594.5,589.28003,594.20001,76052100,591.25,594.5,589.28003,594.20001,76052100,38.76,38.94,38.73,38.9,547600,4.443,4.443,4.499,4.388,4.443,4.443,4.499,4.388
2025-05-19,106488.77,107137.68,102105.0,105616.18,1.11876,1.1286,1.11736,1.11876,3229.0,3249.65,3206.0,3229.15,3229.0,3249.65,3206.0,3229.15,2.38095e-05,2.38095e-05,2.38095e-05,2.38095e-05,2.38095e-05,2.38095e-05,2.38095e-05,2.38095e-05,72.0,72.59,71.96,72.57,3200700,72.0,72.59,71.96,72.57,3200700,469.41,474.44,467.78,473.059998,1199700,476.12,476.12,469.28,471.12,959000,476.12,476.12,469.28,471.12,959000,62.69,62.75,63.4,61.57,95570.0,1.16,124.715,127.77,124.32,126.33,72503900,514.23999,522.53003,514.23999,522.01001,52536200,135.88,137.72,135.19,137.2,5180800,135.88,137.72,135.19,137.2,5180800,588.099976,595.53998,588.099976,594.84998,68168500,588.099976,595.53998,588.099976,594.84998,68168500,38.93,39.34,38.93,39.33,705400,4.447,4.479,4.564,4.445,4.447,4.479,4.564,4.445
2025-05-20,105616.21,107355.0,104209.18,106883.24,1.12334,1.12773,1.12187,1.12334,3232.0,3295.54,3204.53,3285.1,3232.0,3295.54,3204.53,3285.1,2.38095e-05,2.38095e-05,2.38095e-05,2.38095e-05,2.38095e-05,2.38095e-05,2.38095e-05,2.38095e-05,72.84,73.029999,72.77,72.99,3722400,72.84,73.029999,72.77,72.99,3722400,471.23001,477.10001,470.89001,475.82001,1058500,469.89001,477.87,469.89001,476.60001,1001400,469.89001,477.87,469.89001,476.60001,1001400,62.56,62.68,63.17,62.19,25620.0,-0.21,127.22,128.2,124.65,125.59,61265300,519.46997,520.92999,516.65997,520.27002,42517600,136.39,137.75,135.89,137.17999,4998600,136.39,137.75,135.89,137.17999,4998600,593.090027,594.049988,589.59998,592.84998,60614500,593.090027,594.049988,589.59998,592.84998,60614500,39.44,39.65,39.43,39.61,905000,4.483,4.449,4.525,4.428,4.483,4.449,4.525,4.428
2025-05-21,106883.24,110788.98,106128.14,109699.54,1.1288,1.13623,1.12874,1.1288,3285.4,3324.65,3284.6,3315.56,3285.4,3324.65,3284.6,3315.56,2.38095e-05,2.38095e-05,2.38095e-05,2.38095e-05,2.38095e-05,2.38095e-05,2.38095e-05,2.38095e-05,72.75,73.099998,72.31,72.31,5208800,72.75,73.099998,72.31,72.31,5208800,480.84,480.92999,470.049988,470.28,1435100,481.10999,481.10999,472.34,473.89999,902900,481.10999,481.10999,472.34,473.89999,902900,61.57,62.27,64.19,61.28,302700.0,-1.58,125.16,127.11,119.41,120.58,80657700,516.27002,523.0,511.23999,513.039978,71292800,138.5,138.82001,134.85001,134.95,5514900,138.5,138.82001,134.85001,134.95,5514900,588.44,592.58002,581.82001,582.85999,95197700,588.44,592.58002,581.82001,582.85999,95197700,39.78,39.83,39.43,39.43,830200,4.595,4.481,4.607,4.473,4.595,4.481,4.607,4.473
2025-05-22,109697.19,112000.0,109217.23,111722.53,1.13312,1.13446,1.12671,1.13312,3314.4,3345.31,3279.27,3294.79,3314.4,3345.31,3279.27,3294.79,2.38095e-05,2.38095e-05,2.38095e-05,2.38095e-05,2.38095e-05,2.38095e-05,2.38095e-05,2.38095e-05,72.21,72.55,72.13,72.37,2797300,72.21,72.55,72.13,72.37,2797300,468.79001,472.87,467.12,470.45001,885000,471.53,475.64999,468.98001,472.88,922300,471.53,475.64999,468.98001,472.88,922300,61.2,61.33,61.75,60.25,258550.0,-0.6,121.95,126.33,121.375,122.29,75498300,513.65997,517.71002,512.29999,514.0,55607200,134.60001,134.98,133.50999,134.070007,3790900,134.60001,134.98,133.50999,134.070007,3790900,582.65997,586.62,581.40997,583.090027,70860400,582.65997,586.62,581.40997,583.090027,70860400,39.38,39.67,39.27,39.53,657200,4.528,4.609,4.629,4.527,4.528,4.609,4.629,4.527
2025-05-23,111722.54,111824.07,106800.01,107329.61,1.12818,1.13766,1.12799,1.12818,3298.7,3366.0,3287.0,3355.9,3298.7,3366.0,3287.0,3355.9,2.38095e-05,2.38095e-05,2.38095e-05,2.38095e-05,2.38095e-05,2.38095e-05,2.38095e-05,2.38095e-05,72.31,73.14,72.31,73.029999,8336300,72.31,73.14,72.31,73.029999,8336300,467.95999,469.54999,465.56,468.88,866700,472.070007,472.97,468.29001,471.45999,679200,472.070007,472.97,468.29001,471.45999,679200,61.53,60.81,61.88,60.02,273390.0,0.54,120.88,125.54,120.68,123.31,65905800,506.17999,511.84,505.57999,509.23999,58368100,131.85001,133.39,131.32001,132.35001,5510000,131.85001,133.39,131.32001,132.35001,5510000,575.97998,581.81,575.59998,579.10999,76029000,575.97998,581.81,575.59998,579.10999,76029000,39.43,39.89,39.43,39.88,786300,4.507,4.535,4.543,4.448,4.507,4.535,4.543,4.448
2025-05-27,109464.33,110829.42,107536.41,108978.46,1.13885,1.1409,1.13252,1.13885,3345.6,3353.6,3288.25,3299.7,3345.6,3353.6,3288.25,3299.7,2.38095e-05,2.38095e-05,2.38095e-05,2.38095e-05,2.38095e-05,2.38095e-05,2.38095e-05,2.38095e-05,74.52,74.97,74.38,74.95,6062500,74.52,74.97,74.38,74.95,6062500,470.79999,476.85001,468.66,476.85001,1548000,471.62,475.66,470.29999,475.47,868700,471.62,475.66,470.29999,475.47,868700,60.89,61.7,62.14,60.26,291320.0,-0.98,126.82,127.88,120.88,123.39,86455200,516.15002,521.71002,514.59003,521.21997,47226300,134.49001,134.89999,132.14999,134.19,5160800,134.49001,134.89999,132.14999,134.19,5160800,586.070007,591.31,578.42999,591.15002,72588500,586.070007,591.31,578.42999,591.15002,72588500,40.11,40.16,39.94,40.07,677200,4.445,4.507,4.509,4.428,4.445,4.507,4.509,4.428
2025-05-28,108978.45,109344.89,106790.16,107819.29,1.13371,1.13456,1.12843,1.13371,3300.0,3325.27,3277.0,3291.4,3300.0,3325.27,3277.0,3291.4,2.38095e-05,2.38095e-05,2.38095e-05,2.38095e-05,2.38095e-05,2.38095e-05,2.38095e-05,2.38095e-05,73.79,73.83,73.51,73.61,5543800,73.79,73.83,73.51,73.61,5543800,477.54001,478.98001,469.0,469.98001,956500,477.73999,478.089996,473.70001,475.32001,924300,477.73999,478.089996,473.70001,475.32001,924300,61.84,61.04,62.54,60.85,260370.0,1.56,124.23,125.65,122.91,123.76,64866000,522.17999,523.67999,518.39001,518.90997,46637200,134.64,135.0,130.89999,132.85001,5426300,134.64,135.0,130.89999,132.85001,5426300,591.56,592.77002,586.98999,587.72998,68445500,591.56,592.77002,586.98999,587.72998,68445500,39.74,39.76,39.55,39.67,1690000,4.474,4.444,4.501,4.438,4.474,4.444,4.501,4.438
2025-05-29,107819.26,108943.35,105315.0,105572.58,1.12337,1.13695,1.12271,1.12337,3291.2,3328.34,3249.59,3317.95,3291.2,3328.34,3249.59,3317.95,2.38095e-05,2.38095e-05,2.38095e-05,2.38095e-05,2.38095e-05,2.38095e-05,2.38095e-05,2.38095e-05,74.029999,74.050003,73.6,74.029999,3182000,74.029999,74.050003,73.6,74.029999,3182000,467.92999,474.56,465.32001,473.69,851000,471.17999,480.25,468.5,479.39001,864000,471.17999,480.25,468.5,479.39001,864000,60.94,61.83,63.07,60.55,299860.0,-1.46,125.35,126.47,121.53,122.32,63137900,526.33002,526.47998,517.32001,519.92999,58513300,132.12,135.089996,131.89999,134.8,3634700,132.12,135.089996,131.89999,134.8,3634700,593.059998,593.20001,586.070007,590.049988,69973300,593.059998,593.20001,586.070007,590.049988,69973300,39.71,39.79,39.53,39.79,1016700,4.425,4.509,4.539,4.416,4.425,4.509,4.539,4.416
2025-05-30,105572.58,106377.66,103634.48,104033.26,1.13784,1.13904,1.13144,1.13784,3317.11,3323.8,3277.61,3288.52,3317.11,3323.8,3277.61,3288.52,2.38095e-05,2.38095e-05,2.38095e-05,2.38095e-05,2.38095e-05,2.38095e-05,2.38095e-05,2.38095e-05,74.11,74.19,73.54,74.12,5838900,74.11,74.19,73.54,74.12,5838900,473.67001,482.38,471.059998,482.38,2196300,480.0,485.98999,475.059998,484.76999,1304500,480.0,485.98999,475.059998,484.76999,1304500,60.79,60.94,61.72,59.74,384930.0,-0.25,123.53,131.94,122.75,131.78,185897600,519.44,520.67999,511.92999,519.10999,67662800,135.0,137.3,134.37,136.48,8195100,135.0,137.3,134.37,136.48,8195100,588.92999,591.13,583.23999,589.39001,90601200,588.92999,591.13,583.23999,589.39001,90601200,39.86,39.99,39.69,39.92,1290800,4.397,4.426,4.442,4.387,4.397,4.426,4.442,4.387
2025-06-02,105697.93,106000.0,103685.23,105904.94,1.13533,1.14491,1.13533,1.13533,3296.6,3382.66,3295.29,3381.02,3296.6,3382.66,3295.29,3381.02,2.38095e-05,2.38095e-05,2.38095e-05,2.38095e-05,2.38095e-05,2.38095e-05,2.38095e-05,2.38095e-05,74.43,75.050003,74.14,75.040001,6737600,74.43,75.050003,74.14,75.040001,6737600,478.26001,479.73001,474.0,478.82001,1154200,481.13,483.85001,478.92001,483.38,765300,481.13,483.85001,478.92001,483.38,765300,62.52,61.11,63.88,61.06,403580.0,2.85,131.435,134.48,128.86,132.039993,93218700,517.23999,523.45001,515.96997,523.21002,44762800,136.42,137.52,135.42999,137.46001,3946200,136.42,137.52,135.42999,137.46001,3946200,587.76001,592.78998,585.059998,592.71002,61630500,587.76001,592.78998,585.059998,592.71002,61630500,40.02,40.29,39.83,40.29,1925600,4.441,4.418,4.47,4.41,4.441,4.418,4.47,4.41
2025-06-03,105909.79,106901.68,104910.01,105447.82,1.14534,1.14551,1.13676,1.14534,3381.01,3392.07,3333.38,3354.3,3381.01,3392.07,3333.38,3354.3,2.38095e-05,2.38095e-05,2.38095e-05,2.38095e-05,2.38095e-05,2.38095e-05,2.38095e-05,2.38095e-05,74.21,74.29,73.94,74.13,3350700,74.21,74.29,73.94,74.13,3350700,479.0,481.13,476.54001,480.17001,1032300,483.0,488.63,481.75,488.22,578400,483.0,488.63,481.75,488.22,578400,63.41,63.02,63.89,62.4,291260.0,1.42,133.070007,135.28,130.10001,133.17,91297700,523.56,528.73999,522.69,527.29999,44070300,137.41,138.78999,136.42999,137.5,3493900,137.41,138.78999,136.42999,137.5,3493900,592.34003,597.080017,591.84998,596.090027,63606200,592.34003,597.080017,591.84998,596.090027,63606200,40.02,40.12,39.91,40.060001,545700,4.457,4.446,4.474,4.406,4.457,4.446,4.474,4.406
2025-06-04,105443.95,106058.47,104202.0,104753.38,1.13845,1.14346,1.13594,1.13845,3354.3,3384.66,3343.75,3372.34,3354.3,3384.66,3343.75,3372.34,2.38095e-05,2.38095e-05,2.38095e-05,2.38095e-05,2.38095e-05,2.38095e-05,2.38095e-05,2.38095e-05,73.92,74.3,73.84,74.080002,5388400,73.92,74.3,73.84,74.080002,5388400,481.98999,486.85999,481.69,482.20999,1273700,490.0,495.89999,488.049988,491.29001,766800,490.0,495.89999,488.049988,491.29001,766800,62.85,63.36,63.96,62.17,321130.0,-0.88,132.8,132.95,125.58,130.0099945,97306300,528.01001,529.84003,525.96997,528.77002,41359300,138.16,138.86,137.64999,138.55,3200400,138.16,138.86,137.64999,138.55,3200400,596.96002,597.95001,595.48999,595.92999,57314200,596.96002,597.95001,595.48999,595.92999,57314200,40.14,40.34,40.14,40.19,891100,4.356,4.446,4.468,4.349,4.356,4.446,4.468,4.349
2025-06-05,104753.37,105999.68,100345.73,101570.2,1.1422,1.14943,1.14061,1.1422,3376.5,3403.33,3339.5,3353.0,3376.5,3403.33,3339.5,3353.0,2.38095e-05,2.38095e-05,2.38095e-05,2.38095e-05,2.38095e-05,2.38095e-05,2.38095e-05,2.38095e-05,73.54,73.6,73.19,73.39,5196900,73.54,73.6,73.19,73.39,5196900,484.37,485.13,471.75,478.029999,1063100,492.95001,492.95001,484.53,488.12,634300,492.95001,492.95001,484.53,488.12,634300,63.37,62.76,63.98,62.5,232420.0,0.83,129.27,132.85001,118.93,119.91,131055900,530.17999,533.049988,522.65997,524.78998,61031200,139.2,139.32001,138.24001,139.070007,3510800,139.2,139.32001,138.24001,139.070007,3510800,597.63,599.0,591.049988,593.049988,92278700,597.63,599.0,591.049988,593.049988,92278700,40.41,40.41,40.15,40.22,766300,4.389,4.359,4.402,4.318,4.389,4.359,4.402,4.318
2025-06-06,101570.2,105439.01,101132.91,104397.99,1.14538,1.14587,1.13723,1.14538,3353.1,3375.45,3307.1,3310.1,3353.1,3375.45,3307.1,3310.1,2.38095e-05,2.38095e-05,2.38095e-05,2.38095e-05,2.38095e-05,2.38095e-05,2.38095e-05,2.38095e-05,73.9,74.0,73.64,73.82,3500400,73.9,74.0,73.64,73.82,3500400,477.81,481.95999,476.97,481.69,714400,488.59,491.42999,486.56,489.41,372400,488.59,491.42999,486.56,489.41,372400,64.58,63.33,64.8,62.82,310130.0,1.91,123.73,128.13,121.92,127.72,87175100,530.0,531.79999,528.21002,529.91998,42467000,139.67999,140.64999,138.32001,139.10001,4511000,139.67999,140.64999,138.32001,139.10001,4511000,598.65997,600.83002,596.85999,599.14001,66588700,598.65997,600.83002,596.85999,599.14001,66588700,40.22,40.37,40.22,40.35,445200,4.505,4.394,4.514,4.375,4.505,4.394,4.514,4.375
2025-06-09,105784.41,110651.12,105368.27,110301.15,1.14078,1.14403,1.13876,1.14078,3315.0,3338.20996,3293.58,3327.6,3315.0,3338.20996,3293.58,3327.6,2.38095e-05,2.38095e-05,2.38095e-05,2.38095e-05,2.38095e-05,2.38095e-05,2.38095e-05,2.38095e-05,74.0,74.13,73.89,73.93,3937900,74.0,74.13,73.89,73.93,3937900,480.28,482.84,476.62,480.82999,1064100,490.0,492.10999,483.76001,491.35999,617700,490.0,492.10999,483.76001,491.35999,617700,64.22,63.81,64.34,63.27,137420.0,-0.56,127.074997,132.23,124.8,132.059998,74785600,530.14001,532.34998,529.01001,530.70001,33688700,139.2,141.089996,138.28,140.98,7104300,139.2,141.089996,138.28,140.98,7104300,599.71997,601.25,598.48999,599.67999,53016400,599.71997,601.25,598.48999,599.67999,53016400,40.22,40.47,40.21,40.34,615200,4.475,4.51,4.518,4.47,4.475,4.51,4.518,4.47
2025-06-10,110299.69,110420.08,108362.14,110300.24,1.1428,1.14483,1.13746,1.1428,3327.2,3348.99,3302.09,3323.47,3327.2,3348.99,3302.09,3323.47,2.38095e-05,2.38095e-05,2.38095e-05,2.38095e-05,2.38095e-05,2.38095e-05,2.38095e-05,2.38095e-05,74.010002,74.010002,73.65,73.88,3281000,74.010002,74.010002,73.65,73.88,3281000,480.0,481.64999,475.64001,476.89999,1150400,491.53,491.53,486.64001,488.79999,535800,491.53,491.53,486.64001,488.79999,535800,63.91,64.1,65.1,63.51,207740.0,-0.48,131.020004,134.070007,129.41,132.81,69308900,531.16998,534.90002,528.89001,534.21002,40664800,140.5,141.12,137.94,138.52,6303500,140.5,141.12,137.94,138.52,6303500,600.21997,603.46997,599.090027,603.080017,66247000,600.21997,603.46997,599.090027,603.080017,66247000,40.49,40.5,40.26,40.31,826900,4.473,4.48,4.49,4.438,4.473,4.48,4.49,4.438
2025-06-11,110300.25,110435.05,108091.74,108669.37,1.14375,1.1491,1.1406,1.14375,3321.7,3360.6,3315.45,3352.3,3321.7,3360.6,3315.45,3352.3,2.38095e-05,2.38095e-05,2.38095e-05,2.38095e-05,2.38095e-05,2.38095e-05,2.38095e-05,2.38095e-05,73.94,74.080002,73.65,73.67,3675400,73.94,74.080002,73.65,73.67,3675400,464.14999,464.14999,443.41,456.60001,3618200,483.57001,488.70999,472.019989,488.45999,895200,483.57001,488.70999,472.019989,488.45999,895200,66.9,63.67,67.11,63.54,260690.0,4.68,133.92,140.0,132.99001,136.39,97366000,535.62,536.78003,530.10999,532.40997,53701000,139.0,141.86,135.42999,141.81,6370300,139.0,141.86,135.42999,141.81,6370300,604.19,605.059998,599.27002,601.35999,73658200,604.19,605.059998,599.27002,601.35999,73658200,40.34,40.53,40.33,40.41,2035300,4.419,4.472,4.506,4.406,4.419,4.472,4.506,4.406
2025-06-12,108673.77,108853.74,105706.78,105721.05,1.15093,1.16287,1.15028,1.15093,3352.3,3398.78,3338.68,3381.9,3352.3,3398.78,3338.68,3381.9,2.38095e-05,2.38095e-05,2.38095e-05,2.38095e-05,2.38095e-05,2.38095e-05,2.38095e-05,2.38095e-05,74.14,74.31,74.059998,74.21,2871200,74.14,74.31,74.059998,74.21,2871200,457.31,469.26999,456.5,469.26999,1700600,488.82001,497.32001,487.95001,497.13,635100,488.82001,497.32001,487.95001,497.13,635100,66.64,67.68,67.93,65.51,297700.0,-0.39,136.39999,137.10001,134.63,135.19,56248200,531.090027,534.64001,530.84003,533.65997,34104900,140.27,142.059998,140.13,140.98,4664400,140.27,142.059998,140.13,140.98,4664400,600.01001,603.75,599.52002,603.75,64129000,600.01001,603.75,599.52002,603.75,64129000,40.71,40.78,40.61,40.78,586200,4.364,4.414,4.42,4.344,4.364,4.414,4.42,4.344
2025-06-13,105716.45,106233.0,102746.01,106118.7,1.16003,1.16121,1.14929,1.16003,3382.0,3446.58,3379.82,3432.19,3382.0,3446.58,3379.82,3432.19,2.38095e-05,2.38095e-05,2.38095e-05,2.38095e-05,2.38095e-05,2.38095e-05,2.38095e-05,2.38095e-05,73.5,73.94,73.43,73.6,3509600,73.5,73.94,73.43,73.6,3509600,478.97,488.29999,473.35001,486.45001,2729700,504.0,519.42999,503.20001,516.71997,1844000,504.0,519.42999,503.20001,516.71997,1844000,71.29,67.5,74.63,67.11,715810.0,6.98,133.815,139.99001,133.35001,137.39999,93519000,527.67999,531.87,525.72998,526.96002,55814400,144.020004,146.020004,142.32001,145.69,11765200,144.020004,146.020004,142.32001,145.69,11765200,598.5,601.84998,595.47998,597.0,89506000,598.5,601.84998,595.47998,597.0,89506000,40.42,40.63,40.35,40.42,981100,4.406,4.32,4.448,4.31,4.406,4.32,4.448,4.31
2025-06-16,105600.21,109000.0,104982.26,106853.38,1.15567,1.16148,1.15249,1.15567,3446.0,3455.7,3383.0,3383.53,3446.0,3455.7,3383.0,3383.53,2.38095e-05,2.38095e-05,2.38095e-05,2.38095e-05,2.38095e-05,2.38095e-05,2.38095e-05,2.38095e-05,73.35,73.73,73.099998,73.15,3040800,73.35,73.73,73.099998,73.15,3040800,482.01001,482.73001,464.51999,467.059998,2766600,510.81,515.0,495.57999,497.51999,1168700,510.81,515.0,495.57999,497.51999,1168700,71.77,76.54,77.49,69.38,367310.0,0.67,140.029999,144.86,139.812,141.41,80779800,530.5,535.37,530.45001,534.28998,37622100,146.5,147.070007,144.91,146.46001,7986100,146.5,147.070007,144.91,146.46001,7986100,600.40002,604.45001,600.21997,602.67999,79984100,600.40002,604.45001,600.21997,602.67999,79984100,39.87,39.99,39.62,39.62,1572200,4.448,4.418,4.462,4.403,4.448,4.418,4.462,4.403
2025-06-17,106853.38,107792.9,103363.3,104590.44,1.15513,1.15741,1.15125,1.15513,3384.6,3403.21,3366.09,3387.3,3384.6,3403.21,3366.09,3387.3,2.38095e-05,2.38095e-05,2.38095e-05,2.38095e-05,2.38095e-05,2.38095e-05,2.38095e-05,2.38095e-05,72.7,72.78,72.21,72.28,4327600,72.7,72.78,72.21,72.28,4327600,470.76001,481.57999,467.5,479.34,2191200,502.0,505.85001,498.059998,503.97,764300,502.0,505.85001,498.059998,503.97,764300,74.84,71.11,75.54,71.0,154260.0,4.28,141.485,141.69,136.080002,138.2,70479100,531.71002,533.33002,527.90997,529.080017,42180900,147.42999,149.17999,145.81,148.48,7251800,147.42999,149.17999,145.81,148.48,7251800,600.21002,601.75,596.76001,597.53003,82209400,600.21002,601.75,596.76001,597.53003,82209400,39.57,39.58,39.18,39.2,1103200,4.386,4.438,4.446,4.381,4.386,4.438,4.446,4.381
2025-06-18,104590.44,105603.63,103512.38,104915.6,1.14826,1.153,1.14824,1.14826,3388.7,3399.98,3362.68994,3372.1,3388.7,3399.98,3362.68994,3372.1,2.38095e-05,2.38095e-05,2.38095e-05,2.38095e-05,2.38095e-05,2.38095e-05,2.38095e-05,2.38095e-05,73.19,73.45,72.93,73.050003,4523100,73.19,73.45,72.93,73.050003,4523100,478.45001,482.35999,467.95999,468.60001,1871200,504.42001,506.60001,493.57999,494.64999,792400,504.42001,506.60001,493.57999,494.64999,792400,75.14,75.61,76.07,72.94,524540.0,0.4,139.039993,140.36,137.49001,139.96001,58260200,530.099976,532.54999,527.40002,528.98999,43983500,148.56,149.25999,145.66,145.87,7116900,148.56,149.25999,145.66,145.87,7116900,598.44,601.21997,596.46997,597.44,76605000,598.44,601.21997,596.46997,597.44,76605000,39.27,39.43,39.13,39.22,5070200,4.39,4.397,4.413,4.344,4.39,4.397,4.413,4.344
2025-06-20,104671.4,106553.86,102357.25,103317.8,1.15128,1.15346,1.14961,1.15128,3381.3,3381.3,3340.32,3368.76,3381.3,3381.3,3340.32,3368.76,2.38095e-05,2.38095e-05,2.38095e-05,2.38095e-05,2.38095e-05,2.38095e-05,2.38095e-05,2.38095e-05,72.45,72.45,71.71,71.76,5250800,72.45,72.45,71.71,71.76,5250800,469.0,474.31,461.10999,470.56,2419400,496.62,499.85999,488.0,497.70001,916000,496.62,499.85999,488.0,497.70001,916000,74.93,74.6,77.58,74.3,34050.0,1.5,140.69,142.24001,136.742,137.3,87067000,532.26001,533.56,524.88,526.83002,61643500,145.86,148.14999,143.89999,146.64,9220600,145.86,148.14999,143.89999,146.64,9220600,598.38,599.46002,592.85999,594.28003,94051400,598.38,599.46002,592.85999,594.28003,94051400,39.45,39.9,38.88,38.9,1370000,4.376,4.381,4.443,4.361,4.376,4.381,4.443,4.361
2025-06-23,100996.87,106135.47,99677.07,105419.39,1.15009,1.15517,1.14555,1.15009,3412.9,3419.5,3347.02,3369.1001,3412.9,3419.5,3347.02,3369.1001,2.38095e-05,2.38095e-05,2.38095e-05,2.38095e-05,2.38095e-05,2.38095e-05,2.38095e-05,2.38095e-05,71.15,72.07,71.089996,72.019997,4849400,71.15,72.07,71.089996,72.019997,4849400,472.92999,482.37,468.53,472.45999,2666400,500.81,508.32001,496.44,499.67001,978800,500.81,508.32001,496.44,499.67001,978800,68.51,78.0,78.4,66.6,728870.0,-8.57,138.89999,142.14999,135.96001,139.92,70501100,526.81,532.16998,523.65002,531.65002,50666100,146.82001,147.070007,145.10001,145.81,6548500,146.82001,147.070007,145.10001,145.81,6548500,595.039978,600.53998,591.89001,600.15002,87426000,595.039978,600.53998,591.89001,600.15002,87426000,38.74,39.21,38.74,39.17,1497700,4.341,4.375,4.407,4.291,4.341,4.375,4.407,4.291
2025-06-24,105418.4,106366.29,104681.83,106141.0,1.1599,1.16359,1.15829,1.1599,3370.9,3383.3,3299.91992,3324.9,3370.9,3383.3,3299.91992,3324.9,2.38095e-05,2.38095e-05,2.38095e-05,2.38095e-05,2.38095e-05,2.38095e-05,2.38095e-05,2.38095e-05,72.47,72.79,72.38,72.74,4095800,72.47,72.79,72.38,72.74,4095800,467.85001,468.70001,457.67999,460.20001,1970200,494.79999,495.12,481.28,484.0,930600,494.79999,495.12,481.28,484.0,930600,64.37,67.74,67.83,64.0,541480.0,-6.04,140.98,143.66,137.8,143.23,58574200,536.89001,540.70001,536.27002,539.78003,45442000,143.5,144.039993,140.50999,141.85001,8242100,143.5,144.039993,140.50999,141.85001,8242100,604.33002,607.84998,603.40997,606.78003,67735300,604.33002,607.84998,603.40997,606.78003,67735300,39.42,39.56,39.33,39.41,872400,4.294,4.352,4.371,4.285,4.294,4.352,4.371,4.285
2025-06-25,106141.01,108206.0,105875.0,107400.22,1.16122,1.16314,1.1591,1.16122,3325.5,3337.3,3313.41992,3332.13989,3325.5,3337.3,3313.41992,3332.13989,2.38095e-05,2.38095e-05,2.38095e-05,2.38095e-05,2.38095e-05,2.38095e-05,2.38095e-05,2.38095e-05,72.53,72.55,72.31,72.44,3226100,72.53,72.55,72.31,72.44,3226100,464.20999,464.88,456.5,458.39001,1265500,488.0,488.45999,483.84,486.92001,724829,488.0,488.45999,483.84,486.92001,724829,64.92,65.12,66.03,64.51,278500.0,0.85,144.49001,147.67,141.53,142.89999,61435300,542.059998,543.31,539.38,541.15997,44804200,142.28,142.42,140.47,141.38,10395000,142.28,142.42,140.47,141.38,10395000,607.90997,608.60999,605.53998,607.12,62114800,607.90997,608.60999,605.53998,607.12,62114800,39.26,39.34,39.15,39.28,1435300,4.29,4.293,4.338,4.277,4.29,4.293,4.338,4.277
2025-06-26,107400.22,108345.0,106605.88,107029.64,1.16837,1.17434,1.16686,1.16837,3331.1,3350.25,3310.0,3328.09,3331.1,3350.25,3310.0,3328.09,2.38095e-05,2.38095e-05,2.38095e-05,2.38095e-05,2.38095e-05,2.38095e-05,2.38095e-05,2.38095e-05,73.63,74.040001,73.51,73.97,4326300,73.63,74.040001,73.51,73.97,4326300,459.31,464.070007,456.64001,457.89999,1590100,489.19,497.040009,487.67999,493.66,876400,489.19,497.040009,487.67999,493.66,876400,65.24,64.98,66.42,64.66,233770.0,0.49,144.85001,148.215,142.91,144.25,69440500,543.34998,546.66998,541.52002,546.21997,43811400,141.91,143.39999,141.25999,142.67,5407500,141.91,143.39999,141.25999,142.67,5407500,608.98999,612.31,608.37,611.87,78548400,608.98999,612.31,608.37,611.87,78548400,39.66,39.74,39.59,39.69,1643100,4.245,4.281,4.293,4.24,4.245,4.281,4.293,4.24
2025-06-27,107029.63,107804.2,106413.79,107113.38,1.16922,1.17509,1.16843,1.16922,3326.7,3329.0,3255.97998,3278.0,3326.7,3329.0,3255.97998,3278.0,2.38095e-05,2.38095e-05,2.38095e-05,2.38095e-05,2.38095e-05,2.38095e-05,2.38095e-05,2.38095e-05,75.089996,75.5,74.95,75.28,10262600,75.089996,75.5,74.95,75.28,10262600,455.64001,459.17999,451.45999,458.59,1996400,490.95001,494.67999,489.26001,494.0,874400,490.95001,494.67999,489.26001,494.0,874400,65.52,65.3,66.09,64.8,236280.0,0.43,144.87,144.97,130.53999,130.74001,202598600,547.26001,549.98999,544.53998,548.090027,57577100,142.070007,144.71001,141.92999,144.66,9173900,142.070007,144.71001,141.92999,144.66,9173900,612.88,616.39001,610.83002,614.90997,86258400,612.88,616.39001,610.83002,614.90997,86258400,39.77,39.87,39.6,39.72,3613700,4.274,4.246,4.293,4.24,4.274,4.246,4.293,4.24
2025-06-30,108386.44,108800.0,106724.76,107173.21,1.17275,1.17716,1.17091,1.17275,3272.3,3309.21997,3248.98,3302.90991,3272.3,3309.21997,3248.98,3302.90991,2.38095e-05,2.38095e-05,2.38095e-05,2.38095e-05,2.38095e-05,2.38095e-05,2.38095e-05,2.38095e-05,74.97,75.010002,74.79,74.97,6464200,74.97,75.010002,74.79,74.97,6464200,459.45001,463.82001,457.88,463.14001,1205600,495.31,501.079987,493.95999,499.98001,644100,495.31,501.079987,493.95999,499.98001,644100,65.11,65.15,65.82,64.5,193290.0,-0.63,137.78999,138.875,134.8,136.32001,97305600,551.26001,552.79999,549.01001,551.64001,45548700,145.48,146.41,145.0,146.020004,5939500,145.48,146.41,145.0,146.020004,5939500,617.38,619.21997,615.039978,617.84998,92502500,617.38,619.21997,615.039978,617.84998,92502500,39.64,39.76,39.58,39.72,786200,4.231,4.281,4.291,4.222,4.231,4.281,4.291,4.222
2025-07-01,107173.21,107579.3,105262.0,105711.78,1.17872,1.18303,1.17678,1.17872,3305.4,3357.96997,3300.0,3336.4,3305.4,3357.96997,3300.0,3336.4,2.38095e-05,2.38095e-05,2.38095e-05,2.38095e-05,2.38095e-05,2.38095e-05,2.38095e-05,2.38095e-05,74.67,74.91,74.42,74.42,7652500,74.67,74.91,74.42,74.42,7652500,463.0,469.44,460.0,465.94,1242800,499.95001,504.81,496.38,503.53,651300,499.95001,504.81,496.38,503.53,651300,65.45,64.96,65.98,64.67,193160.0,0.52,135.27,136.32001,128.50999,130.67999,91479700,549.72998,550.71002,544.65997,546.98999,56166700,145.64999,145.8,142.66,144.19,4819500,145.64999,145.8,142.66,144.19,4819500,616.35999,618.83002,615.52002,617.65002,70030100,616.35999,618.83002,615.52002,617.65002,70030100,39.66,39.91,39.64,39.85,889800,4.241,4.234,4.279,4.187,4.241,4.234,4.279,4.187
2025-07-02,105711.77,109823.08,105119.7,108888.32,1.18055,1.18103,1.17464,1.17982,3336.1,3359.060059,3325.7,3352.0,3336.1,3359.060059,3325.7,3352.0,2.38095e-05,2.38095e-05,2.38095e-05,2.38095e-05,2.38095e-05,2.38095e-05,2.38095e-05,2.38095e-05,74.23,74.49,74.16,74.46,3670300,74.23,74.49,74.16,74.46,3670300,466.0,466.92999,458.60999,462.54999,1127300,493.0,499.019989,489.51999,498.89999,817400,493.0,499.019989,489.51999,498.89999,817400,67.45,65.56,67.58,65.23,265200.0,3.06,131.47,133.60001,130.19,132.12,59732000,546.15997,551.0,546.12,550.79999,36538300,143.66,144.72,142.96001,144.52,3253300,143.66,144.72,142.96001,144.52,3253300,617.23999,620.48999,616.60999,620.45001,66510400,617.23999,620.48999,616.60999,620.45001,66510400,39.35,39.62,39.23,39.61,3736400,4.282,4.242,4.308,4.24,4.282,4.242,4.308,4.24
2025-07-03,108887.03,110590.0,108574.31,109628.83,1.17991,1.18107,1.17169,1.17565,3352.0,3365.61,3311.66,3323.9,3352.0,3365.61,3311.66,3323.9,2.38095e-05,2.38095e-05,2.38095e-05,2.38095e-05,2.38095e-05,2.38095e-05,2.38095e-05,2.38095e-05,74.41,74.72,74.41,74.6,1990400,74.41,74.72,74.41,74.6,1990400,463.70999,465.35001,460.97,462.51999,707900,500.26001,505.19,498.60999,504.20001,381800,500.26001,505.19,498.60999,504.20001,381800,67.0,67.5,67.58,66.53,220440.0,-0.67,134.36,135.62,132.50999,134.36,41812500,553.17999,557.20001,553.17999,556.21997,26443500,144.49001,146.39,144.37,145.75,1888700,144.49001,146.39,144.37,145.75,1888700,622.45001,626.28003,622.42999,625.34003,51065800,622.45001,626.28003,622.42999,625.34003,51065800,39.77,39.83,39.66,39.82,1876100,4.346,4.271,4.364,4.249,4.346,4.271,4.364,4.249
2025-07-07,109217.98,109741.64,107507.0,108269.84,1.17806,1.17902,1.16869,1.1708,3334.01,3342.05,3296.5,3336.82,3334.01,3342.05,3296.5,3336.82,2.38095e-05,2.38095e-05,2.38095e-05,2.38095e-05,2.38095e-05,2.38095e-05,2.38095e-05,2.38095e-05,73.61,73.7,72.58,72.82,11486000,73.61,73.7,72.58,72.82,11486000,464.5,470.54999,461.37,469.059998,1224100,506.20001,509.60001,503.20001,507.92001,653400,506.20001,509.60001,503.20001,507.92001,653400,67.93,65.7,68.32,65.4,332950.0,2.17,134.38,139.28999,132.32001,139.12,71959700,553.52002,554.34003,549.58002,552.030029,45349300,146.25999,146.78,145.13,145.92,4532500,146.25999,146.78,145.13,145.92,4532500,623.35999,624.030029,617.87,620.67999,74814500,623.35999,624.030029,617.87,620.67999,74814500,39.68,39.74,39.38,39.42,726700,4.382,4.326,4.399,4.322,4.382,4.326,4.399,4.322
2025-07-08,108271.49,109255.99,107438.33,108958.04,1.17079,1.17651,1.16827,1.17248,3333.8,3345.7,3287.21,3301.03,3333.8,3345.7,3287.21,3301.03,2.38095e-05,2.38095e-05,2.38095e-05,2.38095e-05,2.38095e-05,2.38095e-05,2.38095e-05,2.38095e-05,72.95,73.25,72.86,73.19,4668100,72.95,73.25,72.86,73.19,4668100,464.20001,466.62,460.64999,463.01001,1243000,501.0,506.92999,500.84,504.85001,669600,501.0,506.92999,500.84,504.85001,669600,68.33,67.96,68.91,67.33,219880.0,0.59,138.77499,139.855,135.78999,139.71001,59834800,553.38,554.01001,551.099976,552.34003,36153300,145.64999,146.0,142.98,144.91,4331300,145.64999,146.0,142.98,144.91,4331300,621.34998,622.10999,619.52002,620.34003,59024600,621.34998,622.10999,619.52002,620.34003,59024600,39.48,39.86,39.45,39.79,1541300,4.417,4.385,4.435,4.377,4.417,4.385,4.435,4.377
2025-07-09,108953.58,112152.91,108329.87,111282.85,1.17246,1.17291,1.16895,1.17185,3299.1,3316.87012,3282.8999,3312.1,3299.1,3316.87012,3282.8999,3312.1,2.38095e-05,2.38095e-05,2.38095e-05,2.38095e-05,2.38095e-05,2.38095e-05,2.38095e-05,2.38095e-05,73.13,73.33,72.91,73.3,4077600,73.13,73.33,72.91,73.3,4077600,465.38,465.98999,460.20999,463.059998,892700,505.81,508.41,502.29999,507.94,608900,505.81,508.41,502.29999,507.94,608900,68.38,68.18,68.94,67.7,223950.0,0.07,139.655,143.17,137.39,143.13,68494800,554.47998,557.63,553.099976,556.25,43045500,145.73,146.5,144.73,146.17999,2666200,145.73,146.5,144.73,146.17999,2666200,622.77002,624.71997,620.90997,624.059998,66113300,622.77002,624.71997,620.90997,624.059998,66113300,39.84,40.0099983,39.77,40.0099983,1332200,4.342,4.401,4.423,4.334,4.342,4.401,4.423,4.334
2025-07-10,111282.84,116842.0,110541.87,116031.3,1.17167,1.17495,1.16704,1.17005,3312.1,3330.21,3306.2,3323.67,3312.1,3330.21,3306.2,3323.67,2.38095e-05,2.38095e-05,2.38095e-05,2.38095e-05,2.38095e-05,2.38095e-05,2.38095e-05,2.38095e-05,72.72,73.010002,72.55,72.94,2427700,72.72,73.010002,72.55,72.94,2427700,458.67999,466.48001,456.0,464.31,1253300,506.54999,514.92999,504.98001,513.87,624000,506.54999,514.92999,504.98001,513.87,624000,66.57,68.29,68.65,66.45,258650.0,-2.65,143.31,145.16,139.53,142.5,64383900,556.89001,557.29999,552.75,555.45001,34710900,146.11,146.53999,145.029999,146.39999,4130900,146.11,146.53999,145.029999,146.39999,4130900,624.20001,626.87,623.01001,625.82001,57529000,624.20001,626.87,623.01001,625.82001,57529000,40.07,40.33,40.029999,40.27,2046100,4.346,4.336,4.376,4.322,4.346,4.336,4.376,4.322
2025-07-11,116031.29,118909.74,115211.74,117582.16,1.17006,1.17144,1.16647,1.16843,3318.9,3367.45996,3314.8,3349.9,3318.9,3367.45996,3314.8,3349.9,2.38095e-05,2.38095e-05,2.38095e-05,2.38095e-05,2.38095e-05,2.38095e-05,2.38095e-05,2.38095e-05,72.42,72.46,72.22,72.36,3110700,72.42,72.46,72.22,72.36,3110700,464.75,468.20999,461.82001,467.51001,1209200,513.70001,515.20001,508.019989,514.59998,748900,513.70001,515.20001,508.019989,514.59998,748900,68.45,66.85,68.77,66.5,226300.0,2.82,142.11,144.58,141.47,142.10001,52134800,553.29999,555.78998,552.049988,554.20001,39618600,146.17999,147.070007,145.5,146.87,3468800,146.17999,147.070007,145.5,146.87,3468800,622.73999,624.85999,621.53003,623.62,63670200,622.73999,624.85999,621.53003,623.62,63670200,39.94,40.0,39.82,39.92,1688700,4.423,4.358,4.427,4.34,4.423,4.358,4.427,4.34
2025-07-14,119130.81,123231.07,118949.18,119863.71,1.16648,1.16985,1.16536,1.1665,3356.92,3375.02002,3341.1499,3342.4,3356.92,3375.02002,3341.1499,3342.4,2.38095e-05,2.38095e-05,2.38095e-05,2.38095e-05,2.38095e-05,2.38095e-05,2.38095e-05,2.38095e-05,72.25,72.49,72.21,72.41,2233500,72.25,72.49,72.21,72.41,2233500,470.0,474.76001,468.0,473.57001,1488000,517.0,523.76001,513.33002,521.10999,790200,517.0,523.76001,513.33002,521.10999,790200,65.81,67.35,68.16,65.64,229760.0,-3.86,142.72,149.575,142.22,149.14999,81774400,553.98999,556.95001,551.63,556.21002,36453300,147.89,149.57001,147.080002,149.28,4461000,147.89,149.57001,147.080002,149.28,4461000,623.15997,625.15997,621.79999,624.81,51898500,623.15997,625.15997,621.79999,624.81,51898500,39.95,40.060001,39.91,40.029999,843600,4.427,4.417,4.447,4.403,4.427,4.417,4.447,4.403
2025-07-15,119863.71,119973.3,115697.37,117781.64,1.16663,1.16927,1.15925,1.16019,3342.4,3366.24,3320.36011,3324.6,3342.4,3366.24,3320.36011,3324.6,2.38095e-05,2.38095e-05,2.38095e-05,2.38095e-05,2.38095e-05,2.38095e-05,2.38095e-05,2.38095e-05,72.23,72.26,71.61,71.69,4302500,72.23,72.26,71.61,71.69,4302500,473.29001,473.94,468.51001,470.12,1039500,519.40002,523.46002,516.15002,516.82001,539500,519.40002,523.46002,516.15002,516.82001,539500,65.37,65.67,66.06,65.18,236060.0,-0.67,148.92999,150.62,147.36,148.58,59126200,560.25,560.79999,556.65997,556.71997,43277700,149.8,150.75,148.39999,148.67999,4530500,149.8,150.75,148.39999,148.67999,4530500,627.52002,627.85999,622.059998,622.14001,74317300,627.52002,627.85999,622.059998,622.14001,74317300,39.99,39.99,39.54,39.59,882600,4.489,4.429,4.493,4.396,4.489,4.429,4.493,4.396
2025-07-16,117781.63,120134.8,117033.23,118681.68,1.16007,1.17227,1.15621,1.16375,3324.3,3377.18994,3319.92993,3344.7,3324.3,3377.18994,3319.92993,3344.7,2.38095e-05,2.38095e-05,2.38095e-05,2.38095e-05,2.38095e-05,2.38095e-05,2.38095e-05,2.38095e-05,71.69,72.029999,71.52,72.019997,7632700,71.69,72.029999,71.52,72.019997,7632700,469.67001,472.60001,466.41,471.47,935000,516.84003,520.78003,514.059998,519.70001,483500,516.84003,520.78003,514.059998,519.70001,483500,66.38,66.73,67.01,65.42,248350.0,1.55,149.3,151.50999,147.674,150.91,57550300,557.28003,560.21002,551.56,557.28998,52314700,148.85001,150.36,148.25999,150.17,3361700,148.85001,150.36,148.25999,150.17,3361700,623.73999,624.72998,618.049988,624.21997,88987500,623.73999,624.72998,618.049988,624.21997,88987500,39.64,39.85,39.57,39.85,1596500,4.455,4.493,4.495,4.437,4.455,4.493,4.495,4.437
2025-07-17,118681.67,120998.76,117469.0,119273.69,1.16376,1.16423,1.15559,1.15961,3344.7,3352.25,3309.98999,3337.6,3344.7,3352.25,3309.98999,3337.6,2.38095e-05,2.38095e-05,2.38095e-05,2.38095e-05,2.38095e-05,2.38095e-05,2.38095e-05,2.38095e-05,72.14,72.5,72.089996,72.39,4096300,72.14,72.5,72.089996,72.39,4096300,470.5,474.39999,467.70999,469.20001,926200,519.0,525.52002,518.64001,523.83002,620900,519.0,525.52002,518.64001,523.83002,620900,67.54,66.6,67.69,66.29,188800.0,1.75,151.56,155.67999,150.82001,153.99001,60165500,558.02002,562.31,557.21002,561.79999,40423800,150.56,151.99001,150.19,151.5,4326500,150.56,151.99001,150.19,151.5,4326500,624.40002,628.40002,624.17999,628.039978,68885700,624.40002,628.40002,624.17999,628.039978,68885700,39.68,39.84,39.62,39.83,1993900,4.463,4.467,4.495,4.429,4.463,4.467,4.495,4.429
2025-07-18,119273.7,120918.68,116892.42,118023.05,1.1594,1.16731,1.15899,1.16195,3303.71,3361.28003,3303.71,3347.9,3303.71,3361.28003,3303.71,3347.9,2.38095e-05,2.38095e-05,2.38095e-05,2.38095e-05,2.38095e-05,2.38095e-05,2.38095e-05,2.38095e-05,72.15,72.17,71.71,71.81,5679000,72.15,72.17,71.71,71.81,5679000,469.22,471.20999,460.97,463.95999,1845300,523.34998,528.27002,515.64001,519.039978,873900,523.34998,528.27002,515.64001,519.039978,873900,67.34,67.6,68.96,67.2,107630.0,-0.3,154.86,154.92,151.89999,153.52,45771600,563.12,564.72998,559.97998,561.26001,50484700,151.81,152.85001,151.080002,151.5,5928600,151.81,152.85001,151.080002,151.5,5928600,629.29999,629.46997,626.46002,627.58002,65621600,629.29999,629.46997,626.46002,627.58002,65621600,40.0,40.0,39.76,39.8,4290000,4.431,4.443,4.451,4.416,4.431,4.443,4.451,4.416
2025-07-21,117315.68,119745.93,116565.01,117428.79,1.16268,1.17168,1.16143,1.16931,3345.0,3401.3999,3345.0,3397.33,3345.0,3401.3999,3345.0,3397.33,2.38095e-05,2.38095e-05,2.38095e-05,2.38095e-05,2.38095e-05,2.38095e-05,2.38095e-05,2.38095e-05,72.44,72.97,72.39,72.61,4380000,72.44,72.97,72.39,72.61,4380000,464.64001,467.35999,460.53,460.53,1577800,518.31,523.97998,514.39001,515.28998,832500,518.31,523.97998,514.39001,515.28998,832500,67.2,67.32,67.76,66.46,81190.0,-0.21,153.88,155.44,151.36,151.78999,45072800,562.090027,566.059998,562.059998,564.16998,39595200,151.98,153.39,151.059998,151.56,7116000,151.98,153.39,151.059998,151.56,7116000,628.77002,631.53998,628.34003,628.77002,63375000,628.77002,631.53998,628.34003,628.77002,63375000,39.99,40.19,39.92,40.0099983,1074700,4.37,4.427,4.427,4.352,4.37,4.427,4.427,4.352
2025-07-22,117428.79,120300.0,116185.0,120026.42,1.1693,1.1761,1.16789,1.17539,3397.33,3433.43994,3383.24,3427.09,3397.33,3433.43994,3383.24,3427.09,2.38095e-05,2.38095e-05,2.38095e-05,2.38095e-05,2.38095e-05,2.38095e-05,2.38095e-05,2.38095e-05,73.019997,73.029999,72.73,72.98,9150700,73.019997,73.029999,72.73,72.98,9150700,422.75,437.45001,410.10999,410.73999,8886500,536.01001,567.12,535.52002,563.78998,2395100,536.01001,567.12,535.52002,563.78998,2395100,66.21,67.12,67.13,65.99,18610.0,-1.47,150.85001,151.78999,145.061996,149.070007,49880800,564.29999,564.34998,558.60999,561.25,43270600,145.48,150.27,143.56,149.17,10722700,145.48,150.27,143.56,149.17,10722700,629.099976,629.72998,626.19,628.85999,60046300,629.099976,629.72998,626.19,628.85999,60046300,40.14,40.45,40.14,40.43,1224800,4.336,4.38,4.398,4.328,4.336,4.38,4.398,4.328
2025-07-23,120034.21,120180.93,117342.21,118810.44,1.17538,1.1775,1.17108,1.17697,3427.08,3437.79004,3386.11,3389.03,3427.08,3437.79004,3386.11,3389.03,2.38095e-05,2.38095e-05,2.38095e-05,2.38095e-05,2.38095e-05,2.38095e-05,2.38095e-05,2.38095e-05,76.28,76.59,76.080002,76.49,19572500,76.28,76.59,76.080002,76.49,19572500,413.76001,423.37,411.0,419.39001,4578600,562.34998,568.66998,551.79999,568.5,1250900,562.34998,568.66998,551.79999,568.5,1250900,65.25,65.49,65.78,64.71,251830.0,-1.45,149.74001,155.0,148.287,154.63,48062000,562.34003,563.84998,559.58002,563.81,40215300,150.0,156.59,149.11,156.49001,8667100,150.0,156.59,149.11,156.49001,8667100,631.54999,634.21002,629.72998,634.21002,70511000,631.54999,634.21002,629.72998,634.21002,70511000,40.51,40.91,40.48,40.9,1526700,4.388,4.36,4.398,4.354,4.388,4.36,4.398,4.354
2025-07-24,118810.44,119557.7,117190.0,118397.04,1.17663,1.17885,1.17308,1.17465,3389.03,3396.34,3359.33,3370.59,3389.03,3396.34,3359.33,3370.59,2.38095e-05,2.38095e-05,2.38095e-05,2.38095e-05,2.38095e-05,2.38095e-05,2.38095e-05,2.38095e-05,76.76,76.93,76.53,76.55,7504500,76.76,76.93,76.53,76.55,7504500,421.0,426.88,420.13,420.54999,3083900,568.25,576.85999,566.58002,568.47998,974800,568.25,576.85999,566.58002,568.47998,974800,66.03,65.42,66.39,65.33,281210.0,1.2,153.98,155.63,152.575,154.86,38925700,565.13,566.23999,563.28998,565.01001,42275500,156.25,157.24001,155.14999,155.22,4865300,156.25,157.24001,155.14999,155.22,4865300,634.59998,636.15002,633.98999,634.41998,71307100,634.59998,636.15002,633.98999,634.41998,71307100,40.92,41.0,40.77,40.77,852600,4.408,4.384,4.442,4.382,4.408,4.384,4.442,4.382
2025-07-25,118400.0,118518.2,114750.0,117633.27,1.17427,1.17608,1.17032,1.17402,3370.59,3373.55005,3326.32007,3347.17,3370.59,3373.55005,3326.32007,3347.17,2.38095e-05,2.38095e-05,2.38095e-05,2.38095e-05,2.38095e-05,2.38095e-05,2.38095e-05,2.38095e-05,75.52,75.73,75.45,75.68,9017800,75.52,75.73,75.45,75.68,9017800,421.54001,425.67001,418.51001,421.17001,2461800,568.0,570.15997,563.29999,569.73999,635700,568.0,570.15997,563.29999,569.73999,635700,65.16,66.15,66.74,65.0,234280.0,-1.32,155.63,160.39,155.58,158.8,57972300,564.92999,567.70001,564.27002,566.37,30630800,155.21001,157.33,154.25999,156.88,4728200,155.21001,157.33,154.25999,156.88,4728200,635.090027,637.58002,634.84003,637.099976,56865400,635.090027,637.58002,634.84003,637.099976,56865400,40.47,40.64,40.38,40.64,1568300,4.386,4.392,4.43,4.382,4.386,4.392,4.43,4.382
2025-07-28,119465.52,119839.0,117380.6,118070.59,1.17551,1.17701,1.15852,1.1588,3348.18,3351.53,3312.0,3322.01,3348.18,3351.53,3312.0,3322.01,2.38095e-05,2.38095e-05,2.38095e-05,2.38095e-05,2.38095e-05,2.38095e-05,2.38095e-05,2.38095e-05,74.58,74.66,74.12,74.27,6767800,74.58,74.66,74.12,74.27,6767800,425.89999,428.85999,421.17001,421.34,2423700,569.23999,570.0,563.64001,568.62,679600,569.23999,570.0,563.64001,568.62,679600,66.71,65.15,67.14,65.05,262040.0,2.38,159.88,160.28,153.039993,157.88,63886900,567.73999,569.039978,566.87,568.14001,31498700,157.14999,157.33,155.63,156.070007,4022900,157.14999,157.33,155.63,156.070007,4022900,637.47998,638.039978,635.53998,636.94,54917100,637.47998,638.039978,635.53998,636.94,54917100,40.38,40.38,40.040001,40.12,1748000,4.42,4.402,4.42,4.368,4.42,4.402,4.42,4.368
2025-07-29,118074.43,119284.78,116900.0,117933.39,1.15877,1.1599,1.15187,1.15466,3322.01,3338.09,3318.39,3334.24,3322.01,3338.09,3318.39,3334.24,2.38095e-05,2.38095e-05,2.38095e-05,2.38095e-05,2.38095e-05,2.38095e-05,2.38095e-05,2.38095e-05,74.2,74.24,73.81,73.88,6473700,74.2,74.24,73.81,73.88,6473700,422.73999,423.64999,417.35001,420.13,2428800,571.40002,573.29999,568.19,573.21997,682800,571.40002,573.29999,568.19,573.21997,682800,69.21,67.04,69.76,66.53,329110.0,3.75,158.715,160.14,154.91,156.24001,42427200,570.76001,572.10999,566.53003,567.26001,45463300,157.73,158.78999,156.33,157.12,4341800,157.73,158.78999,156.33,157.12,4341800,638.34998,638.66998,634.34003,635.26001,60556300,638.34998,638.66998,634.34003,635.26001,60556300,40.25,40.42,40.24,40.39,1284700,4.328,4.408,4.422,4.32,4.328,4.408,4.422,4.32
2025-07-30,117933.39,118809.43,115728.49,117830.15,1.15458,1.15725,1.13998,1.14046,3334.23,3340.28,3283.0,3291.98,3334.23,3340.28,3283.0,3291.98,2.38095e-05,2.38095e-05,2.38095e-05,2.38095e-05,2.38095e-05,2.38095e-05,2.38095e-05,2.38095e-05,74.3,74.46,73.72,73.98,7624800,74.3,74.46,73.72,73.98,7624800,420.13,422.79999,417.14999,418.67999,1632100,572.94,573.81,568.71002,572.81,661500,572.94,573.81,568.71002,572.81,661500,70.0,69.34,70.51,68.45,345340.0,1.14,157.36501,159.38,156.56,158.61,40261700,568.17999,570.62,565.049988,568.02002,43433800,157.45,158.73,156.42,158.39999,3998700,157.45,158.73,156.42,158.39999,3998700,635.91998,637.67999,631.53998,634.46002,80418900,635.91998,637.67999,631.53998,634.46002,80418900,40.16,40.27,39.88,40.040001,1585600,4.378,4.328,4.382,4.314,4.378,4.328,4.382,4.314
2025-07-31,117830.15,118920.0,115500.0,115761.13,1.1408,1.14614,1.14014,1.14149,3292.2,3321.34,3288.88,3299.41,3292.2,3321.34,3288.88,3299.41,2.38095e-05,2.38095e-05,2.38095e-05,2.38095e-05,2.38095e-05,2.38095e-05,2.38095e-05,2.38095e-05,74.25,74.26,73.34,73.62,8368000,74.25,74.26,73.34,73.62,8368000,417.13,422.57999,412.54999,420.98001,2178000,572.0,577.38,568.89001,576.60999,850700,572.0,577.38,568.89001,576.60999,850700,69.26,70.3,70.41,68.56,247030.0,-1.06,159.99001,160.89,156.73,158.35001,45342600,574.53998,574.63,563.87,565.01001,64613600,158.11,158.23,156.75,157.57001,4796000,158.11,158.23,156.75,157.57001,4796000,639.46002,639.84998,630.77002,632.080017,103385200,639.46002,639.84998,630.77002,632.080017,103385200,39.93,40.049999,39.76,39.81,1763200,4.36,4.368,4.382,4.326,4.36,4.368,4.382,4.326
2025-08-01,115756.12,116065.12,112659.0,113248.73,1.14146,1.15977,1.13914,1.15839,3299.42,3362.0,3289.05,3361.89,3299.42,3362.0,3289.05,3361.89,2.38095e-05,2.38095e-05,2.38095e-05,2.38095e-05,2.38095e-05,2.38095e-05,2.38095e-05,2.38095e-05,74.099998,74.15,73.42,74.07,7790800,74.099998,74.15,73.42,74.07,7790800,420.76001,423.95999,417.0,421.01001,2006300,577.14001,587.88,572.95001,586.44,1006400,577.14001,587.88,572.95001,586.44,1006400,67.33,69.35,69.58,67.05,355820.0,-2.79,155.050003,158.19,151.057999,154.27,61287000,558.83002,559.02002,551.67999,553.88,69400800,156.28999,157.48,153.75,156.81,4420700,156.28999,157.48,153.75,156.81,4420700,626.29999,626.34003,619.28998,621.71997,140103600,626.29999,626.34003,619.28998,621.71997,140103600,39.85,39.99,39.6,39.94,2298500,4.22,4.376,4.414,4.202,4.22,4.376,4.414,4.202
2025-08-04,114215.7,115756.06,114118.18,115051.85,1.15837,1.15905,1.15492,1.1572,3368.63,3384.39,3348.8,3378.96,3368.63,3384.39,3348.8,3378.96,2.38095e-05,2.38095e-05,2.38095e-05,2.38095e-05,2.38095e-05,2.38095e-05,2.38095e-05,2.38095e-05,74.8,75.34,74.8,75.29,5963400,74.8,75.34,74.8,75.29,5963400,420.0,424.60001,419.0,423.70001,1548200,585.69,592.15997,584.13,589.75,970300,585.69,592.15997,584.13,589.75,970300,66.29,66.85,67.74,65.46,277380.0,-1.54,158.53,161.39999,157.92999,160.66,82993600,559.049988,564.32001,558.95001,564.099976,47669800,157.13,158.41,156.74001,157.38,3961900,157.13,158.41,156.74001,157.38,3961900,625.66998,631.21997,625.58002,631.16998,73218000,625.66998,631.21997,625.58002,631.16998,73218000,40.099998,40.22,40.029999,40.21,2097700,4.198,4.208,4.257,4.192,4.198,4.208,4.257,4.192
2025-08-05,115056.14,115112.75,112622.14,114112.95,1.15687,1.15888,1.15276,1.15758,3378.97,3393.62,3353.8,3379.58,3378.97,3393.62,3353.8,3379.58,2.38095e-05,2.38095e-05,2.38095e-05,2.38095e-05,2.38095e-05,2.38095e-05,2.38095e-05,2.38095e-05,75.15,75.22,74.8,75.029999,4310000,75.15,75.22,74.8,75.029999,4310000,423.32999,430.070007,421.85999,428.23999,1643900,590.21997,594.67999,586.01001,589.95001,905700,590.21997,594.67999,586.01001,589.95001,905700,65.16,66.21,66.39,65.03,279030.0,-1.7,171.81,176.33,169.22,173.27,130917500,565.39001,566.56,559.72998,560.27002,48666600,157.27,158.039993,155.75999,156.33,4993900,157.27,158.039993,155.75999,156.33,4993900,631.78998,632.60999,627.039978,627.96997,68051400,631.78998,632.60999,627.039978,627.96997,68051400,40.3,40.33,40.13,40.23,889400,4.196,4.188,4.226,4.187,4.196,4.188,4.226,4.187
2025-08-06,114112.95,115749.99,113347.87,115028.83,1.15737,1.16687,1.1564,1.16596,3379.59,3385.25,3362.51,3371.53,3379.59,3385.25,3362.51,3371.53,2.38095e-05,2.38095e-05,2.38095e-05,2.38095e-05,2.38095e-05,2.38095e-05,2.38095e-05,2.38095e-05,75.77,76.19,75.52,76.029999,5501600,75.77,76.19,75.52,76.029999,5501600,427.76999,436.62,427.66,434.85001,2032300,590.0,593.47998,586.70001,589.28998,992400,590.0,593.47998,586.70001,589.28998,992400,64.35,65.15,66.75,63.64,353830.0,-1.24,171.175,180.58099,171.0099945,179.53999,82924800,561.10999,567.76001,560.63,567.32001,41823700,156.64999,157.73,155.64,155.75,4112100,156.64999,157.73,155.64,155.75,4112100,629.049988,633.44,628.13,632.78003,64357500,629.049988,633.44,628.13,632.78003,64357500,40.38,40.47,40.37,40.38,963700,4.218,4.216,4.283,4.212,4.218,4.216,4.283,4.212
2025-08-07,115028.83,117687.0,114268.6,117515.49,1.16593,1.16989,1.16128,1.1665,3371.54,3394.98,3368.36,3389.29,3371.54,3394.98,3368.36,3389.29,2.38095e-05,2.38095e-05,2.38095e-05,2.38095e-05,2.38095e-05,2.38095e-05,2.38095e-05,2.38095e-05,76.96,77.019997,76.33,76.62,5575600,76.96,77.019997,76.33,76.62,5575600,430.42999,434.85001,428.049988,430.75,1490000,583.21002,588.22998,580.0,587.38,626600,583.21002,588.22998,580.0,587.38,626600,63.88,64.36,65.11,63.7,300520.0,-0.73,181.0099945,184.48,178.17,182.2,77829200,571.66998,573.32001,565.10999,569.23999,44463000,154.64999,155.75999,153.24001,155.75999,5105800,154.64999,155.75999,153.24001,155.75999,5105800,636.23999,636.97998,629.10999,632.25,74205800,636.23999,636.97998,629.10999,632.25,74205800,40.52,40.57,40.36,40.49,1056600,4.244,4.238,4.254,4.219,4.244,4.238,4.254,4.219
2025-08-08,117515.69,117687.0,115800.0,116683.79,1.1665,1.168,1.1628,1.16366,3389.03,3397.81,3375.19,3387.21,3389.03,3397.81,3375.19,3387.21,2.38095e-05,2.38095e-05,2.38095e-05,2.38095e-05,2.38095e-05,2.38095e-05,2.38095e-05,2.38095e-05,77.7,78.13,77.63,77.93,7747000,77.7,78.13,77.63,77.93,7747000,431.19,433.59,423.91,425.63,1477600,587.71002,591.070007,579.15002,581.10999,749400,587.71002,591.070007,579.15002,581.10999,749400,63.88,63.85,64.58,62.77,322940.0,0.0,184.735,187.99001,184.41,186.96001,62657900,570.45001,574.77002,570.15002,574.54999,35255500,156.60001,156.92,154.72,154.86,3667300,156.60001,156.92,154.72,154.86,3667300,634.059998,637.65002,633.73999,637.17999,64051600,634.059998,637.65002,633.73999,637.17999,64051600,40.52,40.62,40.45,40.53,1463700,4.283,4.246,4.289,4.242,4.283,4.246,4.289,4.242
2025-08-11,119309.37,122319.14,118050.0,118701.84,1.16475,1.16763,1.15896,1.16159,3386.51,3391.7,3339.63,3344.13,3386.51,3391.7,3339.63,3344.13,2.38095e-05,2.38095e-05,2.38095e-05,2.38095e-05,2.38095e-05,2.38095e-05,2.38095e-05,2.38095e-05,77.99,78.11,77.72,77.79,3296300,77.99,78.11,77.72,77.79,3296300,426.0,427.82001,424.12,426.26001,1462100,579.81,583.78003,575.45001,580.23999,744700,579.81,583.78003,575.45001,580.23999,744700,63.09,62.65,63.54,62.21,146960.0,-1.24,186.47,187.17999,181.92,182.67999,56125600,574.69,576.79999,571.57001,572.84998,33112900,154.73,155.67,154.14,154.8,3572900,154.73,155.67,154.14,154.8,3572900,637.46002,638.95001,634.65997,635.91998,58742300,637.46002,638.95001,634.65997,635.91998,58742300,40.62,40.67,40.53,40.64,765500,4.273,4.275,4.287,4.256,4.273,4.275,4.287,4.256
2025-08-12,118701.83,120327.0,118190.81,120113.18,1.16157,1.16975,1.15986,1.16755,3344.14,3357.52,3332.0,3342.47,3344.14,3357.52,3332.0,3342.47,2.38095e-05,2.38095e-05,2.38095e-05,2.38095e-05,2.38095e-05,2.38095e-05,2.38095e-05,2.38095e-05,78.69,79.34,78.55,79.23,8737600,78.69,79.34,78.55,79.23,8737600,425.92001,431.59,425.0,431.56,1492100,579.21002,581.63,577.62,580.79999,643800,579.21002,581.63,577.62,580.79999,643800,62.48,63.2,63.48,62.35,205010.0,-0.97,184.7,190.0,182.10001,186.97,54819000,575.15997,580.34998,572.48999,580.049988,42143300,154.97,155.92999,154.56,155.49001,2962300,154.97,155.92999,154.56,155.49001,2962300,638.28998,642.84998,636.78998,642.69,64730800,638.28998,642.84998,636.78998,642.69,64730800,40.8,41.060001,40.77,41.029999,856500,4.293,4.287,4.318,4.246,4.293,4.287,4.318,4.246
2025-08-13,120109.04,123740.24,118931.34,123365.63,1.1676,1.17311,1.16664,1.17061,3342.52,3358.6,3335.55,3350.8,3342.52,3358.6,3335.55,3350.8,2.38095e-05,2.38095e-05,2.38095e-05,2.38095e-05,2.38095e-05,2.38095e-05,2.38095e-05,2.38095e-05,79.33,79.44,79.17,79.27,5795300,79.33,79.44,79.17,79.27,5795300,432.51999,443.45001,431.42001,442.57001,1890600,582.48999,586.89001,576.21997,582.090027,745600,582.48999,586.89001,576.21997,582.090027,745600,61.93,62.38,62.59,61.29,211240.0,-0.88,189.0,189.46001,183.59,184.37,53610000,582.76001,583.32001,578.94,580.34003,41209300,156.0,156.34,152.66,155.71001,5012300,156.0,156.34,152.66,155.71001,5012300,644.90997,646.19,642.67999,644.89001,60092800,644.90997,646.19,642.67999,644.89001,60092800,41.17,41.39,41.15,41.36,1672800,4.24,4.297,4.302,4.225,4.24,4.297,4.302,4.225
2025-08-14,123365.63,124533.0,117208.97,118389.79,1.17063,1.17163,1.16304,1.16482,3350.8,3361.0,3324.39,3330.23,3350.8,3361.0,3324.39,3330.23,2.38095e-05,2.38095e-05,2.38095e-05,2.38095e-05,2.38095e-05,2.38095e-05,2.38095e-05,2.38095e-05,78.72,79.019997,78.59,78.8,4498900,78.72,79.019997,78.59,78.8,4498900,436.040009,443.89999,434.84,437.32001,1733600,583.89001,585.28998,580.92999,583.71997,543300,583.89001,585.28998,580.92999,583.71997,543300,63.96,62.79,64.1,62.58,251650.0,3.28,182.41,185.33,179.2,181.020004,53472900,578.28003,581.88,577.90997,579.89001,45425000,155.60001,156.33,154.64999,155.080002,2766600,155.60001,156.33,154.64999,155.080002,2766600,642.78998,645.62,642.34003,644.95001,59327500,642.78998,645.62,642.34003,644.95001,59327500,41.31,41.53,41.26,41.5,1153100,4.293,4.238,4.297,4.204,4.293,4.238,4.297,4.204
2025-08-15,118389.79,119339.57,116859.32,117436.96,1.16481,1.1716,1.16455,1.16902,3330.23,3341.09,3326.01,3329.36,3330.23,3341.09,3326.01,3329.36,2.38095e-05,2.38095e-05,2.38095e-05,2.38095e-05,2.38095e-05,2.38095e-05,2.38095e-05,2.38095e-05,80.38,80.38,80.040001,80.15,5582000,80.38,80.38,80.040001,80.15,5582000,437.84,441.42999,436.45999,437.56,1501700,583.40997,586.75,580.91998,583.96002,667300,583.40997,586.75,580.91998,583.96002,667300,62.8,63.91,64.15,62.68,197390.0,-1.81,179.72501,180.0,173.38,177.17,60288700,579.79999,579.84003,575.57001,577.34003,49480200,154.25999,154.87,153.33,154.089996,4593800,154.25999,154.87,153.33,154.089996,4593800,645.98999,646.090027,642.52002,643.44,68592500,645.98999,646.090027,642.52002,643.44,68592500,41.36,41.43,41.23,41.27,1747800,4.328,4.289,4.332,4.269,4.328,4.289,4.332,4.269
2025-08-18,117488.59,117633.8,114703.26,116286.76,1.17144,1.17149,1.16563,1.16612,3330.09,3380.0,3322.0,3331.75,3330.09,3380.0,3322.0,3331.75,2.38095e-05,2.38095e-05,2.38095e-05,2.38095e-05,2.38095e-05,2.38095e-05,2.38095e-05,2.38095e-05,80.3,80.45,80.19,80.3,3725700,80.3,80.45,80.19,80.3,3725700,440.54999,443.76999,439.12,440.64001,1154400,587.46997,592.22998,583.53998,584.82001,922300,587.46997,592.22998,583.53998,584.82001,922300,63.42,63.0,63.79,62.18,95110.0,0.99,175.27,177.89999,171.39,174.029999,62656600,576.44,577.77002,575.23999,577.10999,29831000,154.42999,156.17999,154.39999,155.5,3679300,154.42999,156.17999,154.39999,155.5,3679300,642.85999,644.0,642.17999,643.29999,43804900,642.85999,644.0,642.17999,643.29999,43804900,41.18,41.3,41.11,41.29,482500,4.339,4.32,4.353,4.289,4.339,4.32,4.353,4.289
2025-08-19,116286.75,116792.87,112696.56,112856.19,1.16609,1.16934,1.16385,1.16471,3331.76,3342.06,3308.01,3314.82,3331.76,3342.06,3308.01,3314.82,2.38095e-05,2.38095e-05,2.38067e-05,2.38095e-05,2.38095e-05,2.38095e-05,2.38067e-05,2.38095e-05,80.24,80.33,79.9,80.019997,5465000,80.24,80.33,79.9,80.019997,5465000,439.85999,444.5,438.60001,441.10001,1248100,584.0,589.47998,582.21997,586.22998,470700,584.0,589.47998,582.21997,586.22998,470700,62.35,63.27,63.39,62.25,99480.0,-1.69,171.36,172.3,156.89999,157.75,137922700,576.39001,576.56,568.25,569.28003,53752600,154.57001,155.13,153.21001,153.66,3008600,154.57001,155.13,153.21001,153.66,3008600,643.12,644.10999,638.47998,639.81,69750700,643.12,644.10999,638.47998,639.81,69750700,41.27,41.37,41.19,41.29,2562300,4.302,4.335,4.347,4.298,4.302,4.335,4.347,4.298
2025-08-20,112853.66,114627.37,112344.11,114276.0,1.16509,1.16743,1.16215,1.16526,3314.84,3339.91,3301.77,3339.88,3314.84,3339.91,3301.77,3339.88,2.38095e-05,2.38095e-05,2.38095e-05,2.38095e-05,2.38095e-05,2.38095e-05,2.38095e-05,2.38095e-05,79.67,79.73,79.35,79.64,5201900,79.67,79.73,79.35,79.64,5201900,440.14001,447.079987,440.14001,446.0,1282800,589.84003,595.32001,587.77002,592.53998,610400,589.84003,595.32001,587.77002,592.53998,610400,63.21,62.6,63.55,62.39,27160.0,1.38,152.3,156.46001,142.34,156.0099945,220336400,568.33002,568.45001,558.84003,565.90002,76781100,153.77,157.11,153.089996,156.59,3766500,153.77,157.11,153.089996,156.59,3766500,639.40002,639.65997,632.95001,638.10999,88890300,639.40002,639.65997,632.95001,638.10999,88890300,41.57,41.78,41.57,41.72,1630700,4.296,4.312,4.326,4.275,4.296,4.312,4.326,4.275
2025-08-21,114276.0,114812.0,111964.0,112480.3,1.1653,1.16632,1.16006,1.16063,3339.88,3342.56,3318.25,3332.14,3339.88,3342.56,3318.25,3332.14,2.38095e-05,2.38095e-05,2.37954e-05,2.38095e-05,2.38095e-05,2.38095e-05,2.37954e-05,2.38095e-05,78.93,79.040001,78.63,78.7,6606200,78.93,79.040001,78.63,78.7,6606200,444.98999,448.48999,444.70001,447.20001,1026000,593.0,598.83002,591.31,597.21002,610200,593.0,598.83002,591.31,597.21002,610200,63.52,62.85,63.67,62.52,250170.0,0.49,157.17,157.97,153.81,156.17999,94678600,564.34998,566.48999,560.97998,563.28003,46436900,156.78999,157.75,156.22,156.32001,3179800,156.78999,157.75,156.22,156.32001,3179800,636.28003,637.96997,633.81,635.54999,54805800,636.28003,637.96997,633.81,635.54999,54805800,41.61,41.71,41.54,41.66,3548600,4.332,4.297,4.347,4.289,4.332,4.297,4.347,4.289
2025-08-22,112480.29,117416.73,111649.75,116908.68,1.1606,1.17432,1.15823,1.17152,3332.13,3363.43,3318.28,3363.42,3332.13,3363.43,3318.28,3363.42,2.38095e-05,2.38095e-05,2.38095e-05,2.38095e-05,2.38095e-05,2.38095e-05,2.38095e-05,2.38095e-05,78.97,80.25,78.97,80.019997,5437300,78.97,80.25,78.97,80.019997,5437300,449.98999,452.56,444.85999,446.20001,1890300,599.78998,600.98999,591.37,592.44,616600,599.78998,600.98999,591.37,592.44,616600,63.66,63.5,63.93,63.31,223170.0,0.22,155.315,163.2,151.77,158.74001,102099200,564.66998,573.98999,563.27002,571.96997,51502100,157.050003,157.94,156.21001,156.24001,4252700,157.050003,157.94,156.21001,156.24001,4252700,637.76001,646.5,637.25,645.31,84083200,637.76001,646.5,637.25,645.31,84083200,41.78,42.15,41.77,42.080002,2309000,4.258,4.328,4.339,4.242,4.258,4.328,4.339,4.242
2025-08-25,113478.0,113645.32,109275.74,110127.74,1.17135,1.17215,1.16029,1.16189,3358.02,3366.68994,3349.12,3349.54,3358.02,3366.68994,3349.12,3349.54,2.38095e-05,2.38095e-05,2.37954e-05,2.38095e-05,2.38095e-05,2.38095e-05,2.37954e-05,2.38095e-05,79.41,79.57,79.040001,79.050003,5422100,79.41,79.57,79.040001,79.050003,5422100,447.070007,448.75,445.10001,447.72,985200,592.0,595.40002,586.049988,586.73999,478100,592.0,595.40002,586.049988,586.73999,478100,64.8,63.88,65.1,63.53,185270.0,1.79,156.10001,158.59,149.37,157.17,86879800,570.40002,573.28998,569.15997,570.32001,34044700,156.63,157.64,156.0,156.27,2431100,156.63,157.64,156.0,156.27,2431100,644.039978,645.28998,642.34998,642.46997,51274300,644.039978,645.28998,642.34998,642.46997,51274300,41.91,42.07,41.77,41.79,2242700,4.275,4.265,4.294,4.263,4.275,4.265,4.294,4.263
2025-08-26,110127.74,112399.99,108670.0,111788.01,1.16255,1.16648,1.16027,1.16417,3349.54,3379.98,3336.0,3379.95,3349.54,3379.98,3336.0,3379.95,2.38095e-05,2.38095e-05,2.38095e-05,2.38095e-05,2.38095e-05,2.38095e-05,2.38095e-05,2.38095e-05,78.52,78.94,78.51,78.92,2945600,78.52,78.94,78.51,78.92,2945600,450.51999,456.37,447.0,455.45999,2051500,588.39001,595.84998,588.12,593.02002,1002100,588.39001,595.84998,588.12,593.02002,1002100,63.25,64.75,64.76,63.13,199100.0,-2.39,155.39,162.13,154.57001,160.87,86573700,569.83002,572.91998,568.79999,572.60999,34103000,156.75999,159.7,156.38,159.57001,5096100,156.75999,159.7,156.38,159.57001,5096100,642.20001,645.51001,641.57001,645.15997,51581600,642.20001,645.51001,641.57001,645.15997,51581600,41.7,41.77,41.58,41.74,2477600,4.256,4.273,4.312,4.252,4.256,4.273,4.312,4.252
2025-08-27,111788.04,112683.39,110351.11,111253.21,1.16475,1.16529,1.15744,1.16387,3379.9,3388.82,3365.0,3388.82,3379.9,3388.82,3365.0,3388.82,2.38095e-05,2.38095e-05,2.37954e-05,2.38095e-05,2.38095e-05,2.38095e-05,2.37954e-05,2.38095e-05,78.099998,78.68,78.059998,78.63,3481600,78.099998,78.68,78.059998,78.63,3481600,456.87,459.47,454.0,454.47,1293900,594.54999,594.54999,585.039978,586.60999,679300,594.54999,594.54999,585.039978,586.60999,679300,64.15,63.31,64.23,62.95,193480.0,1.42,162.32001,162.39999,155.98,156.72,76380600,571.59003,574.40997,570.37,573.48999,36927100,159.97,160.21001,159.0,159.84,2992300,159.97,160.21001,159.0,159.84,2992300,644.57001,647.37,644.41998,646.63,48341100,644.57001,647.37,644.41998,646.63,48341100,41.44,41.68,41.39,41.66,1039800,4.238,4.269,4.291,4.232,4.238,4.269,4.291,4.232
2025-08-28,111253.22,113480.0,110858.78,112574.85,1.16379,1.16978,1.16274,1.16825,3388.81,3423.25,3378.0,3419.78,3388.81,3423.25,3378.0,3419.78,2.38095e-05,2.38095e-05,2.38095e-05,2.38095e-05,2.38095e-05,2.38095e-05,2.38095e-05,2.38095e-05,79.31,79.51,79.24,79.29,5493400,79.31,79.51,79.24,79.29,5493400,453.87,456.54999,450.35999,456.17999,1385800,586.60999,587.94,580.90002,587.90002,479100,586.60999,587.94,580.90002,587.90002,479100,64.6,63.87,64.7,63.35,208930.0,0.7,157.63,158.23,152.55,158.12,57885200,574.10999,578.0,572.46002,577.080017,46787900,160.14999,161.25999,159.25,160.66,3117700,160.14999,161.25999,159.25,160.66,3117700,647.23999,649.47998,645.34003,648.91998,61519500,647.23999,649.47998,645.34003,648.91998,61519500,41.56,41.62,41.43,41.57,2017700,4.207,4.234,4.25,4.203,4.207,4.234,4.25,4.203
2025-08-29,112574.84,112642.53,107469.13,108378.32,1.16816,1.1709,1.16505,1.1683,3419.77,3464.7,3407.8,3455.59,3419.77,3464.7,3407.8,3455.59,2.38095e-05,2.38095e-05,2.37954e-05,2.38095e-05,2.38095e-05,2.38095e-05,2.37954e-05,2.38095e-05,78.4,78.46,78.099998,78.28,6054000,78.4,78.46,78.099998,78.28,6054000,457.51999,459.89999,454.88,455.63,1373200,587.90002,591.57001,587.080017,590.039978,528600,587.90002,591.57001,587.080017,590.039978,528600,64.01,64.26,64.55,63.88,183260.0,-0.91,156.98,158.42,153.0,156.71001,45270500,574.65997,575.030029,568.53998,570.40002,56030400,161.059998,161.10001,158.42999,158.60001,3774900,161.059998,161.10001,158.42999,158.60001,3774900,647.46997,647.84003,643.14001,645.049988,74522200,647.46997,647.84003,643.14001,645.049988,74522200,41.33,41.49,41.33,41.46,1855400,4.226,4.209,4.242,4.207,4.226,4.209,4.242,4.207
2025-09-02,109240.55,111801.86,108400.0,111247.94,1.17106,1.17188,1.16103,1.16416,3490.82,3556.69,3486.35,3550.4,3490.82,3556.69,3486.35,3550.4,2.38095e-05,2.38095e-05,2.38095e-05,2.38095e-05,2.38095e-05,2.38095e-05,2.38095e-05,2.38095e-05,77.59,78.18,77.38,78.15,5760900,77.59,78.18,77.38,78.15,5760900,453.79999,455.76999,447.59,452.5,1645600,591.88,596.15997,585.26001,589.32001,635600,591.88,596.15997,585.26001,589.32001,635600,65.59,63.95,66.03,63.66,320220.0,1.47,151.2,158.39,150.28,157.089996,65435000,561.31,565.96997,559.53998,565.62,65876800,158.2,158.63,156.37,158.0099945,3260100,158.2,158.63,156.37,158.0099945,3260100,637.5,640.48999,634.91998,640.27002,81983500,637.5,640.48999,634.91998,640.27002,81983500,40.69,41.02,40.67,40.9,2738400,4.277,4.256,4.306,4.244,4.277,4.256,4.306,4.244
2025-09-03,111247.94,112600.0,110533.77,111756.41,1.16386,1.16818,1.1608,1.16603,3550.4,3587.5,3542.4,3573.33,3550.4,3587.5,3542.4,3573.33,2.38095e-05,2.38095e-05,2.38095e-05,2.38095e-05,2.38095e-05,2.38095e-05,2.38095e-05,2.38095e-05,77.62,77.93,77.6,77.93,5068300,77.62,77.93,77.6,77.93,5068300,451.070007,452.0,446.69,449.059998,1541800,586.53003,588.0,577.69,581.01001,463200,586.53003,588.0,577.69,581.01001,463200,63.97,65.62,65.72,63.72,298740.0,-2.47,158.0,161.14999,152.71001,154.89999,66052300,569.22998,571.70001,566.72998,570.070007,54230200,157.95,158.34,156.45,158.11,2738900,157.95,158.34,156.45,158.11,2738900,642.66998,644.21002,640.46002,643.73999,70820900,642.66998,644.21002,640.46002,643.73999,70820900,40.97,41.2,40.92,41.18,3743800,4.211,4.269,4.3,4.201,4.211,4.269,4.3,4.201
2025-09-04,111756.4,112235.6,109321.0,110720.79,1.16613,1.167,1.16295,1.16488,3573.33,3578.25,3527.55,3553.16,3573.33,3578.25,3527.55,3553.16,2.38095e-05,2.38095e-05,2.37954e-05,2.38095e-05,2.38095e-05,2.38095e-05,2.37954e-05,2.38095e-05,78.17,78.74,78.14,78.73,3655300,78.17,78.74,78.14,78.73,3655300,450.95999,457.17001,449.5,456.85001,1449200,581.71002,581.94,576.0,579.76001,505500,581.71002,581.94,576.0,579.76001,505500,63.48,63.82,63.84,62.72,251690.0,-0.77,154.86501,157.039993,153.16,156.14,53292300,570.73999,575.59998,569.030029,575.22998,47526300,158.23,159.17,157.55,158.67999,3218800,158.23,159.17,157.55,158.67999,3218800,644.41998,649.15002,643.51001,649.12,65219200,644.41998,649.15002,643.51001,649.12,65219200,41.28,41.39,41.25,41.39,2147100,4.176,4.211,4.225,4.157,4.176,4.211,4.225,4.157
2025-09-05,110714.48,113390.0,110202.36,110670.02,1.16491,1.17596,1.16456,1.17108,3553.16,3599.1,3548.64,3590.01,3553.16,3599.1,3548.64,3590.01,2.38095e-05,2.38095e-05,2.37954e-05,2.37954e-05,2.38095e-05,2.38095e-05,2.37954e-05,2.37954e-05,79.64,79.88,78.97,79.18,5648000,79.64,79.88,78.97,79.18,5648000,456.76999,463.98001,456.76999,463.89999,1465200,579.34003,581.16998,574.82001,580.79999,633600,579.34003,581.16998,574.82001,580.79999,633600,61.87,63.33,63.49,61.45,294540.0,-2.54,157.82001,158.97,148.039993,153.11,81855900,580.48999,581.12,571.53003,576.059998,68342500,158.60001,159.0,155.56,157.52,4046300,158.60001,159.0,155.56,157.52,4046300,651.47998,652.21002,643.33002,647.23999,85178900,651.47998,652.21002,643.33002,647.23999,85178900,41.69,41.79,41.45,41.55,2393300,4.086,4.157,4.168,4.061,4.086,4.157,4.168,4.061
2025-09-08,111120.38,112940.84,110600.0,112072.57,1.1706,1.17658,1.17049,1.17627,3609.59,3649.32,3588.12,3641.18,3609.59,3649.32,3588.12,3641.18,2.38095e-05,2.38095e-05,2.38095e-05,2.38095e-05,2.38095e-05,2.38095e-05,2.38095e-05,2.38095e-05,80.54,81.019997,80.39,80.96,6346400,80.54,81.019997,80.39,80.96,6346400,462.92999,462.92999,452.76999,459.10999,1477600,574.98999,582.13,571.37,581.90002,814100,574.98999,582.13,571.37,581.90002,814100,62.26,62.0,63.34,61.85,237290.0,0.63,154.91,158.3,154.84,156.10001,47643000,578.37,580.84003,577.77002,578.87,46371400,156.92,157.0,153.66,154.22,5522800,156.92,157.0,153.66,154.22,5522800,648.62,649.84003,647.22998,648.83002,63133100,648.62,649.84003,647.22998,648.83002,63133100,41.63,41.73,41.47,41.71,1001900,4.046,4.095,4.103,4.038,4.046,4.095,4.103,4.038
2025-09-09,112072.57,113292.96,110765.72,111549.32,1.1763,1.1781,1.17038,1.17085,3641.12,3681.7,3633.36,3638.7,3641.12,3681.7,3633.36,3638.7,2.38095e-05,2.38095e-05,2.38095e-05,2.38095e-05,2.38095e-05,2.38095e-05,2.38095e-05,2.38095e-05,79.82,80.12,79.64,80.059998,6070300,79.82,80.12,79.64,80.059998,6070300,457.60999,457.87,452.42001,457.059998,1008400,580.46002,580.48999,571.44,571.63,482500,580.46002,580.48999,571.44,571.63,482500,62.63,62.43,63.67,62.37,268530.0,0.59,157.25,162.75,156.37,162.36,61359500,579.66998,580.94,577.039978,580.51001,44007600,153.64,153.7,150.61,151.75,5461300,153.64,153.7,150.61,151.75,5461300,648.96997,650.85999,647.21997,650.33002,66133900,648.96997,650.85999,647.21997,650.33002,66133900,41.73,41.81,41.66,41.75,1438200,4.074,4.045,4.091,4.04,4.074,4.045,4.091,4.04
2025-09-10,111546.61,114362.1,110919.55,113983.97,1.17088,1.17305,1.1691,1.16951,3638.48,3664.0,3630.0,3641.3,3638.48,3664.0,3630.0,3641.3,2.38095e-05,2.38095e-05,2.37954e-05,2.37954e-05,2.38095e-05,2.38095e-05,2.37954e-05,2.37954e-05,80.61,80.82,80.32,80.36,6028100,80.61,80.82,80.32,80.36,6028100,456.20999,464.38,455.70999,463.87,1076900,571.23999,580.84003,570.0,579.87,547300,571.23999,580.84003,570.0,579.87,547300,63.67,62.74,64.08,62.72,260680.0,1.66,166.0,169.0,163.44,166.74001,62211400,583.73999,583.77002,578.54999,580.70001,49308000,152.0,155.039993,151.64999,155.0,4520400,152.0,155.039993,151.64999,155.0,4520400,653.62,654.54999,650.63,652.21002,78034500,653.62,654.54999,650.63,652.21002,78034500,41.71,41.85,41.67,41.74,1479500,4.032,4.086,4.095,4.024,4.032,4.086,4.095,4.024
2025-09-11,113983.98,115554.53,113433.92,115540.0,1.16946,1.17459,1.16601,1.17339,3641.3,3646.92,3614.09,3634.06,3641.3,3646.92,3614.09,3634.06,2.38095e-05,2.38095e-05,2.38095e-05,2.38095e-05,2.38095e-05,2.38095e-05,2.38095e-05,2.38095e-05,80.98,81.46,80.95,81.32,4782000,80.98,81.46,80.95,81.32,4782000,463.85001,472.39999,462.98999,470.73001,1623700,579.31,585.76001,578.0,582.95001,901100,579.31,585.76001,578.0,582.95001,901100,62.37,63.8,63.8,62.21,222660.0,-2.04,167.24001,167.45799,163.22,164.36,42025500,583.23999,584.88,581.62,584.080017,44745800,155.029999,158.0099945,154.36,157.64999,4289900,155.029999,158.0099945,154.36,157.64999,4289900,654.17999,658.33002,653.59003,657.63,69934400,654.17999,658.33002,653.59003,657.63,69934400,41.78,42.22,41.78,42.19,3199300,4.011,4.053,4.07,3.994,4.011,4.053,4.07,3.994
2025-09-12,115540.01,116833.25,114774.19,116106.03,1.17339,1.17476,1.17014,1.17328,3634.01,3655.89,3630.53,3642.08,3634.01,3655.89,3630.53,3642.08,2.38095e-05,2.38095e-05,2.37954e-05,2.38095e-05,2.38095e-05,2.38095e-05,2.37954e-05,2.38095e-05,80.82,81.010002,80.6,80.76,5509400,80.82,81.010002,80.6,80.76,5509400,468.92999,472.98001,467.17001,471.31,1041100,582.34003,583.13,575.17999,575.96002,717900,582.34003,583.13,575.17999,575.96002,717900,62.69,62.27,63.98,61.69,313270.0,0.51,165.35001,171.53,164.0099945,171.42999,54498500,585.039978,587.85999,584.099976,586.65997,50745900,157.75,158.14,155.82001,155.85001,3194400,157.75,158.14,155.82001,155.85001,3194400,657.59998,659.10999,656.90002,657.40997,72780100,657.59998,659.10999,656.90002,657.40997,72780100,42.12,42.2,41.85,41.94,4150100,4.06,4.03,4.083,4.026,4.06,4.03,4.083,4.026
2025-09-15,115314.12,116802.0,114395.84,115381.08,1.17283,1.17744,1.17162,1.1761,3652.38,3692.79,3635.07,3683.47,3652.38,3692.79,3635.07,3683.47,2.38095e-05,2.38095e-05,2.38095e-05,2.38095e-05,2.38095e-05,2.38095e-05,2.38095e-05,2.38095e-05,81.059998,81.42,81.0,81.35,4639300,81.059998,81.42,81.0,81.35,4639300,471.47,474.29001,468.98999,473.25,1148300,574.0,576.46997,571.12,574.53998,804600,574.0,576.46997,571.12,574.53998,804600,63.02,62.69,63.38,62.26,143250.0,0.53,169.60001,171.8,167.41,171.21001,45396100,588.44,591.78998,588.28998,591.67999,44360300,155.92999,158.48,155.71001,158.37,3891400,155.92999,158.48,155.71001,158.37,3891400,659.64001,661.039978,659.34003,660.90997,63772400,659.64001,661.039978,659.34003,660.90997,63772400,42.040001,42.12,41.96,42.09,1889200,4.034,4.08,4.089,4.03,4.034,4.08,4.089,4.03
2025-09-16,115381.07,117000.0,114750.0,116832.56,1.1761,1.18782,1.17574,1.1867,3683.47,3712.69,3677.61,3696.78,3683.47,3712.69,3677.61,3696.78,2.38095e-05,2.38095e-05,2.37954e-05,2.37954e-05,2.38095e-05,2.38095e-05,2.37954e-05,2.37954e-05,81.36,81.44,81.16,81.35,4636800,81.36,81.44,81.16,81.35,4636800,473.59,478.44,471.67001,474.32001,1156900,578.0,587.23999,575.95001,579.35999,1104500,578.0,587.23999,575.95001,579.35999,1104500,64.52,63.31,64.76,62.89,234250.0,2.38,171.039993,171.31,168.96001,170.25999,34598700,592.60999,592.85999,590.48999,591.17999,36942100,159.85001,159.95,157.64,158.58,6525200,159.85001,159.95,157.64,158.58,6525200,661.46997,661.78003,659.21002,660.0,61169000,661.46997,661.78003,659.21002,660.0,61169000,41.98,41.99,41.79,41.89,2276300,4.026,4.037,4.064,4.022,4.026,4.037,4.064,4.022
2025-09-17,116832.56,117327.24,114724.57,116484.4,1.18668,1.19183,1.18078,1.18128,3696.78,3708.49,3657.59,3664.37,3696.78,3708.49,3657.59,3664.37,2.38095e-05,2.38095e-05,2.38095e-05,2.38095e-05,2.38095e-05,2.38095e-05,2.38095e-05,2.38095e-05,81.37,81.84,80.81,81.17,5829100,81.37,81.84,80.81,81.17,5829100,474.92999,477.19,472.64001,473.12,1016500,579.099976,585.0,576.39001,577.080017,790200,579.099976,585.0,576.39001,577.080017,790200,64.05,64.59,64.67,63.69,165430.0,-0.73,169.020004,169.67999,161.27,168.33,69255500,591.099976,591.75,584.37,590.0,69384800,158.57001,159.32001,157.62,158.31,3999200,158.57001,159.32001,157.62,158.31,3999200,660.01001,661.71997,654.29999,659.17999,101952200,660.01001,661.71997,654.29999,659.17999,101952200,41.97,42.13,41.68,41.79,1987900,4.076,4.032,4.091,3.99,4.076,4.032,4.091,3.99
2025-09-18,116484.4,117998.17,116125.08,117117.99,1.18122,1.18482,1.17503,1.17859,3664.38,3674.27,3638.08,3647.61,3664.38,3674.27,3638.08,3647.61,2.38095e-05,2.38095e-05,2.38095e-05,2.38095e-05,2.38095e-05,2.38095e-05,2.38095e-05,2.38095e-05,81.29,81.7,81.11,81.49,5465400,81.29,81.7,81.11,81.49,5465400,471.12,474.35999,467.98999,473.62,1107700,572.0,576.97998,568.32001,573.75,798900,572.0,576.97998,568.32001,573.75,798900,63.57,63.99,64.55,63.33,82320.0,-0.75,170.27,178.8,169.39,176.97,70768600,594.90997,598.14001,592.96002,595.32001,61069300,157.31,158.28999,156.5,158.19,3696100,157.31,158.28999,156.5,158.19,3696100,661.89001,664.89001,660.27002,662.26001,90459200,661.89001,664.89001,660.27002,662.26001,90459200,41.72,41.77,41.55,41.66,2027000,4.104,4.081,4.137,4.043,4.104,4.081,4.137,4.043
2025-09-19,117117.99,117516.36,115132.71,115690.55,1.17849,1.17924,1.17288,1.17442,3647.62,3690.09,3641.01,3688.92,3647.62,3690.09,3641.01,3688.92,2.38095e-05,2.38095e-05,2.38095e-05,2.38095e-05,2.38095e-05,2.38095e-05,2.38095e-05,2.38095e-05,80.87,80.95,80.58,80.79,5099500,80.87,80.95,80.58,80.79,5099500,474.23001,477.0,471.38,472.94,2839100,571.90997,576.15002,565.5,573.030029,1478200,571.90997,576.15002,565.5,573.030029,1478200,62.68,63.59,63.65,62.6,87170.0,-1.4,177.070007,184.42,176.71001,182.39,109129900,597.33002,600.049988,595.84998,599.34998,58196100,158.7,158.7,156.69,158.24001,7083700,158.7,158.7,156.69,158.24001,7083700,662.33002,664.54999,660.37,663.70001,97945600,662.33002,664.54999,660.37,663.70001,97945600,41.49,41.54,41.32,41.36,2398100,4.139,4.11,4.145,4.106,4.139,4.11,4.145,4.106
2025-09-22,115282.26,115441.37,111761.22,112736.59,1.17408,1.18037,1.17261,1.18034,3689.63,3762.62,3686.83,3760.41,3689.63,3762.62,3686.83,3760.41,2.38095e-05,2.38095e-05,2.37954e-05,2.38095e-05,2.38095e-05,2.38095e-05,2.37954e-05,2.38095e-05,80.96,81.29,80.84,81.25,3428800,80.96,81.29,80.84,81.25,3428800,473.67001,482.070007,473.01001,480.39001,1409800,573.69,577.65002,570.26001,576.15002,566700,573.69,577.65002,570.26001,576.15002,566700,62.64,62.74,63.18,61.98,18650.0,-0.06,180.88,182.25,178.28999,179.33,45916700,597.73999,602.87,597.71997,602.20001,57154800,158.070007,159.8,157.67,159.42999,3296700,158.070007,159.8,157.67,159.42999,3296700,662.20001,667.28998,662.16998,666.84003,69452200,662.20001,667.28998,662.16998,666.84003,69452200,41.5,41.64,41.41,41.61,1980600,4.145,4.139,4.152,4.122,4.145,4.139,4.152,4.122
2025-09-23,112736.59,113357.0,111502.08,112017.21,1.18027,1.18198,1.17785,1.18152,3760.42,3800.0,3748.89,3777.03,3760.42,3800.0,3748.89,3777.03,2.38095e-05,2.38095e-05,2.38095e-05,2.38095e-05,2.38095e-05,2.38095e-05,2.38095e-05,2.38095e-05,81.35,81.54,81.029999,81.089996,4353300,81.35,81.54,81.029999,81.089996,4353300,480.89999,486.78,479.34,486.67001,1135500,576.0,580.66998,571.080017,577.080017,656300,576.0,580.66998,571.080017,577.080017,656300,63.41,62.33,63.89,61.85,265950.0,1.23,182.50999,185.75,177.0099945,182.55,62354800,602.37,602.57001,596.97998,598.20001,64635500,159.75,161.39999,158.95,160.53999,3287100,159.75,161.39999,158.95,160.53999,3287100,666.71997,667.34003,661.97998,663.21002,81708900,666.71997,667.34003,661.97998,663.21002,81708900,41.66,41.72,41.4,41.47,2275500,4.118,4.143,4.149,4.104,4.118,4.143,4.149,4.104
2025-09-24,112017.21,113999.98,111066.07,113348.17,1.18152,1.18188,1.17283,1.17375,3777.11,3788.79,3720.78,3747.29,3777.11,3788.79,3720.78,3747.29,2.38095e-05,2.38095e-05,2.37954e-05,2.37954e-05,2.38095e-05,2.38095e-05,2.37954e-05,2.37954e-05,81.13,81.2,80.78,80.85,4906000,81.13,81.2,80.78,80.85,4906000,487.14999,495.23999,485.51001,486.25,1424200,580.64001,589.59998,577.0,586.27002,784200,580.64001,589.59998,577.0,586.27002,784200,64.99,63.64,65.05,63.25,282720.0,2.49,183.91,184.85001,177.12,179.56,45379700,599.58002,599.90002,593.35999,596.099976,49850300,161.14999,163.029999,160.7,161.38,4269800,161.14999,163.029999,160.7,161.38,4269800,664.51001,664.60999,659.66998,661.099976,68082200,664.51001,664.60999,659.66998,661.099976,68082200,41.35,41.53,41.32,41.35,2476500,4.147,4.104,4.152,4.098,4.147,4.104,4.152,4.098
2025-09-25,113348.16,113561.35,108623.7,109035.72,1.17376,1.17539,1.16454,1.16653,3747.29,3773.55,3730.0,3757.69,3747.29,3773.55,3730.0,3757.69,2.38095e-05,2.38095e-05,2.38095e-05,2.38095e-05,2.38095e-05,2.38095e-05,2.38095e-05,2.38095e-05,80.46,80.59,80.17,80.46,4855800,80.46,80.59,80.17,80.46,4855800,489.57999,490.73999,484.059998,484.34,1205700,590.0,593.75,582.48999,585.77002,1073900,590.0,593.75,582.48999,585.77002,1073900,64.98,64.8,65.34,64.06,258350.0,-0.02,175.8,184.32001,174.28999,179.12,72321200,592.20001,595.12,588.5,593.53003,70920200,162.14,162.3,159.69,160.50999,3917700,162.14,162.3,159.69,160.50999,3917700,657.94,659.40997,654.40997,658.049988,89622100,657.94,659.40997,654.40997,658.049988,89622100,41.14,41.18,40.88,41.040001,2949700,4.174,4.145,4.201,4.135,4.174,4.145,4.201,4.135
2025-09-26,109036.0,110369.99,108645.02,109697.29,1.16653,1.17072,1.1657,1.17009,3757.68,3799.0,3742.04,3771.5,3757.68,3799.0,3742.04,3771.5,2.38095e-05,2.38095e-05,2.37954e-05,2.38095e-05,2.38095e-05,2.38095e-05,2.37954e-05,2.38095e-05,80.34,80.58,80.22,80.44,9649800,80.34,80.58,80.22,80.44,9649800,487.91,490.75,484.57001,487.44,913900,589.48999,594.96002,586.84998,594.52002,510900,589.48999,594.96002,586.84998,594.52002,510900,65.72,65.2,66.42,64.66,284990.0,1.14,179.050003,180.12,174.91,177.57001,44275800,594.34998,596.29999,591.059998,595.96997,54337400,162.0,165.35001,161.69,163.35001,3961700,162.0,165.35001,161.69,163.35001,3961700,659.51001,662.37,657.88,661.82001,69179200,659.51001,662.37,657.88,661.82001,69179200,41.34,41.59,41.34,41.58,2540000,4.187,4.17,4.197,4.152,4.187,4.17,4.197,4.152
2025-09-29,112197.66,114490.0,111582.65,114365.07,1.17042,1.17544,1.17038,1.17266,3770.0,3844.84,3768.57,3842.19,3770.0,3844.84,3768.57,3842.19,2.38095e-05,2.38095e-05,2.38095e-05,2.38095e-05,2.38095e-05,2.38095e-05,2.38095e-05,2.38095e-05,80.54,80.72,80.38,80.51,5053300,80.54,80.72,80.38,80.51,5053300,497.0,498.98999,489.22,491.98001,1391100,598.31,604.13,591.51001,593.98999,777100,598.31,604.13,591.51001,593.98999,777100,63.45,65.07,65.4,62.98,294290.0,-3.45,179.64,181.48,177.16,178.86,38413800,599.10999,602.049988,597.40997,598.72998,48332900,167.42999,168.28,162.78999,163.63,6216100,167.42999,168.28,162.78999,163.63,6216100,664.35999,665.28003,661.85999,663.67999,73499000,664.35999,665.28003,661.85999,663.67999,73499000,41.69,41.73,41.51,41.63,2436500,4.141,4.168,4.17,4.135,4.141,4.168,4.17,4.135
2025-09-30,114361.66,114850.0,112695.85,114067.71,1.17266,1.17615,1.17123,1.1733,3842.19,3880.69,3806.92,3869.18,3842.19,3880.69,3806.92,3869.18,2.38095e-05,2.38095e-05,2.37954e-05,2.38095e-05,2.38095e-05,2.38095e-05,2.37954e-05,2.38095e-05,80.099998,80.31,79.89,80.21,9629300,80.099998,80.31,79.89,80.21,9629300,492.57999,499.89001,491.14001,499.20999,1312700,593.099976,610.12,593.099976,609.32001,802800,593.099976,610.12,593.099976,609.32001,802800,62.37,63.14,63.26,62.03,271650.0,-1.7,178.98,182.77,178.22,182.42,43561700,598.42999,600.71002,596.099976,600.37,46533800,164.28999,167.5,163.87,167.33,4893700,164.28999,167.5,163.87,167.33,4893700,662.92999,666.65002,661.60999,666.17999,86288000,662.92999,666.65002,661.60999,666.17999,86288000,41.7,42.02,41.7,41.97,2742100,4.15,4.143,4.16,4.106,4.15,4.143,4.16,4.106
2025-10-01,114067.71,118718.8,113975.5,118659.97,1.17331,1.17786,1.17155,1.17237,3869.18,3904.58,3863.63,3875.49,3869.18,3904.58,3863.63,3875.49,2.38095e-05,2.38095e-05,2.38095e-05,2.38095e-05,2.38095e-05,2.38095e-05,2.38095e-05,2.38095e-05,80.52,80.77,80.07,80.21,6794700,80.52,80.77,80.07,80.21,6794700,496.17001,504.070007,495.0,499.0,1187000,607.21997,610.84998,603.01001,605.41998,558300,607.21997,610.84998,603.01001,605.41998,558300,61.78,62.46,62.89,61.4,274340.0,-0.95,181.32001,186.28,179.5,184.95,45717300,597.16998,603.78998,596.34003,603.25,46899600,165.87,167.72,165.080002,167.2,4034500,165.87,167.72,165.080002,167.2,4034500,663.16998,669.37,663.059998,668.45001,72545400,663.16998,669.37,663.059998,668.45001,72545400,42.42,42.55,42.42,42.5,3815500,4.106,4.16,4.168,4.087,4.106,4.16,4.168,4.087
2025-10-02,118662.72,121111.0,118336.01,120621.32,1.17237,1.17582,1.16833,1.17153,3875.48,3899.0,3823.79,3861.5,3875.48,3899.0,3823.79,3861.5,2.38095e-05,2.38095e-05,2.37954e-05,2.38095e-05,2.38095e-05,2.38095e-05,2.37954e-05,2.38095e-05,80.33,80.42,79.81,80.15,6801000,80.33,80.42,79.81,80.15,6801000,499.23999,503.60001,497.01001,499.35999,915500,603.79999,607.26001,601.96002,605.01001,453900,603.79999,607.26001,601.96002,605.01001,453900,60.48,61.78,62.54,60.4,290510.0,-2.1,186.7,188.2,182.95,187.050003,39849200,607.059998,607.15997,602.92999,605.72998,43765400,167.14,168.25,165.89,166.63,3498100,167.14,168.25,165.89,166.63,3498100,670.45001,670.57001,666.78003,669.21997,56896000,670.45001,670.57001,666.78003,669.21997,56896000,42.34,42.39,42.099998,42.26,2466100,4.09,4.1,4.127,4.083,4.09,4.1,4.127,4.083
2025-10-03,120621.33,123996.81,119327.83,122318.4,1.17153,1.17586,1.17137,1.17384,3861.5,3889.99,3843.79,3885.26,3861.5,3889.99,3843.79,3885.26,2.38095e-05,2.38095e-05,2.38095e-05,2.38095e-05,2.38095e-05,2.38095e-05,2.38095e-05,2.38095e-05,81.68,82.040001,81.54,81.78,8651400,81.68,82.040001,81.54,81.78,8651400,499.42001,506.81,499.25,504.48999,1006500,607.0,610.64001,605.29999,609.53998,435900,607.0,610.64001,605.29999,609.53998,435900,60.88,60.7,61.38,60.55,240040.0,0.66,186.39999,186.84,170.77,173.070007,105533400,606.51001,607.33002,601.39001,603.17999,46482100,166.81,167.25999,165.5,166.58,2678300,166.81,167.25999,165.5,166.58,2678300,669.98999,672.67999,668.15997,669.21002,70494400,669.98999,672.67999,668.15997,669.21002,70494400,42.52,42.69,42.48,42.64,2144600,4.119,4.088,4.125,4.079,4.119,4.088,4.125,4.079
2025-10-06,123520.8,126296.0,123115.77,124720.09,1.17243,1.17307,1.16517,1.17107,3891.88,3979.0,3890.53,3970.74,3891.88,3979.0,3890.53,3970.74,2.38095e-05,2.38095e-05,2.37954e-05,2.38095e-05,2.38095e-05,2.38095e-05,2.37954e-05,2.38095e-05,83.12,83.6,83.0,83.27,8346500,83.12,83.6,83.0,83.27,8346500,506.63,515.42999,506.63,514.23999,1389700,609.12,619.71002,609.0,618.52002,540200,609.12,619.71002,609.0,618.52002,540200,61.69,61.14,62.12,61.04,224680.0,1.33,179.17999,182.95,177.83,179.53,52504200,608.45001,609.35999,605.96997,607.71002,41962100,167.0,169.75,167.0,168.8,3816900,167.0,169.75,167.0,168.8,3816900,671.62,672.51001,669.46002,671.60999,54623300,671.62,672.51001,669.46002,671.60999,54623300,42.62,42.65,42.55,42.58,1884200,4.162,4.146,4.168,4.133,4.162,4.146,4.168,4.133
2025-10-07,124723.57,125226.34,120636.0,121393.95,1.17105,1.17206,1.16477,1.16502,3970.74,4000.0,3953.39,3994.92,3970.74,4000.0,3953.39,3994.92,2.38095e-05,2.38095e-05,2.38095e-05,2.38095e-05,2.38095e-05,2.38095e-05,2.38095e-05,2.38095e-05,82.5,82.55,81.95,81.96,6994300,82.5,82.55,81.95,81.96,6994300,514.20001,515.97998,509.14001,511.070007,922400,622.84998,627.81,618.40002,621.63,838200,622.84998,627.81,618.40002,621.63,838200,61.73,61.73,62.11,60.72,245120.0,0.06,180.31,186.17999,179.42,182.17,58179300,609.02002,609.71002,603.030029,604.51001,58209500,169.36,170.36,168.82001,169.27,5186500,169.36,170.36,168.82001,169.27,5186500,672.53998,672.98999,667.66998,669.12,72020100,672.53998,672.98999,667.66998,669.12,72020100,42.46,42.56,42.39,42.45,2621200,4.127,4.16,4.177,4.113,4.127,4.16,4.177,4.113
2025-10-08,121393.96,124254.31,121090.06,123343.25,1.16503,1.16645,1.15985,1.1628,3994.92,4079.48,3992.98,4056.45,3994.92,4079.48,3992.98,4056.45,2.38095e-05,2.38095e-05,2.37954e-05,2.37954e-05,2.38095e-05,2.38095e-05,2.37954e-05,2.37954e-05,81.71,81.91,81.61,81.75,11043300,81.71,81.91,81.61,81.75,11043300,515.25,516.0,511.22,514.02002,798400,630.0,638.53998,625.54999,637.95001,938800,630.0,638.53998,625.54999,637.95001,938800,62.55,62.05,62.92,62.05,273320.0,1.33,182.8,184.25999,181.2,183.56,36299700,605.40997,611.75,605.26001,611.44,50629800,170.070007,170.85001,168.42999,168.57001,4683700,170.070007,170.85001,168.42999,168.57001,4683700,670.25,673.21002,669.41998,673.10999,60702200,670.25,673.21002,669.41998,673.10999,60702200,42.79,42.79,42.58,42.68,1678500,4.131,4.133,4.136,4.096,4.131,4.133,4.136,4.096
2025-10-09,123343.24,123822.08,119713.65,121714.51,1.16278,1.1648,1.15421,1.15595,4056.45,4072.0,3961.94,3989.18,4056.45,4072.0,3961.94,3989.18,2.38095e-05,2.38095e-05,2.38095e-05,2.38095e-05,2.38095e-05,2.38095e-05,2.38095e-05,2.38095e-05,82.16,82.19,81.42,81.55,4539800,82.16,82.19,81.42,81.55,4539800,513.89001,515.19,503.81,507.76001,1186000,638.0,640.90002,631.37,635.01001,1007400,638.0,640.90002,631.37,635.01001,1007400,61.51,62.31,62.87,61.25,259170.0,-1.66,183.58,187.62,179.95,185.47,45050300,611.47998,611.60999,607.47998,610.70001,45551000,168.99001,169.14999,161.89999,162.17999,5962400,168.99001,169.14999,161.89999,162.17999,5962400,673.53003,673.94,669.21002,671.15997,66501900,673.53003,673.94,669.21002,671.15997,66501900,42.48,42.5,41.98,42.07,2531300,4.148,4.115,4.152,4.108,4.148,4.115,4.152,4.108
2025-10-10,121714.51,122600.0,107000.0,112980.28,1.15593,1.16305,1.1559,1.16126,3989.19,4033.0,3957.29,4024.44,3989.19,4033.0,3957.29,4024.44,2.38095e-05,2.38095e-05,2.37954e-05,2.38095e-05,2.38095e-05,2.38095e-05,2.37954e-05,2.38095e-05,79.83,80.07,78.21,78.36,11311900,79.83,80.07,78.21,78.36,11311900,508.82999,513.45001,500.54001,505.049988,1313800,633.35999,635.25,619.40997,623.48999,659700,633.35999,635.25,619.40997,623.48999,659700,58.9,61.49,61.67,58.22,339100.0,-4.24,185.17,187.10001,173.53,175.44,55194000,611.40002,613.17999,589.049988,589.5,97614800,162.0099945,162.46001,157.44,157.7,7776400,162.0099945,162.46001,157.44,157.7,7776400,672.13,673.95001,652.84003,653.02002,159422600,672.13,673.95001,652.84003,653.02002,159422600,42.099998,42.14,41.69,41.73,2575900,4.051,4.136,4.14,4.032,4.051,4.136,4.14,4.032
2025-10-13,115067.96,116077.51,113700.27,115274.03,1.15934,1.16296,1.15574,1.15662,4002.99,4124.06,4002.63,4124.0,4002.99,4124.06,4002.63,4124.0,2.38095e-05,2.38095e-05,2.38095e-05,2.38095e-05,2.38095e-05,2.38095e-05,2.38095e-05,2.38095e-05,79.019997,79.47,78.84,79.29,7861500,79.019997,79.47,78.84,79.29,7861500,502.29999,507.42999,500.0,503.82999,926700,619.96997,624.049988,616.90002,618.88,452600,619.96997,624.049988,616.90002,618.88,452600,59.07,58.65,59.69,58.41,640.0,0.29,178.67999,179.22,173.45,177.21001,41332400,599.67999,602.95001,597.22998,602.01001,65872600,158.45,159.55,157.37,158.85001,5322300,158.45,159.55,157.37,158.85001,5322300,660.65002,665.13,659.77002,663.039978,79560500,660.65002,665.13,659.77002,663.039978,79560500,41.85,42.049999,41.82,41.99,3744800,4.055,4.078,4.085,4.05,4.055,4.078,4.085,4.05
2025-10-14,115274.03,115514.91,109945.86,113068.0,1.15661,1.16147,1.15427,1.16055,4124.0,4200.0,4103.38,4155.65,4124.0,4200.0,4103.38,4155.65,2.38095e-05,2.38095e-05,2.38095e-05,2.38095e-05,2.38095e-05,2.38095e-05,2.38095e-05,2.38095e-05,79.34,80.45,79.18,80.040001,6700900,79.34,80.45,79.18,80.040001,6700900,501.25,507.0,499.0,505.17999,1078000,619.47998,627.40997,618.070007,626.92999,437500,619.47998,627.40997,618.070007,626.92999,437500,58.27,59.17,59.39,57.29,232450.0,-1.35,176.0,182.34,170.82001,179.74001,49261400,595.31,602.69,590.13,598.0,69203200,158.2,160.58,157.28999,159.39999,3590500,158.2,160.58,157.28999,159.39999,3590500,657.16998,665.83002,653.16998,662.22998,88779600,657.16998,665.83002,653.16998,662.22998,88779600,41.7,42.17,41.69,42.060001,2859100,4.022,4.051,4.069,3.998,4.022,4.051,4.069,3.998
2025-10-15,113072.18,113671.99,110185.87,110804.12,1.16055,1.16468,1.15999,1.16445,4155.53,4240.29,4151.67,4230.95,4155.53,4240.29,4151.67,4230.95,2.38095e-05,2.38095e-05,2.38095e-05,2.38095e-05,2.38095e-05,2.38095e-05,2.38095e-05,2.38095e-05,81.31,81.55,80.87,81.29,7589000,81.31,81.55,80.87,81.29,7589000,503.0,505.0,485.48001,499.41,1678500,625.049988,627.049988,600.080017,608.92999,666700,625.049988,627.049988,600.080017,608.92999,666700,58.27,58.6,59.42,58.2,224920.0,0.0,181.655,184.35001,176.020004,179.62,37372100,604.01001,606.70001,595.92999,602.21997,62805500,159.49001,160.66,155.64,157.0,5954700,159.49001,160.66,155.64,157.0,5954700,666.82001,670.22998,658.92999,665.16998,81702600,666.82001,670.22998,658.92999,665.16998,81702600,41.89,42.16,41.82,42.02,1990800,4.045,4.032,4.047,3.999,4.045,4.032,4.047,3.999
2025-10-16,110804.11,112021.07,107464.53,108198.0,1.16443,1.16941,1.16417,1.16889,4230.95,4336.65,4219.82,4333.33,4230.95,4336.65,4219.82,4333.33,2.38095e-05,2.38095e-05,2.37954e-05,2.38095e-05,2.38095e-05,2.38095e-05,2.37954e-05,2.38095e-05,81.81,81.91,81.24,81.55,5636100,81.81,81.91,81.24,81.55,5636100,500.73999,501.31,492.0,493.25,1099700,611.0,611.79999,597.59998,598.97998,781900,611.0,611.79999,597.59998,598.97998,781900,57.46,58.77,59.11,57.26,203870.0,-1.39,181.78,184.82001,176.45,178.12,42870900,605.10999,608.31,595.5,599.98999,70982000,157.77,158.33,156.10001,157.050003,3926600,157.77,158.33,156.10001,157.050003,3926600,666.82001,668.71002,657.10999,660.64001,110563300,666.82001,668.71002,657.10999,660.64001,110563300,42.11,42.27,41.9,41.99,1680000,3.976,4.032,4.051,3.967,3.976,4.032,4.051,3.967
2025-10-17,108197.99,109269.97,103516.75,106463.3,1.16888,1.17283,1.16568,1.16706,4333.07,4530.0,4192.55,4236.8,4333.07,4530.0,4192.55,4236.8,2.38095e-05,2.38095e-05,2.38095e-05,2.38095e-05,2.38095e-05,2.38095e-05,2.38095e-05,2.38095e-05,81.78,82.080002,81.65,82.0,6222300,81.78,82.080002,81.65,82.0,6222300,490.48001,496.67999,488.10001,495.14999,1915500,597.0,601.65002,591.67999,594.5,825200,597.0,601.65002,591.67999,594.5,825200,57.54,57.5,57.72,56.6,108750.0,0.14,177.75,181.59,173.95,178.14999,43421500,597.95001,605.51001,596.37,603.92999,72024900,156.33,158.53999,156.10001,157.95,5435200,156.33,158.53999,156.10001,157.95,5435200,659.5,665.76001,658.14001,664.39001,96500900,659.5,665.76001,658.14001,664.39001,96500900,41.85,42.09,41.77,42.07,3080000,4.009,3.957,4.018,3.936,4.009,3.957,4.018,3.936
2025-10-20,108676.77,111748.6,107449.91,110568.06,1.16566,1.16754,1.16384,1.16409,4231.0,4401.66,4214.16,4388.43,4231.0,4401.66,4214.16,4388.43,2.38095e-05,2.38095e-05,2.37954e-05,2.38095e-05,2.38095e-05,2.38095e-05,2.37954e-05,2.38095e-05,83.29,83.79,83.29,83.54,5450900,83.29,83.79,83.29,83.54,5450900,496.42999,505.89999,496.42999,505.89999,1433300,599.65997,602.90002,596.21002,602.0,1084100,599.65997,602.90002,596.21002,602.0,1084100,57.52,57.73,57.81,56.35,108150.0,-0.03,179.49001,183.089996,177.44,181.59,31975800,607.14001,612.79999,607.070007,611.53998,45761700,159.67,162.070007,159.45,160.71001,6517800,159.67,162.070007,159.45,160.71001,6517800,667.32001,672.21002,667.27002,671.29999,60493400,667.32001,672.21002,667.27002,671.29999,60493400,42.049999,42.2,42.029999,42.16,1965000,3.988,4.013,4.026,3.982,3.988,4.013,4.026,3.982
2025-10-21,110568.05,114082.29,107444.6,108362.27,1.1641,1.16551,1.15977,1.16006,4388.43,4390.74,4094.72,4114.57,4388.43,4390.74,4094.72,4114.57,2.38095e-05,2.38095e-05,2.38095e-05,2.38095e-05,2.38095e-05,2.38095e-05,2.38095e-05,2.38095e-05,82.72,82.86,82.43,82.57,5126500,82.72,82.86,82.43,82.57,5126500,482.70999,506.60001,482.70999,489.5,2870000,589.96002,604.89001,571.35999,599.34998,1750700,589.96002,604.89001,571.35999,599.34998,1750700,57.82,57.37,58.28,56.99,27730.0,0.52,182.059998,182.38901,178.64999,181.50999,27528100,611.64001,612.71997,609.32001,611.38,44538200,171.81,178.75999,170.25999,173.039993,12296700,171.81,178.75999,170.25999,173.039993,12296700,671.44,672.98999,669.97998,671.28998,56249000,671.44,672.98999,669.97998,671.28998,56249000,42.13,42.15,41.96,41.96,1816600,3.963,3.982,3.991,3.947,3.963,3.982,3.991,3.947
2025-10-22,108357.99,109188.27,106639.0,107585.98,1.16009,1.16222,1.15769,1.16058,4114.09,4167.79,4020.0,4101.48,4114.09,4167.79,4020.0,4101.48,2.38095e-05,2.38095e-05,2.37954e-05,2.37954e-05,2.38095e-05,2.38095e-05,2.37954e-05,2.37954e-05,82.4,82.52,81.84,82.18,7076300,82.4,82.52,81.84,82.18,7076300,491.47,492.41,482.54001,487.14001,1725700,597.070007,605.96002,595.65002,596.47998,1122800,597.070007,605.96002,595.65002,596.47998,1122800,58.5,57.59,59.83,57.34,378640.0,1.18,181.92999,182.21001,169.42,175.49001,58263100,610.82001,611.40997,599.73999,605.48999,61478800,174.49001,178.72,173.92,177.98,10219100,174.49001,178.72,173.92,177.98,10219100,672.0,672.0,663.29999,667.79999,80564000,672.0,672.0,663.29999,667.79999,80564000,42.28,42.52,42.21,42.41,5507900,3.953,3.963,3.978,3.936,3.953,3.963,3.978,3.936
2025-10-23,107588.02,111342.6,107511.46,110116.03,1.16059,1.16225,1.15854,1.16158,4101.33,4157.46,4057.14,4117.0,4101.33,4157.46,4057.14,4117.0,2.38095e-05,2.38095e-05,2.38095e-05,2.38095e-05,2.38095e-05,2.38095e-05,2.38095e-05,2.38095e-05,82.019997,82.34,81.98,82.22,3620400,82.019997,82.34,81.98,82.22,3620400,488.12,493.98001,486.51999,488.049988,1445700,599.72998,609.82001,598.01001,605.73999,655500,599.72998,609.82001,598.01001,605.73999,655500,61.79,59.94,62.2,59.64,735190.0,5.62,175.44501,181.56,175.0099945,180.48,35812300,604.90997,611.37,604.52002,610.58002,42844300,177.60001,179.98,176.5,179.44,5249400,177.60001,179.98,176.5,179.44,5249400,668.12,672.71002,667.79999,671.76001,65604500,668.12,672.71002,667.79999,671.76001,65604500,42.63,42.71,42.48,42.6,2214700,3.989,3.949,4.007,3.945,3.989,3.949,4.007,3.945
2025-10-24,110116.02,112158.39,109725.51,111042.13,1.16167,1.16475,1.16015,1.16321,4117.36,4139.62,4045.25,4097.3,4117.36,4139.62,4045.25,4097.3,2.38095e-05,2.38095e-05,2.37954e-05,2.37954e-05,2.38095e-05,2.38095e-05,2.37954e-05,2.37954e-05,82.42,82.68,82.42,82.5,3653100,82.42,82.68,82.42,82.5,3653100,490.28,491.82001,484.079987,485.41,1368400,606.34998,608.5,597.080017,605.58002,564700,606.34998,608.5,597.080017,605.58002,564700,61.5,61.79,62.59,61.21,373740.0,-0.47,182.88,186.17,182.85001,184.63,34813500,615.98999,618.41998,615.13,617.099976,47632500,180.46001,180.5,178.28999,178.64999,3471600,180.46001,180.5,178.28999,178.64999,3471600,676.46002,678.46997,675.65002,677.25,74356500,676.46002,678.46997,675.65002,677.25,74356500,42.69,42.82,42.64,42.78,2594300,3.997,4.007,4.02,3.964,3.997,4.007,4.02,3.964
2025-10-27,114561.69,116410.06,113833.12,114087.06,1.16308,1.16517,1.1618,1.16473,4098.77,4099.51,3951.0,3980.31,4098.77,4099.51,3951.0,3980.31,2.38095e-05,2.38095e-05,2.38095e-05,2.38095e-05,2.38095e-05,2.38095e-05,2.38095e-05,2.38095e-05,83.61,83.61,83.37,83.53,2985700,83.61,83.61,83.37,83.53,2985700,484.079987,487.31,479.87,486.91,1423200,604.87,605.65002,595.0,595.95001,501200,604.87,605.65002,595.0,595.95001,501200,61.31,61.82,62.17,60.67,272190.0,-0.31,188.97,192.83,187.52,189.17999,47153100,624.52002,628.54999,624.030029,628.090027,54098600,179.42999,179.63,177.5,179.24001,4039700,179.42999,179.63,177.5,179.24001,4039700,682.72998,685.53998,682.12,685.23999,63339800,682.72998,685.53998,682.12,685.23999,63339800,42.97,42.99,42.8,42.98,1636600,3.997,4.024,4.043,3.981,3.997,4.024,4.043,3.981
2025-10-28,114087.06,116114.13,112203.0,112906.75,1.16471,1.16681,1.1626,1.16521,3980.41,4013.17,3900.0,3967.98,3980.41,4013.17,3900.0,3967.98,2.38095e-05,2.38095e-05,2.37954e-05,2.38095e-05,2.38095e-05,2.38095e-05,2.37954e-05,2.38095e-05,83.56,84.07,83.55,83.93,4523200,83.56,84.07,83.55,83.93,4523200,486.37,489.39999,483.62,485.76999,1220600,594.5,598.95001,591.23999,595.049988,714700,594.5,598.95001,591.23999,595.049988,714700,60.15,61.5,61.5,59.76,307570.0,-1.89,189.48,191.78,186.78,189.60001,38201000,630.35999,634.67999,629.25,632.91998,61195700,179.3,181.31,178.56,178.67,3344100,179.3,181.31,178.56,178.67,3344100,687.049988,688.90997,684.83002,687.059998,61738100,687.049988,688.90997,684.83002,687.059998,61738100,42.98,43.049999,42.84,42.92,2097200,3.983,3.985,4.004,3.97,3.983,3.985,4.004,3.97
2025-10-29,112906.75,113690.17,109000.0,110032.13,1.16521,1.16651,1.15782,1.15992,3967.97,4031.43,3930.08,3949.3,3967.97,4031.43,3930.08,3949.3,2.38095e-05,2.38095e-05,2.38095e-05,2.38095e-05,2.38095e-05,2.38095e-05,2.38095e-05,2.38095e-05,83.52,83.69,82.7,83.23,8550000,83.52,83.69,82.7,83.23,8550000,485.0,488.82001,483.67001,485.32999,971500,590.0,594.21997,582.51001,584.98999,723200,590.0,594.21997,582.51001,584.98999,723200,60.48,60.18,61.02,59.7,276880.0,0.55,191.080002,199.85001,190.49001,198.81,65537300,635.59003,637.01001,630.25,635.77002,67422800,177.78999,178.98,176.0,176.36,4285200,177.78999,178.98,176.0,176.36,4285200,688.71997,689.70001,682.87,687.39001,85657100,688.71997,689.70001,682.87,687.39001,85657100,43.07,43.13,42.68,42.83,2137700,4.058,3.981,4.082,3.974,4.058,3.981,4.082,3.974
2025-10-30,110031.65,111629.2,106279.33,108308.18,1.15997,1.16345,1.15474,1.15648,3949.55,4023.0,3921.71,4020.42,3949.55,4023.0,3921.71,4020.42,2.38095e-05,2.38095e-05,2.37954e-05,2.38095e-05,2.38095e-05,2.38095e-05,2.37954e-05,2.38095e-05,83.14,83.56,83.029999,83.21,6073400,83.14,83.56,83.029999,83.21,6073400,485.57001,494.45999,485.5,489.72,1081000,585.94,591.72998,577.73999,578.59998,1102800,585.94,591.72998,577.73999,578.59998,1102800,60.57,60.39,60.79,59.64,247920.0,0.15,198.425,199.67,194.12,194.55,43541700,632.16998,633.5,625.94,626.049988,61628600,177.12,179.0,176.82001,177.42,3637300,177.12,179.0,176.82001,177.42,3637300,683.90002,685.94,679.83002,679.83002,76335800,683.90002,685.94,679.83002,679.83002,76335800,42.57,42.89,42.53,42.75,2513300,4.093,4.074,4.116,4.058,4.093,4.074,4.116,4.058
2025-10-31,108308.02,111066.1,108266.11,109555.27,1.15648,1.15774,1.15219,1.15248,4020.71,4040.0,3971.81,3995.65,4020.71,4040.0,3971.81,3995.65,2.38095e-05,2.38095e-05,2.38095e-05,2.38095e-05,2.38095e-05,2.38095e-05,2.38095e-05,2.38095e-05,83.71,83.84,83.19,83.45,9755500,83.71,83.84,83.19,83.45,9755500,489.0,493.60999,486.049988,491.88,1185000,579.15002,586.63,575.82001,583.45001,840200,579.15002,586.63,575.82001,583.45001,840200,60.98,60.3,61.38,59.99,278600.0,0.68,199.2,204.17999,197.92,200.47,52697600,634.16998,634.20001,626.69,629.070007,66305100,177.5,179.11,176.75,178.5,4347100,177.5,179.11,176.75,178.5,4347100,685.039978,685.080017,679.23999,682.059998,87164100,685.039978,685.080017,679.23999,682.059998,87164100,42.54,42.7,42.44,42.67,1638000,4.101,4.099,4.116,4.076,4.101,4.099,4.116,4.076
2025-11-03,110533.83,110749.0,105271.67,106557.98,1.15301,1.15415,1.15051,1.15192,3997.44,4024.93,3962.2,3999.2,3997.44,4024.93,3962.2,3999.2,2.38095e-05,2.38095e-05,2.38095e-05,2.38095e-05,2.38095e-05,2.38095e-05,2.38095e-05,2.38095e-05,83.58,83.71,83.25,83.64,5288200,83.58,83.71,83.25,83.64,5288200,491.0,491.51001,484.75,487.94,846600,580.44,581.19,571.67999,575.40997,657800,580.44,581.19,571.67999,575.40997,657800,61.05,61.4,61.5,60.51,236250.0,0.11,205.044998,207.52,201.82001,207.17999,81016800,635.10999,635.82001,629.84998,632.080017,37154300,178.49001,178.55,175.45,177.039993,3843800,178.49001,178.55,175.45,177.039993,3843800,685.66998,685.79999,679.94,683.34003,57315000,685.66998,685.79999,679.94,683.34003,57315000,42.57,42.57,42.42,42.53,1887700,4.107,4.101,4.122,4.081,4.107,4.101,4.122,4.081
2025-11-04,106557.98,107269.85,98892.97,101468.15,1.15197,1.15333,1.14729,1.1479,3999.67,4009.04,3918.0,3930.56,3999.67,4009.04,3918.0,3930.56,2.38095e-05,2.38095e-05,2.38095e-05,2.38095e-05,2.38095e-05,2.38095e-05,2.38095e-05,2.38095e-05,83.0,83.35,82.78,82.83,6613800,83.0,83.35,82.78,82.83,6613800,484.45999,488.5,481.0,484.98001,1169300,574.48999,579.59003,568.40002,577.14001,494200,574.48999,579.59003,568.40002,577.14001,494200,60.56,61.03,61.03,59.94,219300.0,-0.8,192.070007,195.7,185.56,190.74001,121380900,623.28003,626.95001,618.46002,619.25,63830800,176.56,177.89,175.44,175.61,3837800,176.56,177.89,175.44,175.61,3837800,676.10999,679.96002,674.58002,675.23999,78427000,676.10999,679.96002,674.58002,675.23999,78427000,42.040001,42.35,42.040001,42.18,2404300,4.091,4.109,4.114,4.079,4.091,4.109,4.114,4.079
2025-11-05,101468.16,104550.0,98950.0,103869.0,1.14783,1.14978,1.14689,1.14857,3930.56,3985.32,3920.0,3984.63,3930.56,3985.32,3920.0,3984.63,2.38095e-05,2.38095e-05,2.38095e-05,2.38095e-05,2.38095e-05,2.38095e-05,2.38095e-05,2.38095e-05,82.49,82.99,82.35,82.8,5594800,82.49,82.99,82.35,82.8,5594800,483.019989,485.85001,473.14001,473.14001,1708000,572.77002,579.53003,569.73999,570.5,535800,572.77002,579.53003,569.73999,570.5,535800,59.6,60.43,61.09,59.52,292520.0,-1.59,189.0,190.32001,181.21001,187.89999,76121000,618.48999,626.59998,617.21002,623.28003,48688500,174.91,176.75999,173.92,174.0,4493800,174.91,176.75999,173.92,174.0,4493800,674.97998,680.85999,674.16998,677.58002,74402400,674.97998,680.85999,674.16998,677.58002,74402400,42.4,42.67,42.38,42.61,1813200,4.157,4.087,4.163,4.054,4.157,4.087,4.163,4.054
2025-11-06,103866.67,104191.19,100235.02,101290.5,1.14863,1.15524,1.14861,1.15446,3984.64,4020.0,3958.68,3981.31,3984.64,4020.0,3958.68,3981.31,2.38095e-05,2.38095e-05,2.38095e-05,2.38095e-05,2.38095e-05,2.38095e-05,2.38095e-05,2.38095e-05,83.31,83.38,82.66,82.96,5396000,83.31,83.38,82.66,82.96,5396000,473.10999,474.17999,466.10999,468.92001,1093600,570.0,578.039978,569.95001,571.96002,610700,570.0,578.039978,569.95001,571.96002,610700,59.43,59.68,60.51,58.83,277770.0,-0.29,187.99001,191.089996,174.53,175.050003,78468600,621.78998,622.039978,610.29999,611.66998,72115100,174.0099945,175.39,173.60001,175.10001,3631300,174.0099945,175.39,173.60001,175.10001,3631300,676.46997,677.38,668.71997,670.31,85035300,676.46997,677.38,668.71997,670.31,85035300,42.64,42.76,42.56,42.62,1679400,4.093,4.155,4.157,4.077,4.093,4.155,4.157,4.077
2025-11-07,101290.5,104041.99,99170.0,103284.27,1.15446,1.15912,1.15295,1.15592,3981.31,4014.99,3972.1,4003.11,3981.31,4014.99,3972.1,4003.11,2.38095e-05,2.38095e-05,2.38095e-05,2.38095e-05,2.38095e-05,2.38095e-05,2.38095e-05,2.38095e-05,82.84,83.31,82.3,83.29,5604500,82.84,83.31,82.3,83.29,5604500,468.89999,469.41,456.20001,458.35001,2514500,571.96997,571.96997,562.44,568.60999,646000,571.96997,571.96997,562.44,568.60999,646000,59.75,59.65,60.46,59.32,259450.0,0.54,173.14999,178.7,168.91,177.92999,73989700,608.31,609.95001,598.66998,609.73999,81835400,175.25999,177.69,173.75,176.97,3774300,175.25999,177.69,173.75,176.97,3774300,667.90997,671.080017,661.21002,670.96997,100592400,667.90997,671.080017,661.21002,670.96997,100592400,42.39,42.88,42.37,42.87,1180900,4.093,4.089,4.112,4.066,4.093,4.089,4.112,4.066
2025-11-10,104694.23,106653.0,104240.76,105979.38,1.15582,1.1583,1.15409,1.15612,3997.16,4110.0,3994.22,4105.78,3997.16,4110.0,3994.22,4105.78,2.38095e-05,2.38095e-05,2.38095e-05,2.38095e-05,2.38095e-05,2.38095e-05,2.38095e-05,2.38095e-05,83.32,83.75,83.07,83.68,5038400,83.32,83.75,83.07,83.68,5038400,456.0,457.10001,448.48001,452.10001,1630100,564.79999,567.059998,557.39001,562.97998,1075600,564.79999,567.059998,557.39001,562.97998,1075600,60.03,59.73,60.31,59.3,135130.0,0.47,184.31,194.92999,183.52,193.61,87764200,618.91998,624.31,616.89001,623.22998,55919900,176.84,179.55,176.3,179.029999,2739000,176.84,179.55,176.3,179.029999,2739000,677.23999,682.17999,675.030029,681.44,75842900,677.23999,682.17999,675.030029,681.44,75842900,43.099998,43.44,43.02,43.44,2389900,4.11,4.13,4.147,4.096,4.11,4.13,4.147,4.096
2025-11-11,105979.38,107482.0,102422.43,103009.35,1.15613,1.1605,1.15468,1.15843,4105.78,4146.07515,4096.85211,4123.19184,4105.78,4146.07515,4096.85211,4123.19184,2.38095e-05,2.38095e-05,2.38095e-05,2.38095e-05,2.38095e-05,2.38095e-05,2.38095e-05,2.38095e-05,83.5,83.91,83.37,83.75,6582700,83.5,83.91,83.37,83.75,6582700,451.76999,461.76999,451.0,457.070007,1322100,564.47998,570.78998,559.0,566.73999,743300,564.47998,570.78998,559.0,566.73999,743300,60.99,59.94,61.18,59.59,184220.0,1.6,190.33501,192.925,187.13,190.96001,49819700,620.57001,622.71997,617.52002,621.57001,44868800,178.81,180.0,177.41,179.22,3387700,178.81,180.0,177.41,179.22,3387700,679.95001,683.57001,678.72998,683.0,58953400,679.95001,683.57001,678.72998,683.0,58953400,43.54,43.72,43.54,43.65,2524600,4.069,4.118,4.123,4.065,4.069,4.118,4.123,4.065
2025-11-12,103017.21,105316.64,100803.2,101639.01,1.15853,1.15982,1.15634,1.15867,4123.20807,4213.30684,4100.37736,4196.46651,4123.20807,4213.30684,4100.37736,4196.46651,2.38095e-05,2.38095e-05,2.38095e-05,2.38095e-05,2.38095e-05,2.38095e-05,2.38095e-05,2.38095e-05,84.23,84.54,84.13,84.34,6539000,84.23,84.54,84.13,84.34,6539000,456.14001,459.76999,455.22,457.040009,935400,565.17999,569.15002,558.40002,558.57001,669600,565.17999,569.15002,558.40002,558.57001,669600,58.49,60.96,61.01,58.3,224000.0,-4.1,190.58,190.58,180.39999,184.17,55347100,624.84003,624.85999,617.81,621.080017,47444400,178.60001,179.89999,177.37,177.69,4470500,178.60001,179.89999,177.37,177.69,4470500,684.78998,684.96002,680.95001,683.38,62312500,684.78998,684.96002,680.95001,683.38,62312500,43.41,43.59,43.41,43.51,2186300,4.067,4.069,4.095,4.056,4.067,4.069,4.095,4.056
2025-11-13,101636.03,104050.0,97870.0,99614.54,1.15861,1.16553,1.15793,1.16356,4196.38921,4244.30211,4141.94031,4164.62689,4196.38921,4244.30211,4141.94031,4164.62689,2.38095e-05,2.38095e-05,2.38095e-05,2.38095e-05,2.38095e-05,2.38095e-05,2.38095e-05,2.38095e-05,83.98,84.029999,82.96,83.010002,7215600,83.98,84.029999,82.96,83.010002,7215600,458.01001,460.91,455.10001,455.85001,819600,563.23999,563.40997,556.84003,558.0,828400,563.23999,563.40997,556.84003,558.0,828400,58.64,58.49,59.15,58.11,203340.0,0.26,181.715,182.7,170.731,172.14,63188800,617.53998,618.12,606.080017,608.40002,71333600,178.63,178.78999,173.13,173.96001,3617800,178.63,178.78999,173.13,173.96001,3617800,680.5,680.85999,670.52002,672.039978,103457800,680.5,680.85999,670.52002,672.039978,103457800,43.37,43.43,43.0099983,43.040001,3765000,4.111,4.081,4.125,4.071,4.111,4.081,4.125,4.071
2025-11-14,99610.49,99836.1,93951.32,94503.96,1.16352,1.16536,1.16068,1.16183,4164.48871,4210.97208,4034.28982,4089.59042,4164.48871,4210.97208,4034.28982,4089.59042,2.38095e-05,2.38095e-05,2.38095e-05,2.38095e-05,2.38095e-05,2.38095e-05,2.38095e-05,2.38095e-05,83.64,84.21,83.4,83.98,6153900,83.64,84.21,83.4,83.98,6153900,455.85001,466.39001,454.0,465.76999,1177300,557.75,562.030029,553.37,558.0,742500,557.75,562.030029,553.37,558.0,742500,59.95,58.66,60.47,58.66,324820.0,2.23,166.97501,177.28999,164.5,174.0099945,62596800,599.54999,613.34998,597.16998,608.85999,80087300,173.96001,176.16,172.5,175.57001,3224700,173.96001,176.16,172.5,175.57001,3224700,665.38,675.65997,663.27002,671.92999,96846700,665.38,675.65997,663.27002,671.92999,96846700,42.58,42.83,42.55,42.77,2719500,4.148,4.123,4.152,4.065,4.148,4.123,4.152,4.065
2025-11-17,94182.03,95950.0,91158.35,92100.6,1.1621,1.1625,1.1582,1.15843,4080.45515,4106.23731,4011.04777,4012.12221,4080.45515,4106.23731,4011.04777,4012.12221,2.38095e-05,2.38095e-05,2.38095e-05,2.38095e-05,2.38095e-05,2.38095e-05,2.38095e-05,2.38095e-05,83.019997,83.35,82.14,82.47,6967700,83.019997,83.35,82.14,82.47,6967700,467.28,471.60001,464.72,470.78,1822400,559.97998,563.080017,556.28998,563.030029,912800,559.97998,563.080017,556.28998,563.030029,912800,59.91,59.8,60.44,59.32,189640.0,-0.07,170.53,174.24001,167.67999,171.25,50339000,606.29999,612.47998,599.87,603.65997,63850400,176.10001,176.3,174.63,175.63,3913600,176.10001,176.3,174.63,175.63,3913600,669.70001,673.71002,662.16998,665.66998,90456100,669.70001,673.71002,662.16998,665.66998,90456100,42.76,42.82,42.33,42.44,2432300,4.133,4.154,4.158,4.115,4.133,4.154,4.158,4.115
2025-11-18,92100.6,93775.0,89183.48,92914.46,1.1584,1.16081,1.15718,1.15861,4012.09619,4081.09747,3999.63117,4081.01142,4012.09619,4081.09747,3999.63117,4081.01142,2.38095e-05,2.38095e-05,2.38095e-05,2.38095e-05,2.38095e-05,2.38095e-05,2.38095e-05,2.38095e-05,80.7,81.099998,80.29,80.78,6922400,80.7,81.099998,80.29,80.78,6922400,475.22,485.0,471.20001,474.72,1242100,565.0,573.31,564.17999,566.76001,1047000,565.0,573.31,564.17999,566.76001,1047000,60.74,59.74,60.93,59.31,105330.0,1.39,168.37,172.83,165.5,167.33,53710100,599.62,602.31,591.34003,596.31,83327300,176.7,177.92999,174.31,174.72,3742500,176.7,177.92999,174.31,174.72,3742500,662.099976,665.12,655.85999,660.080017,114467500,662.099976,665.12,655.85999,660.080017,114467500,42.02,42.26,41.9,42.19,1494900,4.121,4.146,4.148,4.084,4.121,4.146,4.148,4.084
2025-11-19,92914.45,92948.0,88483.12,91461.6,1.15857,1.15969,1.15189,1.1521,4081.01883,4132.42981,4054.87269,4074.0584,4081.01883,4132.42981,4054.87269,4074.0584,2.38095e-05,2.38095e-05,2.38095e-05,2.38095e-05,2.38095e-05,2.38095e-05,2.38095e-05,2.38095e-05,80.68,81.15,80.39,80.68,6065700,80.68,81.15,80.39,80.68,6065700,472.0,472.42001,468.29999,469.91,861300,560.39001,567.20001,557.46002,565.0,665400,560.39001,567.20001,557.46002,565.0,665400,59.44,60.62,60.79,58.77,79620.0,-2.14,167.8,169.60001,162.42,165.42,46108200,597.070007,606.15997,594.59003,599.87,73111500,173.50999,174.77,172.5,173.77,3902400,173.50999,174.77,172.5,173.77,3902400,660.78003,667.34003,658.75,662.63,94703000,660.78003,667.34003,658.75,662.63,94703000,41.88,41.99,41.61,41.73,2313700,4.131,4.117,4.141,4.098,4.131,4.117,4.141,4.098
2025-11-20,91465.04,93080.91,85980.7,86536.88,1.15212,1.15495,1.15078,1.15376,4074.14058,4110.93765,4040.886,4084.63177,4074.14058,4110.93765,4040.886,4084.63177,2.38095e-05,2.38095e-05,2.38095e-05,2.38095e-05,2.38095e-05,2.38095e-05,2.38095e-05,2.38095e-05,81.14,81.37,79.48,79.49,11263100,81.14,81.37,79.48,79.49,11263100,473.88,477.42999,465.019989,468.26001,1044900,570.88,573.26001,563.51001,567.34998,688100,570.88,573.26001,563.51001,567.34998,688100,59.14,59.63,60.33,58.86,27580.0,-0.5,172.070007,174.57001,154.395,155.745,78443900,611.62,614.030029,584.75,585.66998,117743200,176.53999,177.55,172.5,172.73,4221000,176.53999,177.55,172.5,172.73,4221000,672.90997,675.56,651.89001,652.53003,165293500,672.90997,675.56,651.89001,652.53003,165293500,42.060001,42.099998,41.33,41.34,3833900,4.104,4.146,4.168,4.084,4.104,4.146,4.168,4.084
2025-11-21,86531.87,87395.93,80524.65,85068.88,1.15379,1.1552,1.14912,1.15139,4084.50767,4099.55818,4025.66492,4087.44933,4084.50767,4099.55818,4025.66492,4087.44933,2.38095e-05,2.38095e-05,2.38095e-05,2.38095e-05,2.38095e-05,2.38095e-05,2.38095e-05,2.38095e-05,80.81,81.44,80.3,81.19,8907800,80.81,81.44,80.3,81.19,8907800,468.60001,469.39999,459.95999,460.78,1575300,568.28003,571.66998,563.080017,566.70001,943900,568.28003,571.66998,563.080017,566.70001,943900,58.06,58.8,58.8,57.38,345010.0,-1.83,156.0099945,158.11,147.56,154.85001,71346400,587.46997,596.97998,580.73999,590.070007,103344200,172.25999,172.3,168.62,169.67999,6108400,172.25999,172.3,168.62,169.67999,6108400,655.049988,664.54999,650.84998,659.030029,123956200,655.049988,664.54999,650.84998,659.030029,123956200,41.73,42.13,41.67,42.060001,2708300,4.063,4.092,4.102,4.036,4.063,4.092,4.102,4.036
2025-11-24,86808.28,89225.6,85213.17,88266.2,1.15121,1.15498,1.15024,1.15276,4065.88586,4127.83474,4040.59968,4119.43498,4065.88586,4127.83474,4040.59968,4119.43498,2.38095e-05,2.38095e-05,2.3646e-05,2.3775e-05,2.38095e-05,2.38095e-05,2.3646e-05,2.3775e-05,81.080002,81.87,80.96,81.74,3799400,81.080002,81.87,80.96,81.74,3799400,459.42999,461.19,450.059998,451.059998,1411200,562.91998,566.27002,560.0,565.56,731700,562.91998,566.27002,560.0,565.56,731700,58.84,58.05,59.06,57.42,238140.0,1.34,157.47,165.17,157.0,162.25,57877800,595.28003,606.67999,595.15997,605.15997,60168100,169.28,173.64999,168.89999,173.21001,8116600,169.28,173.64999,168.89999,173.21001,8116600,662.69,670.059998,661.59003,668.72998,80437900,662.69,670.059998,661.59003,668.72998,80437900,41.89,41.99,41.71,41.92,3229900,4.036,4.059,4.069,4.027,4.036,4.059,4.069,4.027
2025-11-25,88264.0,88486.82,86067.02,87325.01,1.15274,1.15855,1.1512,1.15851,4119.40396,4159.14589,4110.34558,4133.2823,4119.40396,4159.14589,4110.34558,4133.2823,2.3775e-05,2.3821e-05,2.3635e-05,2.3732e-05,2.3775e-05,2.3821e-05,2.3635e-05,2.3732e-05,81.32,81.97,81.010002,81.92,5197000,81.32,81.97,81.010002,81.92,5197000,451.059998,454.029999,448.48001,452.41,1615900,565.70001,574.5,565.70001,569.41998,919500,565.70001,574.5,565.70001,569.41998,919500,57.95,58.89,58.96,57.1,334440.0,-1.51,160.070007,164.64999,156.55499,163.55,36523500,603.51001,610.26001,597.32001,608.89001,57560900,172.75999,173.63,169.52,172.14999,5511700,172.75999,173.63,169.52,172.14999,5511700,668.63,676.21002,664.47998,675.02002,81077100,668.63,676.21002,664.47998,675.02002,81077100,42.25,42.57,42.2,42.52,1848500,4.002,4.031,4.046,3.988,4.002,4.031,4.046,3.988
2025-11-26,87325.0,90628.53,86266.95,90468.84,1.15849,1.16006,1.15495,1.1594,4133.36559,4174.01012,4127.49532,4163.51163,4133.36559,4174.01012,4127.49532,4163.51163,2.3733e-05,2.3788e-05,2.3653e-05,2.3754e-05,2.3733e-05,2.3788e-05,2.3653e-05,2.3754e-05,82.73,83.37,82.55,83.26,3711400,82.73,83.37,82.55,83.26,3711400,453.29999,457.26001,452.98001,454.16,1299800,569.60999,582.59998,567.080017,567.10999,445800,569.60999,582.59998,567.080017,567.10999,445800,58.65,58.05,58.72,57.66,228290.0,1.21,166.85001,168.339,163.88,165.77,34610500,612.51001,616.19,610.39001,614.27002,42393600,172.56,174.029999,172.020004,173.19,3564400,172.56,174.029999,172.020004,173.19,3564400,677.63,681.70001,676.71997,679.67999,71879600,677.63,681.70001,676.71997,679.67999,71879600,42.78,43.049999,42.76,42.99,2168900,3.998,4.004,4.044,3.99,3.998,4.004,4.044,3.99
2025-11-28,91316.7,93161.86,90220.5,90902.7,1.15956,1.16082,1.15554,1.16032,4158.00496,4225.13635,4157.6383,4212.73023,4158.00496,4225.13635,4157.6383,4212.73023,2.3752e-05,2.3793e-05,2.3655e-05,2.3735e-05,2.3752e-05,2.3793e-05,2.3655e-05,2.3735e-05,82.84,83.040001,82.75,83.010002,2711800,82.84,83.040001,82.75,83.010002,2711800,454.54001,457.85999,452.60999,457.85999,748000,567.34998,573.67999,566.63,572.25,421800,567.34998,573.67999,566.63,572.25,421800,58.55,58.58,59.64,58.27,153760.0,-0.76,167.75999,168.8,165.875,168.45,17199500,616.10999,619.32001,615.41998,619.25,23034400,173.039993,174.94,173.0,174.91,1680400,173.039993,174.94,173.0,174.91,1680400,680.85999,683.66998,680.5,683.39001,49212000,680.85999,683.66998,680.5,683.39001,49212000,43.040001,43.22,43.0099983,43.15,718200,4.019,4.008,4.036,3.961,4.019,4.008,4.036,3.961
2025-12-01,90364.0,90433.7,83800.0,86282.36,1.15938,1.16519,1.15903,1.16087,4216.34255,4265.37936,4202.4477,4234.38252,4216.34255,4265.37936,4202.4477,4234.38252,2.3767e-05,2.3808e-05,2.3704e-05,2.3741e-05,2.3767e-05,2.3808e-05,2.3704e-05,2.3741e-05,82.49,82.87,82.45,82.53,5020900,82.49,82.87,82.45,82.53,5020900,453.28,454.089996,438.5,439.19,1659200,567.72998,568.5,543.65997,545.51001,794700,567.72998,568.5,543.65997,545.51001,794700,59.32,58.96,59.97,58.83,232770.0,1.32,165.0,169.10001,163.12,167.49001,27779600,613.63,619.44,612.52002,617.16998,40957600,173.7,174.0,167.89999,168.020004,4885600,173.7,174.0,167.89999,168.020004,4885600,678.81,682.98999,678.73999,680.27002,61201200,678.81,682.98999,678.73999,680.27002,61201200,43.17,43.24,42.91,42.93,2704900,4.096,4.034,4.098,4.027,4.096,4.034,4.098,4.027
2025-12-02,86282.35,92342.0,86181.38,91308.05,1.16086,1.16239,1.15931,1.16239,4234.45988,4242.3133,4167.30243,4199.63913,4234.45988,4242.3133,4167.30243,4199.63913,2.3741e-05,2.3792e-05,2.3675e-05,2.3746e-05,2.3741e-05,2.3792e-05,2.3675e-05,2.3746e-05,82.73,82.73,82.26,82.47,3848400,82.73,82.73,82.26,82.47,3848400,440.98001,442.75,437.25,441.82001,1535600,546.67999,551.28003,545.16998,546.96997,779300,546.67999,551.28003,545.16998,546.96997,779300,58.64,59.52,59.67,58.28,255510.0,-1.15,169.59,175.75,169.59,170.69,35368000,619.46002,623.75,617.59003,622.0,54541800,169.38,169.38,168.039993,168.8,4053600,169.38,169.38,168.039993,168.8,4053600,681.91998,683.82001,679.33002,681.53003,62953800,681.91998,683.82001,679.33002,681.53003,62953800,43.02,43.049999,42.85,43.0099983,2388100,4.088,4.088,4.116,4.081,4.088,4.088,4.116,4.081
2025-12-03,91308.05,94181.41,91024.47,93453.84,1.16238,1.16781,1.16197,1.16739,4199.64034,4243.15096,4195.0201,4208.56484,4199.64034,4243.15096,4195.0201,4208.56484,2.3747e-05,2.3789e-05,2.3715e-05,2.3767e-05,2.3747e-05,2.3789e-05,2.3715e-05,2.3767e-05,82.099998,82.65,82.029999,82.61,5501500,82.099998,82.65,82.029999,82.61,5501500,443.41,448.47,439.049988,446.79999,1751500,549.56,554.52002,546.48999,553.32001,890000,549.56,554.52002,546.48999,553.32001,890000,58.95,58.65,59.64,58.37,260970.0,0.53,170.14,177.91,168.83,176.080002,30541600,619.62,624.21997,618.030029,623.52002,47841600,169.050003,169.19,166.74001,168.45,5452200,169.050003,169.19,166.74001,168.45,5452200,680.57001,684.90997,679.69,683.89001,57238500,680.57001,684.90997,679.69,683.89001,57238500,43.23,43.48,43.23,43.46,1939500,4.058,4.088,4.09,4.05,4.058,4.088,4.09,4.05
2025-12-04,93452.02,94087.05,90904.73,92093.54,1.16738,1.16825,1.16509,1.16528,4208.55717,4220.43,4176.80186,4208.77715,4208.55717,4220.43,4176.80186,4208.77715,2.3766e-05,2.3789e-05,2.3716e-05,2.3733e-05,2.3766e-05,2.3789e-05,2.3716e-05,2.3733e-05,84.21,84.28,83.48,83.62,4692400,84.21,84.28,83.48,83.62,4692400,448.17999,449.53,445.42999,448.35001,1283700,552.84003,560.0,551.56,553.0,753000,552.84003,560.0,551.56,553.0,753000,59.67,59.09,60.02,58.81,264990.0,1.22,176.36501,178.44,174.42999,177.92,29217800,624.92999,624.94,619.53998,622.94,47067800,168.89999,172.089996,168.64999,171.31,7486500,168.89999,172.089996,168.64999,171.31,7486500,685.29999,685.37,681.34003,684.39001,61970300,685.29999,685.37,681.34003,684.39001,61970300,43.44,43.61,43.37,43.42,1479500,4.108,4.073,4.114,4.073,4.108,4.073,4.114,4.073
2025-12-05,92093.7,92716.42,88099.05,89345.29,1.16528,1.16717,1.16297,1.16435,4208.73724,4258.54495,4195.39646,4207.63103,4208.73724,4258.54495,4195.39646,4207.63103,2.3735e-05,2.3781e-05,2.3685e-05,2.3744e-05,2.3735e-05,2.3781e-05,2.3685e-05,2.3744e-05,83.68,83.8,83.44,83.7,4186800,83.68,83.8,83.44,83.7,4186800,447.78,452.82001,446.41,452.20001,1290500,551.5,552.28003,544.15997,548.96997,785500,551.5,552.28003,544.15997,548.96997,785500,60.08,59.7,60.5,59.42,255080.0,0.69,178.23,182.153,177.16,181.75999,32079300,624.38,628.91998,623.71002,625.47998,53614200,172.0,172.0,168.94,171.10001,3032700,172.0,172.0,168.94,171.10001,3032700,685.46997,688.39001,684.58002,685.69,79241000,685.46997,688.39001,684.58002,685.69,79241000,43.42,43.47,43.16,43.22,2401900,4.139,4.1,4.145,4.088,4.139,4.1,4.145,4.088
2025-12-08,90402.3,92291.96,89599.0,90653.86,1.1641,1.16731,1.16171,1.16398,4197.37604,4218.46194,4175.24856,4186.46637,4197.37604,4218.46194,4175.24856,4186.46637,2.373e-05,2.38e-05,2.3605e-05,2.3766e-05,2.373e-05,2.38e-05,2.3605e-05,2.3766e-05,83.49,83.55,83.059998,83.19,3589600,83.49,83.55,83.059998,83.19,3589600,453.5,465.56,451.48001,465.38,1390700,549.0,553.62,546.51001,553.56,706000,549.0,553.62,546.51001,553.56,706000,58.63,59.88,60.01,58.43,162270.0,-2.41,182.21001,183.88,179.53999,181.49001,30456700,627.21002,628.84003,621.69,624.28003,43462400,171.39,171.99001,169.53999,171.52,3498200,171.39,171.99001,169.53999,171.52,3498200,686.59003,686.64001,681.57001,683.63,55231500,686.59003,686.64001,681.57001,683.63,55231500,43.11,43.13,42.98,43.080002,1350800,4.172,4.143,4.192,4.129,4.172,4.143,4.192,4.129
2025-12-09,90653.86,94640.66,89537.55,92690.0,1.16398,1.16575,1.16165,1.1628,4186.39665,4220.84751,4171.40677,4212.89339,4186.39665,4220.84751,4171.40677,4212.89339,2.3766e-05,2.3801e-05,2.3654e-05,2.369e-05,2.3766e-05,2.3801e-05,2.3654e-05,2.369e-05,83.58,83.72,83.3,83.31,3387200,83.58,83.72,83.3,83.31,3387200,466.28,472.81,465.0,466.89001,1102300,554.12,557.73999,550.25,550.63,410900,554.12,557.73999,550.25,550.63,410900,58.08,58.67,58.93,57.95,178890.0,-0.94,180.97,182.85001,180.38,181.84,18937600,623.01001,625.87,621.0,625.049988,37156000,172.52,175.71001,171.24001,171.92999,4816400,172.52,175.71001,171.24001,171.92999,4816400,683.15002,685.39001,682.59003,683.039978,58310100,683.15002,685.39001,682.59003,683.039978,58310100,43.0099983,43.21,42.85,42.88,2253500,4.186,4.166,4.192,4.141,4.186,4.166,4.192,4.141
2025-12-10,92690.0,94500.0,91556.64,92035.99,1.16281,1.16818,1.16226,1.16791,4212.73084,4219.56716,4182.65249,4215.85221,4212.73084,4219.56716,4182.65249,4215.85221,2.3696e-05,2.3794e-05,2.3665e-05,2.3762e-05,2.3696e-05,2.3794e-05,2.3665e-05,2.3762e-05,83.24,84.059998,83.11,83.91,5887600,83.24,84.059998,83.11,83.91,5887600,465.20999,473.079987,455.88,467.94,2313600,549.0,558.60999,546.52002,555.35999,680000,549.0,558.60999,546.52002,555.35999,680000,58.3,58.23,58.83,57.52,166340.0,0.38,184.95,190.39,182.75,187.91,59398000,623.84998,629.21002,620.98999,627.60999,55031400,171.17,177.13,170.35001,174.72,5611300,171.17,177.13,170.35001,174.72,5611300,682.56,688.96997,681.31,687.57001,85671300,682.56,688.96997,681.31,687.57001,85671300,43.22,43.5,43.099998,43.46,1678400,4.164,4.186,4.209,4.137,4.164,4.186,4.209,4.137
2025-12-11,92035.85,93594.76,89257.98,92542.0,1.16789,1.17625,1.16764,1.17413,4215.87471,4287.12029,4204.46736,4273.56204,4215.87471,4287.12029,4204.46736,4273.56204,2.3761e-05,2.3839e-05,2.374e-05,2.3801e-05,2.3761e-05,2.3839e-05,2.374e-05,2.3801e-05,83.94,84.38,83.88,84.22,4377900,83.94,84.38,83.88,84.22,4377900,470.29001,479.70001,470.29001,474.88,1294000,557.56,568.65997,556.92999,560.039978,618200,557.56,568.65997,556.92999,560.039978,618200,57.45,58.72,58.76,56.85,193560.0,-1.46,184.8,188.050003,180.21001,187.53999,36843200,623.82001,625.78003,617.71997,625.58002,58272800,174.7,179.14,174.3,177.42,4865500,174.7,179.14,174.3,177.42,4865500,685.14001,689.25,682.16998,689.16998,86173700,685.14001,689.25,682.16998,689.16998,86173700,43.5,43.73,43.47,43.65,2885900,4.141,4.137,4.161,4.1,4.141,4.137,4.161,4.1
2025-12-12,92539.63,92791.26,89500.0,90278.0,1.17413,1.17502,1.17193,1.17408,4273.60179,4352.66531,4259.01477,4296.83443,4273.60179,4352.66531,4259.01477,4296.83443,2.3802e-05,2.3852e-05,2.3737e-05,2.3771e-05,2.3802e-05,2.3852e-05,2.3737e-05,2.3771e-05,84.4,84.45,83.69,84.0,6361700,84.4,84.45,83.69,84.0,6361700,475.66,480.84,470.79001,480.25,1384300,563.19,571.59998,560.5,569.76001,784400,563.19,571.59998,560.5,569.76001,784400,57.24,57.74,58.01,56.97,186590.0,-0.37,185.81,186.52499,177.66701,183.57001,42427400,622.080017,623.53998,611.35999,613.62,75158700,179.39999,179.45,176.63,178.66,6440100,179.39999,179.45,176.63,178.66,6440100,688.16998,688.88,679.16998,681.76001,113160300,688.16998,688.88,679.16998,681.76001,113160300,43.44,43.46,43.080002,43.28,1198300,4.196,4.147,4.2,4.147,4.196,4.147,4.2,4.147
2025-12-15,88174.37,90064.74,85129.63,86417.5,1.17387,1.17691,1.1728,1.17496,4302.43395,4350.09414,4286.91234,4314.55996,4302.43395,4350.09414,4286.91234,4314.55996,2.3777e-05,2.3826e-05,2.3741e-05,2.377e-05,2.3777e-05,2.3826e-05,2.3741e-05,2.377e-05,85.28,85.31,84.7,84.87,4439300,85.28,85.31,84.7,84.87,4439300,478.98999,484.76999,477.23999,484.42001,1002300,569.14001,575.78998,568.57001,575.78998,448800,569.14001,575.78998,568.57001,575.78998,448800,56.82,57.5,57.8,56.4,229310.0,-0.73,185.080002,187.78,180.029999,183.25,32796100,618.37,618.41998,609.32001,610.53998,49538200,179.74001,182.28,179.17,182.11,3691700,179.74001,182.28,179.17,182.11,3691700,685.73999,685.76001,679.25,680.72998,90811000,685.73999,685.76001,679.25,680.72998,90811000,43.66,43.86,43.59,43.75,2309000,4.182,4.182,4.188,4.149,4.182,4.182,4.188,4.149
2025-12-16,86417.5,88148.0,85250.0,87854.01,1.17496,1.18017,1.17363,1.1758,4314.60283,4334.17857,4268.69498,4310.06308,4314.60283,4334.17857,4268.69498,4310.06308,2.3769e-05,2.384e-05,2.3737e-05,2.3767e-05,2.3769e-05,2.384e-05,2.3737e-05,2.3767e-05,81.11,81.27,80.65,80.85,6205600,81.11,81.27,80.65,80.85,6205600,479.60999,479.79001,473.85999,477.059998,1262400,573.5,574.20001,565.84003,568.71997,488200,573.5,574.20001,565.84003,568.71997,488200,55.27,56.68,56.7,54.98,230930.0,-2.73,181.655,188.5,181.142,187.75,42070300,608.26001,613.51001,606.90997,611.75,55152800,180.50999,181.88,178.89,179.92999,4321900,180.50999,181.88,178.89,179.92999,4321900,679.22998,681.080017,674.97998,678.87,122030600,679.22998,681.080017,674.97998,678.87,122030600,42.76,42.8,42.54,42.73,2425700,4.149,4.17,4.198,4.141,4.149,4.17,4.198,4.141
2025-12-17,87854.0,90336.36,85267.69,86209.77,1.17582,1.17631,1.17046,1.17447,4310.3026,4348.63257,4301.10812,4336.82339,4310.3026,4348.63257,4301.10812,4336.82339,2.3767e-05,2.3858e-05,2.3739e-05,2.377e-05,2.3767e-05,2.3858e-05,2.3739e-05,2.377e-05,80.43,80.57,79.71,79.74,6592800,80.43,80.57,79.71,79.74,6592800,471.0,476.89001,462.25,474.79001,1989200,562.78998,572.29999,557.59003,564.19,761800,562.78998,572.29999,557.59003,564.19,761800,55.94,55.23,56.98,55.2,125610.0,1.21,187.715,187.75,176.5,177.28999,50424700,613.059998,613.65002,600.28003,600.40997,70654300,178.92,180.33,176.53999,177.2,6632700,178.92,180.33,176.53999,177.2,6632700,679.89001,680.44,671.20001,671.40002,110625200,679.89001,680.44,671.20001,671.40002,110625200,43.14,43.24,42.9,42.94,2465900,4.151,4.151,4.182,4.143,4.151,4.151,4.182,4.143
2025-12-18,86209.79,89447.75,84400.0,85460.02,1.17449,1.17596,1.17137,1.17248,4336.87959,4376.2737,4308.87716,4325.06663,4336.87959,4376.2737,4308.87716,4325.06663,2.377e-05,2.3838e-05,2.3744e-05,2.3791e-05,2.377e-05,2.3838e-05,2.3744e-05,2.3791e-05,80.29,80.45,79.82,79.97,6214800,80.29,80.45,79.82,79.97,6214800,472.41,476.20001,469.0,470.14001,1363900,564.0,569.92999,558.059998,559.52002,950200,564.0,569.92999,558.059998,559.52002,950200,56.15,56.9,57.03,55.88,85740.0,0.38,181.50999,187.33,181.50999,185.69,40221500,609.79999,612.92999,606.91998,609.10999,78875800,178.49001,180.5,178.089996,178.28999,4090600,178.49001,180.5,178.089996,178.28999,4090600,677.59998,680.73999,674.90002,676.46997,108650100,677.59998,680.73999,674.90002,676.46997,108650100,43.19,43.37,43.080002,43.13,1546400,4.116,4.147,4.147,4.108,4.116,4.147,4.147,4.108
2025-12-19,85460.85,89365.85,85052.78,88092.65,1.17249,1.17382,1.17041,1.17236,4324.94935,4356.27683,4311.66104,4345.9183,4324.94935,4356.27683,4311.66104,4345.9183,2.3789e-05,2.385e-05,2.3748e-05,2.3805e-05,2.3789e-05,2.385e-05,2.3748e-05,2.3805e-05,80.46,80.8,80.4,80.58,5596000,80.46,80.8,80.4,80.58,5596000,466.34,475.72,464.88,474.13,2826500,558.46997,570.96002,557.97998,568.46002,1329800,558.46997,570.96002,557.97998,568.46002,1329800,56.66,56.03,56.9,55.82,196880.0,0.91,186.74001,195.0,186.73,193.38,76929400,611.95001,617.62,611.87,617.049988,60369800,178.96001,183.24001,178.66,182.0099945,11455900,178.96001,183.24001,178.66,182.0099945,11455900,676.59003,681.090027,676.46997,680.59003,103599500,676.59003,681.090027,676.46997,680.59003,103599500,43.34,43.7,43.32,43.54,2130700,4.151,4.126,4.157,4.124,4.151,4.126,4.157,4.124
2025-12-22,88639.87,90541.8,87846.17,88556.77,1.17175,1.17688,1.17069,1.17559,4338.52403,4443.81931,4338.17759,4433.70172,4338.52403,4443.81931,4338.17759,4433.70172,2.3781e-05,2.3861e-05,2.3748e-05,2.3837e-05,2.3781e-05,2.3861e-05,2.3748e-05,2.3837e-05,80.25,80.555,80.155,80.46,5963107,80.25,80.555,80.155,80.46,5963107,474.95999,485.019989,474.95999,483.57001,1120600,568.90002,585.28003,568.90002,584.65997,530100,568.90002,585.28003,568.90002,584.65997,530100,58.01,56.63,58.13,56.6,221580.0,2.38,195.039993,198.88,192.42999,193.98,36686000,621.34998,621.65002,617.77002,619.21002,43703100,182.86,185.87,181.75999,185.67999,3208300,182.86,185.87,181.75999,185.67999,3208300,683.94,685.35999,680.58679,684.83002,69556736,683.94,685.35999,680.58679,684.83002,69556736,43.57,43.79,43.57,43.79,2113200,4.171,4.153,4.174,4.153,4.171,4.153,4.174,4.153
2025-12-23,88555.03,88896.63,86533.86,87429.32,1.17558,1.18021,1.17528,1.17908,4433.51735,4498.40302,4431.79418,4491.60078,4433.51735,4498.40302,4431.79418,4491.60078,2.3834e-05,2.3937e-05,2.373e-05,2.3822e-05,2.3834e-05,2.3937e-05,2.373e-05,2.3822e-05,81.35,81.45,81.059998,81.14,6126600,81.35,81.45,81.059998,81.14,6126600,484.0,484.95001,481.0,482.54999,864000,585.28003,586.0,576.70001,580.059998,564700,585.28003,586.0,576.70001,580.059998,564700,58.38,57.95,58.56,57.74,183630.0,0.64,192.825,195.37,191.735,194.13,24041000,618.20001,622.40997,617.78003,622.10999,41120400,185.75,188.0,185.25999,185.75999,3354700,185.75,188.0,185.25999,185.75999,3354700,683.91998,688.20001,683.87,687.96002,64840000,683.91998,688.20001,683.87,687.96002,64840000,43.84,44.02,43.84,43.98,1633500,4.169,4.169,4.202,4.139,4.169,4.169,4.202,4.139
2025-12-24,87429.32,88001.2,86350.0,87609.03,1.17908,1.18082,1.17809,1.17849,4491.63223,4525.85005,4451.05034,4479.69441,4491.63223,4525.85005,4451.05034,4479.69441,2.3818e-05,2.395e-05,2.3732e-05,2.3767e-05,2.3818e-05,2.395e-05,2.3732e-05,2.3767e-05,80.86,81.13,80.76,81.0,1767600,80.86,81.13,80.76,81.0,1767600,485.0,491.17999,484.45001,485.75,581600,581.22998,587.28998,581.14001,582.34998,202600,581.22998,587.28998,581.14001,582.34998,202600,58.35,58.47,58.75,58.13,111760.0,-0.05,193.16,195.17,192.83,194.17,11710100,621.98999,624.28003,621.71997,623.92999,18468700,185.69,187.10001,185.5,186.38,1421700,185.69,187.10001,185.5,186.38,1421700,687.95001,690.83002,687.79999,690.38,39445600,687.95001,690.83002,687.79999,690.38,39445600,44.029999,44.11,44.0099983,44.080002,767700,4.134,4.159,4.173,4.132,4.134,4.159,4.173,4.132
2025-12-26,87171.46,89496.07,86569.53,87296.01,1.17828,1.17965,1.17623,1.17756,4479.62443,4550.78973,4476.55334,4523.58231,4479.62443,4550.78973,4476.55334,4523.58231,2.3866e-05,2.3976e-05,2.3746e-05,2.3787e-05,2.3866e-05,2.3976e-05,2.3746e-05,2.3787e-05,80.95,80.99,80.72,80.97,2340200,80.95,80.99,80.72,80.97,2340200,485.20001,487.059998,481.17999,483.029999,605700,582.71002,582.71002,575.45001,577.37,230400,582.71002,582.71002,575.45001,577.37,230400,56.74,58.35,58.88,56.65,166670.0,-2.76,195.014999,196.35001,188.62,188.71001,26262000,624.65997,625.52002,623.14001,623.89001,28959800,186.22,186.28,184.50999,185.17,1389000,186.22,186.28,184.50999,185.17,1389000,690.64001,691.65997,689.27002,690.31,41613300,690.64001,691.65997,689.27002,690.31,41613300,44.13,44.24,44.09,44.24,1392600,4.134,4.137,4.153,4.11,4.134,4.137,4.153,4.11
2025-12-29,87877.28,90325.0,86675.0,87110.78,1.17695,1.17889,1.17506,1.17674,4532.61769,4547.90835,4307.57154,4337.36579,4532.61769,4547.90835,4307.57154,4337.36579,2.376e-05,2.3919e-05,2.375e-05,2.3762e-05,2.376e-05,2.3919e-05,2.375e-05,2.3762e-05,80.97,81.13,80.78,81.089996,4629100,80.97,81.13,80.78,81.089996,4629100,483.82999,489.42999,483.29001,488.87,933400,577.91998,580.76001,576.88,577.78003,250000,577.91998,580.76001,576.88,577.78003,250000,58.08,57.04,58.3,56.91,178590.0,2.36,186.85001,187.2,183.64,184.17999,28242000,620.099976,622.78003,618.72998,620.87,32458300,185.17,185.60001,184.17999,184.42,2027200,185.17,185.60001,184.17999,184.42,2027200,687.53998,689.20001,686.070007,687.84998,62559500,687.53998,689.20001,686.070007,687.84998,62559500,43.94,44.07,43.89,44.02,1345200,4.116,4.13,4.141,4.104,4.116,4.13,4.141,4.104
2025-12-30,87110.77,89343.52,86704.98,88397.5,1.17675,1.17801,1.17459,1.17462,4337.39758,4405.82213,4325.67935,4346.71282,4337.39758,4405.82213,4325.67935,4346.71282,2.3762e-05,2.3937e-05,2.3736e-05,2.3798e-05,2.3762e-05,2.3937e-05,2.3736e-05,2.3798e-05,81.24,81.27,80.97,80.98,3748800,81.24,81.27,80.97,80.98,3748800,489.34,491.70001,487.94,488.0,996400,578.89001,580.12,574.31,574.57001,526200,578.89001,580.12,574.31,574.57001,526200,57.95,57.81,58.47,57.6,143800.0,-0.22,184.35001,184.729,180.7,180.84,23336300,619.84003,622.17999,619.21997,619.42999,31226800,184.92999,185.0,183.7,184.0099945,1812000,184.92999,185.0,183.7,184.0099945,1812000,687.45001,688.56,686.58002,687.01001,47160700,687.45001,688.56,686.58002,687.01001,47160700,44.14,44.3,44.13,44.22,2063600,4.128,4.108,4.143,4.104,4.128,4.108,4.143,4.104
2025-12-31,88397.24,89100.0,87082.64,87497.94,1.17464,1.17583,1.1721,1.17566,4346.83879,4372.76325,4279.06735,4311.26879,4346.83879,4372.76325,4279.06735,4311.26879,2.3798e-05,2.3883e-05,2.375e-05,2.3844e-05,2.3798e-05,2.3883e-05,2.375e-05,2.3844e-05,80.73,81.0,80.54,80.74,4445000,80.73,81.0,80.54,80.74,4445000,489.0,489.67999,483.51999,483.67001,669900,575.21002,577.0,570.02002,570.21002,419600,575.21002,577.0,570.02002,570.21002,419600,57.42,57.95,58.55,57.2,157160.0,-0.91,181.13,181.53,177.25,177.75,22997400,619.65002,619.96002,614.049988,614.31,40746500,184.10001,184.39999,182.64,183.39999,2644600,184.10001,184.39999,182.64,183.39999,2644600,687.14001,687.35999,681.71002,681.91998,74144800,687.14001,687.35999,681.71002,681.91998,74144800,44.17,44.17,43.92,43.98,1764600,4.153,4.13,4.171,4.104,4.153,4.13,4.171,4.104
2026-01-02,88742.0,90935.22,88272.08,89957.99,1.17442,1.17653,1.17139,1.17235,4315.0866,4402.87822,4310.36817,4319.3054,4315.0866,4402.87822,4310.36817,4319.3054,2.3832e-05,2.3848e-05,2.3739e-05,2.3817e-05,2.3832e-05,2.3848e-05,2.3739e-05,2.3817e-05,81.51,81.57,80.82,81.33,7874000,81.51,81.57,80.82,81.33,7874000,483.25,497.16,476.54001,497.070007,1126100,569.59003,585.84998,564.5,585.65997,477400,569.59003,585.84998,564.5,585.65997,477400,57.32,57.41,57.93,56.6,189500.0,-0.17,181.3,181.35001,166.35001,167.86,60634100,620.059998,622.84998,610.15002,613.12,61859200,183.5,187.27,182.17,187.25,3326300,183.5,187.27,182.17,187.25,3326300,685.71002,686.87,679.82001,683.16998,89377200,685.71002,686.87,679.82001,683.16998,89377200,44.43,44.46,44.2,44.46,2409600,4.189,4.195,4.197,4.149,4.189,4.195,4.197,4.149
2026-01-05,91489.03,94825.27,91479.28,93870.06,1.17238,1.17286,1.16597,1.1728,4330.49629,4454.41557,4329.27104,4440.26689,4330.49629,4454.41557,4329.27104,4440.26689,2.3836e-05,2.3858e-05,2.3753e-05,2.3763e-05,2.3836e-05,2.3858e-05,2.3753e-05,2.3763e-05,82.36,83.18,82.36,83.13,6465700,82.36,83.18,82.36,83.13,6465700,503.92999,515.88,503.0,511.57001,1982600,593.96002,611.37,591.20001,611.32001,941700,593.96002,611.37,591.20001,611.32001,941700,58.08,57.25,58.23,56.13,163000.0,1.33,174.88,175.82001,171.78999,174.039993,39511700,619.32001,620.81,616.71997,617.98999,46828400,187.3,190.5,186.42999,188.25999,6048800,187.3,190.5,186.42999,188.25999,6048800,686.53998,689.42999,686.38,687.71997,71927200,686.53998,689.42999,686.38,687.71997,71927200,44.39,44.84,44.29,44.81,1322700,4.163,4.191,4.195,4.148,4.163,4.191,4.195,4.148
2026-01-06,93870.06,94439.63,91203.13,93722.01,1.17278,1.17426,1.16842,1.16903,4440.19627,4493.57837,4429.30632,4481.54678,4440.19627,4493.57837,4429.30632,4481.54678,2.3763e-05,2.3892e-05,2.375e-05,2.3813e-05,2.3763e-05,2.3892e-05,2.375e-05,2.3813e-05,83.14,83.27,82.9,83.07,9209100,83.14,83.27,82.9,83.07,9209100,517.059998,538.72998,517.059998,522.039978,2813100,614.56,619.20001,606.82001,610.60999,997900,614.56,619.20001,606.82001,610.60999,997900,56.94,58.1,58.6,56.66,187860.0,-1.96,175.75999,180.19,174.77,179.71001,34838600,619.22998,624.02002,618.53998,623.41998,43137500,188.7,190.71001,187.71001,190.39999,3915000,188.7,190.71001,187.71001,190.39999,3915000,687.92999,692.32001,687.78003,691.81,69273800,687.92999,692.32001,687.78003,691.81,69273800,45.15,45.26,45.0,45.049999,2203800,4.179,4.169,4.197,4.161,4.179,4.169,4.197,4.161
2026-01-07,93722.01,93722.01,90576.24,91279.73,1.16902,1.17025,1.1674,1.16833,4481.4641,4500.4487,4425.27169,4457.24727,4481.4641,4500.4487,4425.27169,4457.24727,2.3812e-05,2.3825e-05,2.3749e-05,2.3791e-05,2.3812e-05,2.3825e-05,2.3749e-05,2.3791e-05,83.12,83.14,82.78,82.92,6011500,83.12,83.14,82.78,82.92,6011500,525.31,532.38,496.0,496.87,4084900,616.41998,617.98999,574.51001,577.01001,1674500,616.41998,617.98999,574.51001,577.01001,1674500,55.99,57.0,57.17,55.76,383130.0,-1.67,179.8,187.28,177.66,181.67999,45349000,623.039978,627.94,622.56,624.02002,44880300,191.92,193.78999,185.61,185.73,7666700,191.92,193.78999,185.61,185.73,7666700,692.19,693.96002,689.32001,689.58002,75588300,692.19,693.96002,689.32001,689.58002,75588300,44.67,44.75,44.45,44.49,1358900,4.138,4.171,4.171,4.124,4.138,4.171,4.171,4.124
2026-01-08,91279.73,91580.01,89200.0,91026.0,1.16831,1.16844,1.16424,1.16499,4457.36735,4466.13399,4407.90536,4451.55911,4457.36735,4466.13399,4407.90536,4451.55911,2.379e-05,2.3805e-05,2.3737e-05,2.374e-05,2.379e-05,2.3805e-05,2.3737e-05,2.374e-05,82.57,82.91,82.52,82.86,5791200,82.57,82.91,82.52,82.86,5791200,531.89001,542.87,513.01001,518.44,4108800,617.88,638.84003,585.95001,590.78998,3608000,617.88,638.84003,585.95001,590.78998,3608000,57.76,56.42,58.74,55.97,334130.0,3.16,185.61501,185.66,174.37,176.86,47304300,623.030029,623.41998,617.79999,620.46997,50435900,191.029999,196.7,184.89999,187.17,9773400,191.029999,196.7,184.89999,187.17,9773400,688.82001,690.62,687.48999,689.51001,64019200,688.82001,690.62,687.48999,689.51001,64019200,44.39,44.64,44.34,44.6,2080000,4.183,4.153,4.187,4.132,4.183,4.153,4.187,4.132
2026-01-09,91024.01,91944.52,89583.58,90515.45,1.16498,1.1663,1.16191,1.1635,4451.60002,4515.83105,4451.56766,4499.75264,4451.60002,4515.83105,4451.56766,4499.75264,2.3739e-05,2.378e-05,1.0001e-06,1.0017e-06,2.3739e-05,2.378e-05,1.0001e-06,1.0017e-06,84.14,84.92,84.07,84.61,7885300,84.14,84.92,84.07,84.61,7885300,525.88,546.070007,525.88,542.91998,2647700,590.67999,619.78998,590.67999,618.82001,1449800,590.67999,619.78998,590.67999,618.82001,1449800,59.12,58.4,59.77,57.61,360310.0,2.35,177.020004,178.72,174.75,177.49001,31362900,621.40997,627.89001,619.059998,626.65002,49688700,186.029999,189.089996,184.37,188.5,7593600,186.029999,189.089996,184.37,188.5,7593600,690.63,695.31,689.17999,694.070007,80125500,690.63,695.31,689.17999,694.070007,80125500,44.69,44.83,44.65,44.79,1316000,4.171,4.169,4.211,4.159,4.171,4.169,4.211,4.159
2026-01-12,90878.51,92406.3,90003.46,91188.09,1.16368,1.16984,1.16226,1.16727,4509.80434,4631.59455,4509.22139,4611.33102,4509.80434,4631.59455,4509.22139,4611.33102,1.0005e-06,1.0048e-06,9.6776e-07,1.0015e-06,1.0005e-06,1.0048e-06,9.6776e-07,1.0015e-06,84.95,85.3,84.93,85.29,6171000,84.95,85.3,84.93,85.29,6171000,548.96002,554.27002,540.31,551.23999,2970000,623.63,635.76001,623.38,629.32001,1262600,623.63,635.76001,623.38,629.32001,1262600,59.32,58.89,59.72,58.32,282480.0,0.34,177.685,182.5,176.34,179.41,34954500,622.31,628.84998,622.26001,627.16998,37388700,189.71001,194.029999,189.41,193.85001,5392000,189.71001,194.029999,189.41,193.85001,5392000,690.67999,696.090027,690.63,695.15997,63976000,690.67999,696.090027,690.63,695.15997,63976000,44.98,45.09,44.9,45.09,1478500,4.187,4.185,4.207,4.169,4.187,4.185,4.207,4.169
2026-01-13,91188.08,96250.0,90925.17,95384.23,1.16725,1.16757,1.16357,1.16496,4611.36907,4632.91936,4574.39161,4597.7796,4611.36907,4632.91936,4574.39161,4597.7796,1.0015e-06,1.0022e-06,9.9937e-07,1.0005e-06,1.0015e-06,1.0022e-06,9.9937e-07,1.0005e-06,84.7,84.79,84.29,84.45,5177300,84.7,84.79,84.29,84.45,5177300,560.02002,563.29999,550.84003,558.29999,2013000,639.15997,639.78998,619.67999,625.5,1153800,639.15997,639.78998,619.67999,625.5,1153800,60.93,59.75,61.23,59.29,410800.0,2.71,178.875,181.10001,176.14,178.96001,27769400,627.27002,629.46997,623.70001,626.23999,44481400,195.62,197.55,193.0,194.080002,5852300,195.62,197.55,193.0,194.080002,5852300,695.48999,696.090027,691.34998,693.77002,78309700,695.48999,696.090027,691.34998,693.77002,78309700,45.02,45.02,44.78,44.98,1465600,4.171,4.175,4.201,4.156,4.171,4.175,4.201,4.156
2026-01-14,95385.59,97963.62,94518.63,96955.16,1.16494,1.16619,1.16361,1.16374,4597.55208,4641.32613,4571.4012,4639.42556,4597.55208,4641.32613,4571.4012,4639.42556,1.0004e-06,1.0008e-06,9.3371e-07,9.3442e-07,1.0004e-06,1.0008e-06,9.3371e-07,9.3442e-07,85.080002,85.34,84.91,85.040001,7046000,85.080002,85.34,84.91,85.040001,7046000,556.98999,578.039978,556.12,572.70001,2643100,625.0,654.52002,624.85999,653.14001,1480900,625.0,654.52002,624.85999,653.14001,1480900,62.02,61.12,62.36,59.19,410260.0,1.79,178.125,181.59801,173.95,178.39999,33651400,622.23999,623.45001,614.56,619.54999,72598700,194.84,198.87,193.38,198.84,5249700,194.84,198.87,193.38,198.84,5249700,691.0,691.71997,686.039978,690.35999,94676700,691.0,691.71997,686.039978,690.35999,94676700,45.13,45.28,45.040001,45.28,3011000,4.14,4.181,4.183,4.13,4.14,4.181,4.183,4.13
2026-01-15,96954.02,97176.42,95066.19,95587.65,1.16372,1.16476,1.15935,1.16138,4639.51866,4641.81025,4581.64955,4615.51073,4639.51866,4641.81025,4581.64955,4615.51073,9.343e-07,9.4063e-07,9.3381e-07,9.3985e-07,9.343e-07,9.4063e-07,9.3381e-07,9.3985e-07,85.9,86.0,85.39,85.42,5601600,85.9,86.0,85.39,85.42,5601600,568.65997,579.59998,559.72998,577.89001,1763400,640.37,658.40997,632.97998,654.60999,965600,640.37,658.40997,632.97998,654.60999,965600,59.19,61.06,61.14,58.88,113640.0,-4.56,178.71001,180.60001,176.53,177.070007,31109200,626.59998,630.0,620.75,621.78003,53934900,198.95,200.31,196.66,199.83,3657400,198.95,200.31,196.66,199.83,3657400,694.57001,695.45001,691.25,692.23999,77862000,694.57001,695.45001,691.25,692.23999,77862000,45.13,45.21,45.02,45.09,1290500,4.16,4.138,4.175,4.132,4.16,4.138,4.175,4.132
2026-01-16,95578.2,95830.49,94229.04,95504.0,1.16136,1.16275,1.15851,1.15968,4615.42757,4620.35762,4533.25987,4590.58565,4615.42757,4620.35762,4533.25987,4590.58565,9.3982e-07,9.4047e-07,9.3642e-07,9.376e-07,9.3982e-07,9.4047e-07,9.3642e-07,9.376e-07,85.54,85.61,85.26,85.48,4181200,85.54,85.61,85.26,85.48,4181200,578.21002,582.92999,577.41998,582.42999,2375700,657.59998,669.67999,657.26001,666.90002,968900,657.59998,669.67999,657.26001,666.90002,968900,59.44,59.26,60.18,58.94,113790.0,0.42,179.36,182.42999,170.0099945,170.96001,59483600,625.5,626.080017,618.88,621.26001,61058100,200.089996,202.17,199.58,201.92,4825900,200.089996,202.17,199.58,201.92,4825900,693.65997,694.25,690.099976,691.65997,79289200,693.65997,694.25,690.099976,691.65997,79289200,45.22,45.24,45.0,45.18,1284800,4.231,4.171,4.233,4.163,4.231,4.171,4.233,4.163
2026-01-20,92559.65,92807.99,87767.53,88310.6,1.16432,1.1749,1.16324,1.17133,4670.79201,4767.45217,4660.31632,4760.79846,4670.79201,4767.45217,4660.31632,4760.79846,9.3325e-07,9.4038e-07,9.3071e-07,9.3447e-07,9.3325e-07,9.4038e-07,9.3071e-07,9.3447e-07,83.83,84.32,83.6,83.72,9402500,83.83,84.32,83.6,83.72,9402500,580.0,586.84998,573.39001,576.059998,1521900,665.92999,674.75,653.02002,657.29999,1000500,665.92999,674.75,653.02002,657.29999,1000500,60.34,59.01,60.68,58.7,31290.0,1.6,167.625,171.97,166.24001,168.53,36708500,610.53003,615.059998,607.049988,608.059998,81988900,200.64999,203.029999,196.10001,196.36,6048000,200.64999,203.029999,196.10001,196.36,6048000,681.48999,684.77002,676.57001,677.58002,111623300,681.48999,684.77002,676.57001,677.58002,111623300,44.7,44.96,44.66,44.7,1480200,4.295,4.259,4.313,4.249,4.295,4.259,4.313,4.249
2026-01-21,88310.6,90500.0,87156.0,89363.71,1.17131,1.17433,1.16781,1.16913,4760.69265,4885.77139,4747.79286,4780.28158,4760.69265,4885.77139,4747.79286,4780.28158,9.3453e-07,9.363e-07,9.319e-07,9.332e-07,9.3453e-07,9.363e-07,9.319e-07,9.332e-07,84.21,85.0,84.050003,84.78,12139300,84.21,85.0,84.050003,84.78,12139300,576.059998,588.96997,576.059998,586.22998,1817700,658.96997,669.63,654.65997,664.15997,1011100,658.96997,669.63,654.65997,664.15997,1011100,60.62,59.57,60.89,59.22,333060.0,0.46,168.40199,169.49001,161.11,165.33,47851200,609.46997,620.41998,607.85999,616.28003,79837900,197.60001,198.3,195.58,197.5,5463400,197.60001,198.3,195.58,197.5,5463400,679.65002,688.73999,678.13,685.40002,127844500,679.65002,688.73999,678.13,685.40002,127844500,44.85,45.22,44.71,45.16,2211100,4.253,4.287,4.301,4.245,4.253,4.287,4.301,4.245
2026-01-22,89363.71,90273.35,88408.65,89463.5,1.16911,1.17503,1.16701,1.17443,4780.26923,4923.18891,4775.0818,4911.86931,4780.26923,4923.18891,4775.0818,4911.86931,9.3312e-07,9.3696e-07,9.2984e-07,9.2987e-07,9.3312e-07,9.3696e-07,9.2984e-07,9.2987e-07,84.85,85.059998,84.67,84.86,5129800,84.85,85.059998,84.67,84.86,5129800,585.17999,595.95001,582.5,593.90997,1493600,661.17999,671.099976,660.0,670.44,601900,661.17999,671.099976,660.0,670.44,601900,59.36,60.68,60.82,58.96,324350.0,-2.08,168.925,169.0,164.95,165.89999,28499500,622.34998,622.46002,617.78003,620.76001,42254800,198.99001,198.99001,195.81,196.34,4075000,198.99001,198.99001,195.81,196.34,4075000,689.84998,691.13,686.91998,688.97998,77112200,689.84998,691.13,686.91998,688.97998,77112200,45.07,45.18,44.93,45.07,1269800,4.251,4.241,4.277,4.233,4.251,4.241,4.277,4.233
2026-01-23,89463.51,91147.01,88440.65,89474.93,1.1744,1.1814,1.17288,1.18126,4911.87195,4990.21326,4902.18615,4984.67331,4911.87195,4990.21326,4902.18615,4984.67331,9.2976e-07,9.3234e-07,9.2826e-07,9.3125e-07,9.2976e-07,9.3234e-07,9.2826e-07,9.3125e-07,84.07,84.82,83.94,84.56,13051000,84.07,84.82,83.94,84.56,13051000,594.64001,596.22998,586.01001,590.82001,1271700,674.20001,677.29999,668.51001,672.95001,597600,674.20001,677.29999,668.51001,672.95001,597600,61.07,59.66,61.36,59.52,283420.0,2.88,167.27,172.0,166.3,169.60001,30285700,619.72998,625.40002,618.65002,622.71997,43645800,196.85001,197.58,195.0,195.92999,5113100,196.85001,197.58,195.0,195.92999,5113100,688.15002,690.96002,687.15997,689.22998,63059600,688.15002,690.96002,687.15997,689.22998,63059600,45.31,45.64,45.17,45.57,2639500,4.239,4.247,4.263,4.227,4.239,4.247,4.263,4.227
2026-01-26,86561.94,88787.97,86411.7,88250.01,1.1854,1.19084,1.18356,1.18798,4982.40644,5108.49956,4979.13611,5029.16284,4982.40644,5108.49956,4979.13611,5029.16284,9.2823e-07,9.3243e-07,9.2714e-07,9.2826e-07,9.2823e-07,9.3243e-07,9.2714e-07,9.2826e-07,85.12,85.26,84.62,84.63,12120800,85.12,85.26,84.62,84.63,12120800,590.0,590.40002,575.63,581.65997,1460500,670.0,671.45001,659.10999,660.96997,1024600,670.0,671.45001,659.10999,660.96997,1024600,60.63,61.22,61.71,60.32,281060.0,-0.72,168.21001,170.59,167.325,167.47,22777200,623.21002,627.60999,622.12,625.46002,35983000,195.25,195.89,193.5,194.13,6680600,195.25,195.89,193.5,194.13,6680600,690.48999,694.13,689.91998,692.72998,60473800,690.48999,694.13,689.91998,692.72998,60473800,45.82,45.97,45.79,45.83,1380000,4.211,4.219,4.229,4.2,4.211,4.219,4.229,4.2
2026-01-27,88250.0,89447.21,87180.01,89116.96,1.18794,1.19908,1.1851,1.19773,5029.23113,5102.59816,4999.05307,5099.19537,5029.23113,5102.59816,4999.05307,5099.19537,9.2816e-07,9.3112e-07,9.2104e-07,9.2211e-07,9.2816e-07,9.3112e-07,9.2104e-07,9.2211e-07,85.47,85.97,85.44,85.84,14767500,85.47,85.97,85.44,85.84,14767500,580.0,595.87,573.82001,594.95001,1710700,649.65002,683.01001,636.0,678.73999,1363400,649.65002,683.01001,636.0,678.73999,1363400,62.39,60.78,62.63,60.14,360210.0,2.9,167.48,169.44,164.69,165.7,26542300,628.90997,632.039978,627.34003,631.13,38997200,199.50999,202.2,195.44,201.28,10134500,199.50999,202.2,195.44,201.28,10134500,694.17999,696.53003,693.57001,695.48999,55506100,694.17999,696.53003,693.57001,695.48999,55506100,46.28,46.55,46.24,46.5,1581600,4.223,4.217,4.249,4.207,4.223,4.217,4.249,4.207
2026-01-28,89116.96,90476.81,88706.32,89162.4,1.19771,1.20656,1.18966,1.19407,5099.1982,5329.23026,5098.86184,5327.17903,5099.1982,5329.23026,5098.86184,5327.17903,9.2214e-07,9.2705e-07,9.1761e-07,9.1887e-07,9.2214e-07,9.2705e-07,9.1761e-07,9.1887e-07,85.059998,85.27,84.79,85.21,9157700,85.059998,85.27,84.79,85.21,9157700,592.90002,599.32001,583.0,597.27002,1324000,674.46002,690.73999,664.0,689.13,1222400,674.46002,690.73999,664.0,689.13,1222400,63.21,62.58,63.57,62.07,354860.0,1.31,164.39999,165.044998,157.24001,157.35001,44822800,635.46002,636.59998,631.81,633.21997,50691700,201.28,205.36,198.55,199.46001,6826500,201.28,205.36,198.55,199.46001,6826500,697.049988,697.84003,693.94,695.41998,61172200,697.049988,697.84003,693.94,695.41998,61172200,46.19,46.3,45.99,46.24,1332100,4.251,4.239,4.273,4.227,4.251,4.239,4.273,4.227
2026-01-29,89162.4,89210.16,83216.21,84513.2,1.19402,1.19941,1.19073,1.19525,5326.98804,5597.22988,5122.5375,5310.53137,5326.98804,5597.22988,5122.5375,5310.53137,9.1888e-07,9.2144e-07,9.1729e-07,9.1833e-07,9.1888e-07,9.2144e-07,9.1729e-07,9.1833e-07,86.13,86.31,84.84,86.089996,13444000,86.13,86.31,84.84,86.089996,13444000,609.23999,645.66998,607.56,622.51001,3931900,695.45001,705.45001,686.049988,695.34998,1064200,695.45001,705.45001,686.049988,695.34998,1064200,65.42,63.5,66.48,63.28,560010.0,3.5,157.63,157.63,147.12,151.86,59846800,632.65002,633.66998,618.27002,629.42999,79944000,200.92999,203.24001,198.0099945,199.88,8870800,200.92999,203.24001,198.0099945,199.88,8870800,696.39001,697.059998,684.83002,694.039978,97486200,696.39001,697.059998,684.83002,694.039978,97486200,46.84,46.89,46.16,46.44,1819800,4.227,4.235,4.273,4.223,4.227,4.235,4.273,4.223
2026-01-30,84513.19,84599.0,81000.12,84110.99,1.19524,1.19744,1.18533,1.18686,5308.49315,5451.71009,4706.06585,4940.66781,5308.49315,5451.71009,4706.06585,4940.66781,9.1828e-07,9.1957e-07,8.8763e-07,8.9337e-07,9.1828e-07,9.1957e-07,8.8763e-07,8.9337e-07,85.97,86.17,85.4,85.72,7254100,85.97,86.17,85.4,85.72,7254100,621.0,641.19,615.51001,634.21997,2099600,688.0,697.66998,681.099976,692.26001,953100,688.0,697.66998,681.099976,692.26001,953100,65.21,65.52,66.11,63.64,449330.0,-0.32,150.050003,151.0,145.13901,146.59,47271000,625.71002,628.26001,619.29999,621.87,65650700,198.37,201.42999,197.60001,200.92999,7228400,198.37,201.42999,197.60001,200.92999,7228400,691.78998,694.21002,687.12,691.96997,101835100,691.78998,694.21002,687.12,691.96997,101835100,46.28,46.41,45.89,46.16,1839300,4.241,4.243,4.279,4.234,4.241,4.243,4.279,4.234
2026-02-02,76895.99,79339.0,74502.21,78666.85,1.18534,1.18745,1.17758,1.17897,4865.35405,4879.10052,4410.8453,4687.13788,4865.35405,4879.10052,4410.8453,4687.13788,8.7934e-07,8.9776e-07,8.6078e-07,8.6138e-07,8.7934e-07,8.9776e-07,8.6078e-07,8.6138e-07,85.33,86.010002,85.080002,85.89,7060300,85.33,86.010002,85.080002,85.89,7060300,620.0,640.97998,615.17999,636.0,1967800,685.0,690.46997,675.40002,685.02002,1180100,685.0,690.46997,675.40002,685.02002,1180100,62.14,64.72,64.74,61.39,414080.0,-4.71,150.94,151.39999,146.65401,147.75999,72811100,618.70001,628.48999,618.65997,626.14001,49020300,199.99001,201.66,197.0,201.089996,6239900,199.99001,201.66,197.0,201.089996,6239900,689.58002,696.92999,689.41998,695.40997,79286500,689.58002,696.92999,689.41998,695.40997,79286500,46.41,46.66,46.31,46.54,2985600,4.277,4.243,4.285,4.212,4.277,4.243,4.285,4.212
2026-02-03,78666.84,79123.75,72859.0,75661.49,1.17899,1.18282,1.178,1.18154,4685.64115,4993.13125,4647.23171,4926.47711,4685.64115,4993.13125,4647.23171,4926.47711,8.6121e-07,8.7467e-07,8.4891e-07,8.6622e-07,8.6121e-07,8.7467e-07,8.4891e-07,8.6622e-07,86.32,86.74,85.92,86.68,12779800,86.32,86.74,85.92,86.68,12779800,640.0,646.59003,618.45001,628.26001,2300700,694.20001,707.65997,685.5,704.97998,942500,694.20001,707.65997,685.5,704.97998,942500,63.21,62.28,64.21,61.12,381140.0,1.72,165.050003,165.078003,153.12,157.88,113169200,628.29999,629.97998,610.96002,616.52002,81234000,201.78999,204.87,200.64999,203.5,8457300,201.78999,204.87,200.64999,203.5,8457300,696.21002,696.96002,684.030029,689.53003,107904600,696.21002,696.96002,684.030029,689.53003,107904600,46.099998,46.6,46.09,46.47,3315500,4.273,4.275,4.299,4.264,4.273,4.275,4.299,4.264
2026-02-04,75661.49,76876.54,71703.72,72998.0,1.18156,1.18375,1.17918,1.18095,4926.18518,5090.97076,4863.23494,4941.50845,4926.18518,5090.97076,4863.23494,4941.50845,8.6622e-07,8.7767e-07,8.6372e-07,8.6499e-07,8.6622e-07,8.7767e-07,8.6372e-07,8.6499e-07,87.67,88.24,87.19,87.49,11696700,87.67,88.24,87.19,87.49,11696700,630.82001,632.049988,596.22998,602.76001,2654800,705.75,709.39001,677.39001,689.75,1732000,705.75,709.39001,677.39001,689.75,1732000,65.14,63.8,65.53,62.86,446590.0,3.05,155.41,155.85001,135.67999,139.53999,113199500,615.02002,615.099976,600.46997,605.75,81850700,205.5,206.48,194.33,196.74001,11411500,205.5,206.48,194.33,196.74001,11411500,690.34998,691.45001,681.76001,686.19,105204600,690.34998,691.45001,681.76001,686.19,105204600,47.28,47.32,46.74,47.049999,5841400,4.278,4.267,4.29,4.261,4.278,4.267,4.29,4.261
2026-02-05,72999.0,73173.96,62181.65,62791.0,1.18093,1.1821,1.1781,1.17946,4941.44978,5024.78529,4798.77728,4831.82164,4941.44978,5024.78529,4798.77728,4831.82164,8.6498e-07,8.7304e-07,8.4051e-07,8.4595e-07,8.6498e-07,8.7304e-07,8.4051e-07,8.4595e-07,86.33,86.76,86.019997,86.099998,9245200,86.33,86.76,86.019997,86.099998,9245200,602.72998,614.0,595.0,609.17999,1684400,680.25,704.17999,679.0,696.5,845300,680.25,704.17999,679.0,696.5,845300,63.29,64.49,64.67,62.65,389760.0,-2.84,136.82001,137.98,128.32001,130.0099945,93690800,600.21002,604.81,594.76001,597.030029,89354500,196.23,199.67999,194.53,195.97,5538300,196.23,199.67999,194.53,195.97,5538300,680.94,683.69,675.78998,677.62,113610800,680.94,683.69,675.78998,677.62,113610800,46.24,46.5,45.91,45.94,3636400,4.21,4.28,4.282,4.182,4.21,4.28,4.282,4.182
2026-02-06,62788.28,71707.18,60001.0,70527.7,1.17946,1.18255,1.17673,1.18195,4830.27158,4972.30477,4654.91557,4957.75097,4830.27158,4972.30477,4654.91557,4957.75097,8.4595e-07,8.4751e-07,8.2711e-07,8.2762e-07,8.4595e-07,8.4751e-07,8.2711e-07,8.2762e-07,88.77,89.47,88.58,89.4,7409000,88.77,89.47,88.58,89.4,7409000,614.59003,624.090027,611.20001,623.58002,1095800,702.0,711.88,699.53003,709.10999,634800,702.0,711.88,699.53003,709.10999,634800,63.55,63.1,64.58,62.2,448920.0,0.41,135.33,137.687,132.35001,135.89999,62661400,600.19,611.40997,598.77002,609.65002,78019300,196.96001,200.85001,196.96001,198.66,4350900,196.96001,200.85001,196.96001,198.66,4350900,681.46002,692.31,680.84998,690.62,89127600,681.46002,692.31,680.84998,690.62,89127600,46.5,46.91,46.46,46.9,1701600,4.206,4.168,4.224,4.156,4.206,4.168,4.224,4.156
2026-02-09,70279.32,71380.13,68233.01,70101.99,1.18145,1.19262,1.18098,1.19201,5010.62241,5093.76098,4971.92857,5074.62168,5010.62241,5093.76098,4971.92857,5074.62168,8.28289e-07,8.28289e-07,8.23422e-07,8.2572e-07,8.28289e-07,8.28289e-07,8.23422e-07,8.2572e-07,90.3,91.48,90.2,91.29,9877600,90.3,91.48,90.2,91.29,9877600,625.28003,638.96997,625.01001,638.28998,1589800,712.15002,715.60999,698.0,698.02002,693900,712.15002,715.60999,698.0,698.02002,693900,64.2,62.81,64.64,62.44,195240.0,1.02,136.58,145.87,134.776,142.91,58042500,607.53998,616.46002,605.070007,614.32001,56797600,198.5,200.0,195.99001,196.19,4615200,198.5,200.0,195.99001,196.19,4615200,689.41998,695.87,688.34003,693.95001,73885200,689.41998,695.87,688.34003,693.95001,73885200,46.64,47.080002,46.54,47.02,2025000,4.198,4.224,4.25,4.196,4.198,4.224,4.25,4.196
2026-02-10,70101.98,70489.99,67857.0,68803.65,1.19198,1.19271,1.18879,1.19017,5074.60676,5084.15262,5002.86032,5028.8494,5074.60676,5084.15262,5002.86032,5028.8494,8.2573e-07,8.3132e-07,7.9752e-07,8.0092e-07,8.2573e-07,8.3132e-07,7.9752e-07,8.0092e-07,93.2,93.57,92.97,93.099998,21601700,93.2,93.57,92.97,93.099998,21601700,637.46997,638.28998,626.51001,629.56,1211600,702.32001,702.32001,684.37,685.0,956100,702.32001,702.32001,684.37,685.0,956100,63.79,64.26,64.53,63.5,176500.0,-0.64,144.965,145.56,137.77,139.50999,56061300,615.31,617.02002,611.01001,611.46997,53938900,195.029999,196.41,193.080002,195.19,5501500,195.029999,196.41,193.080002,195.19,5501500,694.95001,696.53998,691.65997,692.12,65185700,694.95001,696.53998,691.65997,692.12,65185700,46.89,46.95,46.71,46.74,2342700,4.145,4.202,4.204,4.135,4.145,4.202,4.204,4.135
2026-02-11,68803.65,69248.0,65702.95,67024.93,1.19015,1.19268,1.18387,1.18801,5028.88591,5115.80964,5021.08147,5080.6557,5028.88591,5115.80964,5021.08147,5080.6557,8.0085e-07,8.1025e-07,7.8329e-07,7.8802e-07,8.0085e-07,8.1025e-07,7.8329e-07,7.8802e-07,93.91,94.2,93.22,93.97,12280200,93.91,94.2,93.22,93.97,12280200,631.22998,633.59003,621.67999,628.70001,1024600,682.34003,688.10999,674.75,678.83002,865000,682.34003,688.10999,674.75,678.83002,865000,64.46,63.99,65.61,63.97,240970.0,1.05,139.024994,139.25,132.95,135.67999,52796100,616.38,617.52002,607.69,613.10999,58575100,195.58,198.83,195.050003,196.50999,6784100,195.58,198.83,195.050003,196.50999,6784100,696.39001,697.14001,689.17999,691.96002,76353900,696.39001,697.14001,689.17999,691.96002,76353900,47.23,47.52,47.080002,47.43,1942800,4.172,4.137,4.206,4.125,4.172,4.137,4.206,4.125
2026-02-12,67032.71,68382.9,65065.47,66208.0,1.18799,1.18897,1.18535,1.18702,5080.93854,5101.36263,4891.22479,4945.1794,5080.93854,5101.36263,4891.22479,4945.1794,7.88e-07,8.0402e-07,7.8206e-07,7.831e-07,7.88e-07,8.0402e-07,7.8206e-07,7.831e-07,94.0,94.28,93.14,93.37,10269700,94.0,94.28,93.14,93.37,10269700,630.0,644.25,630.0,637.42999,1745600,680.75,696.71997,679.91998,695.059998,887400,680.75,696.71997,679.91998,695.059998,887400,62.65,64.71,64.93,62.23,251470.0,-2.81,135.36,135.89,126.56,129.13,74090600,614.71002,615.81,599.57001,600.64001,81378900,197.0,201.88,197.0,201.14,6738600,197.0,201.88,197.0,201.14,6738600,694.23999,695.34998,680.37,681.27002,118829000,694.23999,695.34998,680.37,681.27002,118829000,47.32,47.39,46.76,47.0099983,2060500,4.104,4.185,4.189,4.098,4.104,4.185,4.189,4.098
2026-02-13,66207.99,69434.2,65799.71,68812.0,1.18701,1.18862,1.18485,1.18672,4944.9452,5045.31285,4892.56375,5029.89519,4944.9452,5045.31285,4892.56375,5029.89519,7.8307e-07,7.8797e-07,7.804e-07,7.8136e-07,7.8307e-07,7.8797e-07,7.804e-07,7.8136e-07,93.66,93.94,92.91,93.85,11219200,93.66,93.94,92.91,93.85,11219200,639.0,656.34003,639.0,652.58002,1490800,696.79999,709.0,696.26001,702.57001,676200,696.79999,709.0,696.26001,702.57001,676200,62.75,62.81,63.09,62.0,208190.0,0.16,127.9,133.56,126.233,131.41,49438100,600.42999,606.47998,596.41998,601.91998,69237500,201.14,203.7,198.53,200.059998,4939000,201.14,203.7,198.53,200.059998,4939000,681.69,686.28003,677.52002,681.75,96267500,681.69,686.28003,677.52002,681.75,96267500,46.92,47.28,46.82,47.25,1659200,4.056,4.098,4.127,4.046,4.056,4.098,4.127,4.046
2026-02-17,68859.55,69199.51,66569.58,67466.7,1.18541,1.18558,1.18058,1.18483,4992.35719,4999.41567,4853.25576,4881.25215,4992.35719,4999.41567,4853.25576,4881.25215,7.8019e-07,7.8101e-07,7.791e-07,7.7982e-07,7.8019e-07,7.8101e-07,7.791e-07,7.7982e-07,91.41,92.07,90.87,91.87,21815200,91.41,92.07,90.87,91.87,21815200,653.0,656.21997,642.0,649.58002,1169600,702.56,708.0,698.72998,701.12,614500,702.56,708.0,698.72998,701.12,614500,62.33,63.3,64.14,61.87,328730.0,-1.95,128.895,134.32001,127.29,133.020004,48407100,598.38,603.95001,593.34003,601.29999,69013800,200.0,205.64,198.85001,203.5,6057800,200.0,205.64,198.85001,203.5,6057800,680.14001,684.94,675.78003,682.84998,81354700,680.14001,684.94,675.78003,682.84998,81354700,47.07,47.53,46.88,47.42,1856100,4.054,4.044,4.062,4.018,4.054,4.044,4.062,4.018
2026-02-18,67466.7,68438.84,65812.57,66419.79,1.18483,1.1858,1.17836,1.1787,4881.2785,5008.54216,4856.71848,4980.67537,4881.2785,5008.54216,4856.71848,4980.67537,7.7988e-07,7.813e-07,7.7471e-07,7.7653e-07,7.7988e-07,7.813e-07,7.7471e-07,7.7653e-07,91.55,92.019997,91.27,91.38,9336300,91.55,92.019997,91.27,91.38,9336300,657.16998,660.54999,647.19,649.81,1350300,709.96997,725.54999,702.48999,724.83002,1194600,709.96997,725.54999,702.48999,724.83002,1194600,65.19,62.3,65.56,62.12,115380.0,4.59,135.89,140.963,134.87,135.38,59677100,602.10999,609.77002,600.71997,605.78998,64250700,205.50999,206.0099945,202.81,204.81,6395700,205.50999,206.0099945,202.81,204.81,6395700,684.02002,689.15002,682.83002,686.28998,73570300,684.02002,689.15002,682.83002,686.28998,73570300,47.9,48.060001,47.71,47.88,2191700,4.081,4.058,4.088,4.048,4.081,4.058,4.088,4.048
2026-02-19,66419.78,67288.22,65604.63,66972.5,1.1787,1.18079,1.17428,1.17636,4980.59213,5022.36806,4960.9654,4987.51618,4980.59213,5022.36806,4960.9654,4987.51618,7.7663e-07,7.7929e-07,7.7456e-07,7.7816e-07,7.7663e-07,7.7929e-07,7.7456e-07,7.7816e-07,90.83,91.22,90.67,91.2,10448700,90.83,91.22,90.67,91.2,10448700,656.5,669.75,655.5,666.51001,1370300,727.26001,745.54999,727.26001,736.87,1008400,727.26001,745.54999,727.26001,736.87,1008400,66.43,65.1,66.9,64.88,113410.0,1.9,132.31,136.16,131.0099945,134.89,42197200,602.81,605.82001,600.75,603.46997,60960800,204.17,206.73,201.53999,205.41,6128400,204.17,206.73,201.53999,205.41,6128400,683.84003,686.17999,681.54999,684.47998,58649400,683.84003,686.17999,681.54999,684.47998,58649400,47.37,47.68,47.28,47.68,2153800,4.075,4.083,4.108,4.065,4.075,4.083,4.108,4.065
2026-02-20,66972.49,68294.86,66427.23,67984.42,1.17636,1.18064,1.17448,1.1781,4987.7054,5079.5811,4980.29089,5079.40187,4987.7054,5079.5811,4980.29089,5079.40187,7.7819e-07,7.7945e-07,7.7696e-07,7.7862e-07,7.7819e-07,7.7945e-07,7.7696e-07,7.7862e-07,90.4,91.57,90.33,91.47,10905700,90.4,91.57,90.33,91.47,10905700,666.77002,668.25,648.40997,658.26001,1447700,735.0,737.75,718.01001,723.56,744100,735.0,737.75,718.01001,723.56,744100,66.39,66.67,67.05,65.94,27420.0,-0.06,132.36501,136.21001,131.17,135.24001,53726800,600.12,610.34998,599.22998,608.81,74127300,205.49001,206.36,203.020004,204.92,10300800,205.49001,206.36,203.020004,204.92,10300800,682.32001,690.059998,681.72998,689.42999,100034000,682.32001,690.059998,681.72998,689.42999,100034000,47.78,48.16,47.72,48.040001,1812200,4.085,4.075,4.106,4.058,4.085,4.075,4.106,4.058
2026-02-23,67616.01,67656.42,63855.0,64625.78,1.17866,1.18375,1.17752,1.17914,5098.50048,5219.46186,5098.189,5215.65797,5098.50048,5219.46186,5098.189,5215.65797,7.7893e-07,7.8022e-07,7.7173e-07,7.7597e-07,7.7893e-07,7.8022e-07,7.7173e-07,7.7597e-07,91.64,92.089996,91.18,91.39,7862000,91.64,92.089996,91.18,91.39,7862000,655.62,663.27002,653.69,660.62,1196100,721.26001,731.45001,719.41998,725.39001,567200,721.26001,731.45001,719.41998,725.39001,567200,66.31,65.89,67.28,65.38,270370.0,-0.12,132.039993,132.039993,127.39,130.60001,52512200,606.60999,608.01001,599.049988,601.40997,63859100,203.97,204.89999,201.74001,201.92,4557300,203.97,204.89999,201.74001,201.92,4557300,687.83002,690.0,680.37,682.39001,90558100,687.83002,690.0,680.37,682.39001,90558100,48.0,48.21,47.75,47.89,1780500,4.027,4.075,4.083,4.017,4.027,4.075,4.083,4.017
2026-02-24,64625.78,64988.32,62534.61,64068.33,1.17914,1.17963,1.17671,1.17794,5215.69065,5250.6274,5100.79752,5154.62888,5215.69065,5250.6274,5100.79752,5154.62888,7.7581e-07,7.7802e-07,7.7152e-07,7.7365e-07,7.7581e-07,7.7802e-07,7.7152e-07,7.7365e-07,90.52,91.44,90.37,91.23,8912900,90.52,91.44,90.37,91.23,8912900,658.28998,669.099976,652.57001,664.42999,1361500,726.56,734.58002,710.46997,727.72998,735000,726.56,734.58002,710.46997,727.72998,735000,65.63,66.31,67.15,65.55,312120.0,-1.03,129.0050049,130.24001,126.37,128.84,47121400,602.40002,608.98999,599.72998,607.87,55023700,200.0,200.71001,197.0,198.46001,10157300,200.0,200.71001,197.0,198.46001,10157300,681.90002,688.34998,680.0,687.34998,73798700,681.90002,688.34998,680.0,687.34998,73798700,47.86,48.099998,47.86,47.98,1506000,4.033,4.035,4.048,4.023,4.033,4.035,4.048,4.023
2026-02-25,64068.33,70020.0,63912.25,67992.68,1.17794,1.18147,1.17712,1.18073,5154.62929,5218.1188,5123.07465,5205.26524,5154.62929,5218.1188,5123.07465,5205.26524,7.736e-07,7.7563e-07,7.6222e-07,7.6462e-07,7.736e-07,7.7563e-07,7.6222e-07,7.6462e-07,92.019997,92.57,91.89,92.44,6061200,92.019997,92.57,91.89,92.44,6061200,662.44,663.54999,634.039978,647.5,1664400,727.40002,728.5,691.030029,703.65002,1634900,727.40002,728.5,691.030029,703.65002,1634900,65.42,66.07,66.6,65.12,306780.0,-0.32,130.61,136.089996,129.17999,134.19,53078300,611.070007,616.83002,611.0,616.67999,55710700,198.46001,198.75999,192.62,195.98,6891800,198.46001,198.75999,192.62,195.98,6891800,690.17999,693.67999,690.099976,693.15002,56369500,690.17999,693.67999,690.099976,693.15002,56369500,48.35,48.73,48.29,48.66,3014100,4.048,4.035,4.06,4.031,4.048,4.035,4.06,4.031
2026-02-26,67992.68,68866.86,66500.92,67490.51,1.18073,1.18288,1.1774,1.17976,5205.15431,5205.65282,5127.32727,5187.84755,5205.15431,5205.65282,5127.32727,5187.84755,7.6456e-07,7.6654e-07,7.606e-07,7.6155e-07,7.6456e-07,7.6654e-07,7.606e-07,7.6155e-07,92.6,92.75,91.95,92.48,6763900,92.6,92.75,91.95,92.48,6763900,646.46002,647.5,638.030029,641.63,1269200,703.0,713.81,700.16998,710.90002,588000,703.0,713.81,700.16998,710.90002,588000,65.21,65.65,66.71,63.6,498540.0,-0.32,133.845,137.50999,132.63,135.94,45100000,615.59003,615.59003,603.97998,609.23999,96178900,196.5,198.67999,194.0,197.63,5762000,196.5,198.67999,194.0,197.63,5762000,693.28003,693.29999,684.34998,689.29999,71671000,693.28003,693.29999,684.34998,689.29999,71671000,48.6,48.69,48.39,48.61,1730300,4.017,4.044,4.056,4.006,4.017,4.044,4.056,4.006
2026-02-27,67490.5,68223.07,64942.87,65859.94,1.17976,1.18263,1.17899,1.18192,5187.77974,5256.86705,5166.01681,5251.01854,5187.77974,5256.86705,5166.01681,5251.01854,7.6146e-07,7.638e-07,7.5714e-07,7.6027e-07,7.6146e-07,7.638e-07,7.5714e-07,7.6027e-07,92.67,92.81,92.25,92.37,7723500,92.67,92.81,92.25,92.37,7723500,648.090027,662.46997,647.099976,658.080017,2599900,720.0,727.28998,714.81,724.38,896400,720.0,727.28998,714.81,724.38,896400,67.02,65.35,67.83,64.85,437050.0,2.78,134.070007,138.10001,133.98,137.19,59412400,602.97998,608.32001,602.19,607.28998,68125200,198.31,202.62,197.63,202.62,8982500,198.31,202.62,197.63,202.62,8982500,683.090027,686.85999,681.64001,685.98999,83308900,683.090027,686.85999,681.64001,685.98999,83308900,48.76,48.92,48.6,48.68,2144000,3.962,4.002,4.006,3.943,3.962,4.002,4.006,3.943
2026-03-02,65771.56,70128.74,65250.12,68832.01,1.1785,1.1797,1.16731,1.1712,5277.88876,5417.76449,5267.50196,5330.94854,5277.88876,5417.76449,5267.50196,5330.94854,7.6215e-07,7.6454e-07,7.598e-07,7.6084e-07,7.6215e-07,7.6454e-07,7.598e-07,7.6084e-07,89.41,90.41,89.17,90.2,17218100,89.41,90.41,89.17,90.2,17218100,685.5,692.0,664.01001,676.70001,3246500,745.0,768.21997,739.81,768.02002,1474400,745.0,768.21997,739.81,768.02002,1474400,71.23,75.0,75.33,69.2,881330.0,6.28,140.77499,147.14,140.52,145.17,72683900,598.85999,609.91998,597.98999,608.090027,75264600,210.64999,212.82001,208.0,212.16,12485300,210.64999,212.82001,208.0,212.16,12485300,678.70001,688.62,678.02002,686.38,87477200,678.70001,688.62,678.02002,686.38,87477200,47.82,48.31,47.78,48.12,3527200,4.052,3.932,4.067,3.926,4.052,3.932,4.067,3.926
2026-03-03,68832.0,69255.36,66138.2,68335.99,1.1712,1.1713,1.15316,1.16142,5330.72524,5378.90889,4986.15049,5113.42789,5330.72524,5378.90889,4986.15049,5113.42789,7.6082e-07,7.6419e-07,7.5786e-07,7.6325e-07,7.6082e-07,7.6419e-07,7.5786e-07,7.6325e-07,84.78,87.14,83.85,86.83,29746600,84.78,87.14,83.85,86.83,29746600,682.0,686.46997,657.56,667.82001,2142100,768.84998,774.0,751.87,759.10999,1304800,768.84998,774.0,751.87,759.10999,1304800,74.56,71.23,77.98,70.41,1010000.0,4.67,142.10001,147.5,138.2,147.22,67460200,596.33002,603.96002,591.87,601.58002,97015500,213.0099945,214.5,205.57001,206.52,9661300,213.0099945,214.5,205.57001,206.52,9661300,675.059998,682.60999,669.65997,680.33002,105003100,675.059998,682.60999,669.65997,680.33002,105003100,46.3,46.97,45.91,46.76,4547000,4.057,4.033,4.117,4.031,4.057,4.033,4.117,4.031
2026-03-04,68335.99,74100.0,67391.17,72683.26,1.16141,1.16542,1.15767,1.16402,5113.69812,5203.82419,5083.87185,5136.55908,5113.69812,5203.82419,5083.87185,5136.55908,7.632e-07,7.6448e-07,7.5755e-07,7.5831e-07,7.632e-07,7.6448e-07,7.5755e-07,7.5831e-07,87.55,88.72,87.080002,88.59,14258200,87.55,88.72,87.080002,88.59,14258200,670.0,671.0,652.53998,664.47998,1650900,757.5,758.28003,737.75,753.84003,1205100,757.5,758.28003,737.75,753.84003,1205100,74.66,74.74,77.23,73.28,617820.0,0.13,148.42999,154.52,148.059998,153.19,60062200,604.15997,612.88,603.42999,610.75,70943900,207.0,209.95,204.23,208.82001,6140300,207.0,209.95,204.23,208.82001,6140300,681.63,687.090027,679.62,685.13,79182200,681.63,687.090027,679.62,685.13,79182200,47.029999,47.32,46.86,47.24,3108500,4.082,4.063,4.1,4.044,4.082,4.063,4.1,4.044
2026-03-05,72683.26,73588.24,70639.01,70887.6,1.16403,1.16469,1.1561,1.1572,5136.26707,5194.57816,5054.59315,5065.44602,5136.26707,5194.57816,5054.59315,5065.44602,7.5832e-07,7.6161e-07,7.5527e-07,7.5604e-07,7.5832e-07,7.6161e-07,7.5527e-07,7.5604e-07,86.45,86.84,84.91,85.89,18638500,86.45,86.84,84.91,85.89,18638500,662.099976,663.0,647.22998,655.0,1720100,749.64001,751.94,734.35999,740.01001,918800,749.64001,751.94,734.35999,740.01001,918800,81.01,76.15,82.16,74.97,707030.0,8.51,152.94,156.38,149.61,152.67,50714500,607.40002,612.76001,602.26001,608.90997,89602400,208.49001,210.14999,200.10001,203.86,6935600,208.49001,210.14999,200.10001,203.86,6935600,682.080017,685.53003,675.60999,681.31,106606500,682.080017,685.53003,675.60999,681.31,106606500,46.67,46.79,45.89,46.24,2962000,4.146,4.094,4.15,4.092,4.146,4.094,4.15,4.092
2026-03-06,70887.61,71428.4,67725.14,68108.24,1.15722,1.16213,1.1547,1.16032,5065.45447,5174.13733,5054.73982,5161.43884,5065.45447,5174.13733,5054.73982,5161.43884,7.5608e-07,7.6124e-07,7.5528e-07,7.5757e-07,7.5608e-07,7.6124e-07,7.5528e-07,7.5757e-07,84.38,85.2,84.12,84.77,11412100,84.38,85.2,84.12,84.77,11412100,661.65002,672.85999,656.40002,671.77002,1895100,742.27002,758.67999,738.01001,756.13,772900,742.27002,758.67999,738.01001,756.13,772900,90.9,79.08,92.61,78.24,996250.0,12.21,150.44,161.45,150.28999,157.16,74980900,600.31,606.0,598.33002,599.75,86302300,204.0099945,209.95,203.64,209.75999,8790400,204.0099945,209.95,203.64,209.75999,8790400,673.40997,676.10999,669.76001,672.38,100687000,673.40997,676.10999,669.76001,672.38,100687000,45.62,46.13,45.46,46.02,1925400,4.132,4.136,4.187,4.105,4.132,4.136,4.187,4.105
2026-03-09,65970.56,69543.0,65820.93,68432.17,1.15678,1.16302,1.15085,1.16109,5171.05327,5204.69053,5014.43471,5142.17754,5171.05327,5204.69053,5014.43471,5142.17754,7.6137e-07,7.6174e-07,7.5486e-07,7.5699e-07,7.6137e-07,7.6174e-07,7.5486e-07,7.5699e-07,83.78,85.87,82.92,85.64,20330900,83.78,85.87,82.92,85.64,20330900,675.58002,676.080017,657.34998,664.15002,2369700,763.0,765.58002,744.57001,747.34003,910400,763.0,765.58002,744.57001,747.34003,910400,91.48,91.91,113.41,79.0,749520.0,0.64,155.69,158.44,152.97,156.42999,47574200,594.22998,609.27002,591.33002,607.76001,93068200,211.75999,213.0,206.81,208.23,8626400,211.75999,213.0,206.81,208.23,8626400,666.39001,679.91998,662.39001,678.27002,102667700,666.39001,679.91998,662.39001,678.27002,102667700,45.22,46.45,45.09,46.29,2892300,4.134,4.193,4.216,4.094,4.134,4.193,4.216,4.094
2026-03-10,68432.16,71800.0,68383.5,69960.83,1.16111,1.16684,1.16079,1.16146,5141.93524,5237.80436,5122.45155,5197.99865,5141.93524,5237.80436,5122.45155,5197.99865,7.5695e-07,7.5847e-07,7.5589e-07,7.5651e-07,7.5695e-07,7.5847e-07,7.5589e-07,7.5651e-07,86.5,88.14,85.86,86.46,12730100,86.5,88.14,85.86,86.46,12730100,657.95001,659.89001,646.20001,651.21997,1653000,738.0,744.96997,730.19,734.97998,642000,738.0,744.96997,730.19,734.97998,642000,82.1,83.0,88.49,75.64,546030.0,-10.25,155.99001,156.657,150.14,151.14,47501400,607.78003,613.28998,605.41998,607.77002,64078900,206.36,208.47,205.28,207.0,4140600,206.36,208.47,205.28,207.0,4140600,677.71997,683.35999,674.76001,677.17999,81505300,677.71997,683.35999,674.76001,677.17999,81505300,46.66,46.99,46.35,46.41,3371200,4.136,4.109,4.16,4.086,4.136,4.109,4.16,4.086
2026-03-11,69960.83,71358.48,68980.74,70208.0,1.16145,1.16426,1.15637,1.15735,5198.01685,5223.2619,5158.04347,5183.31222,5198.01685,5223.2619,5158.04347,5183.31222,7.5653e-07,7.5783e-07,7.544e-07,7.5546e-07,7.5653e-07,7.5783e-07,7.544e-07,7.5546e-07,85.3,86.18,84.99,85.73,8068300,85.3,86.18,84.99,85.73,8068300,645.32001,657.0,644.13,649.46997,1364000,730.73999,742.099976,728.57001,733.17999,622200,730.73999,742.099976,728.57001,733.17999,622200,86.07,85.11,87.32,80.6,401370.0,4.84,151.38,153.16901,149.33,151.60001,33955900,608.95001,612.42999,605.030029,607.69,60114800,205.66,209.39,204.7,207.25999,4416200,205.66,209.39,204.7,207.25999,4416200,677.58002,680.080017,673.34003,676.33002,68441700,677.58002,680.080017,673.34003,676.33002,68441700,46.11,46.43,45.98,46.31,2673100,4.206,4.16,4.234,4.138,4.206,4.16,4.234,4.138
2026-03-12,70208.03,70819.84,69180.01,70531.56,1.15734,1.15754,1.15113,1.15159,5183.22388,5191.16983,5081.35272,5083.42129,5183.22388,5191.16983,5081.35272,5083.42129,7.5548e-07,7.605e-07,7.5409e-07,7.5846e-07,7.5548e-07,7.605e-07,7.5409e-07,7.5846e-07,84.82,84.92,83.76,84.19,13356700,84.82,84.92,83.76,84.19,13356700,651.95001,661.0,646.63,652.83002,1411200,736.44,746.17999,726.58002,736.29999,753200,736.44,746.17999,726.58002,736.29999,753200,94.43,87.46,95.68,87.18,448290.0,9.71,153.0099945,155.88,150.98,153.5,54409800,602.76001,604.14001,597.049988,597.26001,71836600,206.17999,206.77,201.84,203.039993,6400900,206.17999,206.77,201.84,203.039993,6400900,671.15997,671.65002,665.87,666.059998,108882200,671.15997,671.65002,665.87,666.059998,108882200,46.0,46.09,45.66,45.88,3431200,4.273,4.247,4.277,4.21,4.273,4.247,4.277,4.21
2026-03-13,70530.02,73968.0,70398.01,70944.33,1.15157,1.15292,1.14206,1.14224,5083.57604,5127.98504,5003.47363,5020.31894,5083.57604,5127.98504,5003.47363,5020.31894,7.5845e-07,7.6017e-07,7.5602e-07,7.5699e-07,7.5845e-07,7.6017e-07,7.5602e-07,7.5699e-07,84.53,84.79,83.21,83.36,10036500,84.53,84.79,83.21,83.36,10036500,652.66998,660.0,640.5,646.0,1071300,739.95001,746.89001,728.34003,733.71002,481900,739.95001,746.89001,728.34003,733.71002,481900,96.84,95.52,97.31,91.09,307930.0,2.55,153.3,154.56,148.58,150.95,42460600,599.72998,603.59998,592.57001,593.71997,63145500,204.46001,206.28999,201.89999,204.52,4806800,204.46001,206.28999,201.89999,204.52,4806800,669.27002,672.34003,661.35999,662.28998,97200200,669.27002,672.34003,661.35999,662.28998,97200200,45.77,46.029999,45.25,45.33,2319500,4.285,4.261,4.29,4.234,4.285,4.261,4.29,4.234
2026-03-16,72830.01,74913.69,72276.24,74886.47,1.14234,1.15237,1.14146,1.15071,5019.68973,5036.81037,4966.61001,5012.64443,5019.68973,5036.81037,4966.61001,5012.64443,7.5728e-07,7.5921e-07,7.5568e-07,7.5818e-07,7.5728e-07,7.5921e-07,7.5568e-07,7.5818e-07,84.58,85.32,84.52,85.07,6784700,84.58,85.32,84.52,85.07,6784700,645.22998,651.54999,639.0,645.20001,1181000,733.53003,737.40002,726.16998,735.96002,604600,733.53003,737.40002,726.16998,735.96002,604600,93.5,100.93,102.44,92.93,455450.0,-3.45,152.45,153.86,151.17,152.72,32898900,600.039978,603.85999,599.10999,600.38,49077200,204.71001,208.89999,204.61,206.059998,4795600,204.71001,208.89999,204.61,206.059998,4795600,668.38,672.070007,667.12,669.030029,82023100,668.38,672.070007,667.12,669.030029,82023100,45.87,46.18,45.83,46.11,2819800,4.22,4.261,4.273,4.218,4.22,4.261,4.273,4.218
2026-03-17,74886.46,76022.6,73400.01,73934.11,1.15074,1.15475,1.1468,1.15348,5012.46151,5042.92294,4978.14194,4998.9783,5012.46151,5042.92294,4978.14194,4998.9783,7.5817e-07,7.6105e-07,7.5718e-07,7.6049e-07,7.5817e-07,7.6105e-07,7.5718e-07,7.6049e-07,85.57,85.64,84.86,85.080002,5197800,85.57,85.64,84.86,85.080002,5197800,644.96002,645.0,632.78998,636.33002,1388800,734.44,736.87,720.79999,724.030029,764400,734.44,736.87,720.79999,724.030029,764400,96.21,94.41,98.42,93.83,308430.0,2.9,152.405,156.75,152.12,155.080002,37118500,603.14001,605.90002,601.87,603.31,47106600,205.81,206.67,200.71001,203.33,3990800,205.81,206.67,200.71001,203.33,3990800,672.39001,674.44,669.70001,670.78998,87128000,672.39001,674.44,669.70001,670.78998,87128000,46.42,46.61,46.28,46.3,2164600,4.202,4.228,4.249,4.189,4.202,4.228,4.249,4.189
2026-03-18,73934.11,74700.0,70474.83,71245.02,1.1535,1.1554,1.14693,1.14696,4998.63708,5016.82098,4837.58291,4841.92773,4998.63708,5016.82098,4837.58291,4841.92773,7.6047e-07,7.6133e-07,7.5879e-07,7.5879e-07,7.6047e-07,7.6133e-07,7.5879e-07,7.5879e-07,84.7,85.14,84.050003,84.15,8642600,84.7,85.14,84.050003,84.15,8642600,641.10999,645.84998,636.45001,642.28003,1026200,729.98999,731.17999,720.0,724.84003,545500,729.98999,731.17999,720.0,724.84003,545500,96.32,96.0,100.55,91.96,157220.0,0.11,154.94501,156.69,152.61,152.77,32476700,601.48999,603.15997,594.56,594.90002,56128000,204.31,207.3,204.029999,204.56,3512900,204.31,207.3,204.029999,204.56,3512900,668.35999,669.71997,661.19,661.42999,82062600,668.35999,669.71997,661.19,661.42999,82062600,45.99,46.13,45.35,45.38,3060400,4.257,4.206,4.271,4.169,4.257,4.206,4.271,4.169
2026-03-19,71245.01,71628.0,68772.78,69918.3,1.14695,1.16164,1.14437,1.15802,4842.10656,4868.11576,4514.89843,4637.62973,4842.10656,4868.11576,4514.89843,4637.62973,7.5877e-07,7.6279e-07,7.5717e-07,7.6143e-07,7.5877e-07,7.6279e-07,7.5717e-07,7.6143e-07,82.26,84.48,82.14,84.080002,8664700,82.26,84.48,82.14,84.080002,8664700,639.059998,640.0,623.75,637.51001,1540800,719.080017,728.0,707.01001,714.15002,849700,719.080017,728.0,707.01001,714.15002,849700,96.14,99.13,101.48,92.8,118720.0,-0.19,153.10001,156.14999,150.5,155.67999,33915900,589.51001,595.79999,587.080017,593.02002,75597600,203.33,203.38,197.020004,200.73,5329600,203.33,203.38,197.020004,200.73,5329600,656.96997,662.97998,655.16998,659.79999,111272500,656.96997,662.97998,655.16998,659.79999,111272500,44.51,45.36,44.51,45.11,2148400,4.283,4.273,4.328,4.238,4.283,4.273,4.328,4.238
2026-03-20,69917.19,71384.62,69360.0,70497.01,1.158,1.15975,1.15257,1.15578,4637.58944,4736.02113,4475.36646,4500.6531,4637.58944,4736.02113,4475.36646,4500.6531,7.614e-07,7.6263e-07,7.5884e-07,7.6063e-07,7.614e-07,7.6263e-07,7.5884e-07,7.6063e-07,83.87,83.91,80.85,81.2,19746900,83.87,83.91,80.85,81.2,19746900,635.85999,638.51001,622.37,627.42999,6511300,714.71997,717.34003,701.0,706.95001,1718000,714.71997,717.34003,701.0,706.95001,1718000,98.32,95.0,99.67,93.42,33110.0,2.27,155.2,156.64999,149.089996,150.67999,48700200,591.059998,591.16998,578.53998,582.059998,91964700,201.25999,202.029999,196.49001,198.16,8463900,201.25999,202.029999,196.49001,198.16,8463900,656.51001,656.69,644.71997,648.57001,163617500,656.51001,656.69,644.71997,648.57001,163617500,44.98,45.060001,43.59,43.85,6815700,4.392,4.281,4.393,4.267,4.392,4.281,4.393,4.267
2026-03-23,67844.94,71811.0,67425.0,70874.23,1.15452,1.16393,1.14832,1.16148,4497.4395,4532.22948,4104.81533,4400.00688,4497.4395,4532.22948,4104.81533,4400.00688,7.6088e-07,7.6318e-07,7.5806e-07,7.5892e-07,7.6088e-07,7.6318e-07,7.5806e-07,7.5892e-07,83.57,84.6,82.73,83.55,17234500,83.57,84.6,82.73,83.55,17234500,629.070007,629.65997,610.63,616.25,1386600,705.84998,706.72998,678.75,680.0,1225900,705.84998,706.72998,678.75,680.0,1225900,88.13,100.51,101.67,84.37,666790.0,-10.36,153.24001,161.080002,153.24001,160.84,57507100,590.52002,595.080017,585.96002,588.0,89936100,197.17,199.75,194.46001,194.82001,4927300,197.17,199.75,194.46001,194.82001,4927300,658.070007,662.62,653.94,655.38,134802700,658.070007,662.62,653.94,655.38,134802700,44.43,45.040001,44.17,44.56,3337100,4.336,4.407,4.445,4.305,4.336,4.407,4.445,4.305
2026-03-24,70874.22,71389.0,68889.0,70533.49,1.16146,1.16177,1.15595,1.15855,4399.37578,4448.78875,4310.39454,4399.4287,4399.37578,4448.78875,4310.39454,4399.4287,7.5892e-07,7.6332e-07,7.5781e-07,7.6218e-07,7.5892e-07,7.6332e-07,7.5781e-07,7.6218e-07,82.9,83.87,82.63,83.28,7210300,82.9,83.87,82.63,83.28,7210300,612.95001,615.29999,605.0,610.16998,1078200,670.0,689.28998,668.20001,682.15997,730600,670.0,689.28998,668.20001,682.15997,730600,92.35,88.78,93.36,86.34,420070.0,4.79,160.070007,162.39999,151.64,154.78,56155700,584.81,587.92999,581.92999,583.97998,57750900,192.22,195.14,191.17999,194.0,5136000,192.22,195.14,191.17999,194.0,5136000,651.32001,657.030029,649.88,653.17999,96457500,651.32001,657.030029,649.88,653.17999,96457500,44.02,44.64,43.96,44.4,2239600,4.392,4.338,4.427,4.334,4.392,4.338,4.427,4.334
2026-03-25,70533.48,72030.29,70357.1,71301.53,1.15854,1.163,1.15553,1.15625,4399.59355,4602.63009,4396.84803,4531.47513,4399.59355,4602.63009,4396.84803,4531.47513,7.6212e-07,7.6506e-07,7.5964e-07,7.6249e-07,7.6212e-07,7.6506e-07,7.5964e-07,7.6249e-07,84.97,85.24,84.35,84.75,7553500,84.97,85.24,84.35,84.75,7553500,612.5,626.92999,612.41998,624.20001,1190300,685.47998,692.78998,681.79999,691.21002,579500,685.47998,692.78998,681.79999,691.21002,579500,90.32,88.49,91.73,86.46,405170.0,-2.2,157.42,160.27,154.855,154.96001,38543300,589.14001,591.37,585.69,587.82001,60475500,196.050003,196.67,194.050003,195.0,4057300,196.050003,196.67,194.050003,195.0,4057300,658.66998,660.89001,654.23999,656.82001,90653800,658.66998,660.89001,654.23999,656.82001,90653800,45.12,45.29,44.8,45.14,2411300,4.328,4.35,4.36,4.306,4.328,4.35,4.36,4.306
2026-03-26,71301.52,71414.33,68102.36,68769.02,1.15624,1.15727,1.15225,1.15227,4531.38161,4546.06827,4358.34529,4362.63551,4531.38161,4546.06827,4358.34529,4362.63551,7.6252e-07,7.6297e-07,7.6054e-07,7.6083e-07,7.6252e-07,7.6297e-07,7.6054e-07,7.6083e-07,83.64,84.28,82.66,82.71,5883000,83.64,84.28,82.66,82.71,5883000,619.79999,632.91998,619.79999,627.33002,1262400,689.65002,696.92999,687.47998,691.98999,543100,689.65002,696.92999,687.47998,691.98999,543100,94.48,91.38,95.44,89.51,350770.0,4.61,153.054993,153.12,147.25,147.56,43038400,582.59998,584.63,573.42999,573.78998,81492100,194.31,194.31,191.38,192.85001,4871900,194.31,194.31,191.38,192.85001,4871900,652.059998,654.84998,644.82001,645.090027,96494400,652.059998,654.84998,644.82001,645.090027,96494400,44.5,44.84,44.19,44.22,1912300,4.416,4.342,4.428,4.338,4.416,4.342,4.428,4.338
2026-03-27,68769.02,69128.75,65498.75,66353.34,1.15225,1.15491,1.1502,1.1518,4362.52539,4550.97345,4352.84304,4514.84071,4362.52539,4550.97345,4352.84304,4514.84071,7.6076e-07,7.617e-07,7.5995e-07,7.6042e-07,7.6076e-07,7.617e-07,7.5995e-07,7.6042e-07,82.19,82.53,81.19,81.43,14066600,82.19,82.53,81.19,81.43,14066600,625.70001,631.45001,613.65997,615.84003,1061100,692.26001,693.84998,677.96002,679.0,581800,692.26001,693.84998,677.96002,679.0,581800,99.64,93.31,101.24,92.08,374920.0,5.46,145.88,145.96001,141.56,143.059998,35790800,570.81,571.02002,561.57001,562.58002,82702200,192.41,193.11,189.46001,189.71001,3864500,192.41,193.11,189.46001,189.71001,3864500,642.5,642.65997,633.10999,634.090027,103649400,642.5,642.65997,633.10999,634.090027,103649400,44.099998,44.54,43.99,44.12,1350100,4.44,4.408,4.484,4.402,4.44,4.408,4.484,4.402
2026-03-30,65957.95,68129.33,65736.63,66737.18,1.15005,1.1521,1.14451,1.14592,4507.70172,4579.18712,4420.32741,4513.40774,4507.70172,4579.18712,4420.32741,4513.40774,7.5976e-07,7.6064e-07,7.5812e-07,7.6012e-07,7.5976e-07,7.6064e-07,7.5812e-07,7.6012e-07,82.65,82.75,81.35,81.52,11806500,82.65,82.75,81.35,81.52,11806500,621.030029,623.32001,593.88,598.57001,1849300,689.039978,693.01001,663.92999,671.59003,927300,689.039978,693.01001,663.92999,671.59003,927300,102.88,102.6,105.36,99.43,374080.0,3.25,143.27,144.12,136.3,137.55,41289800,567.38,568.049988,555.59998,558.28003,70602600,192.49001,193.0,185.57001,187.14999,5043800,192.49001,193.0,185.57001,187.14999,5043800,640.10999,640.37,629.28003,631.96997,99275900,640.10999,640.37,629.28003,631.96997,99275900,44.62,44.83,44.29,44.44,1136500,4.342,4.416,4.424,4.324,4.342,4.416,4.424,4.324
2026-03-31,66737.08,68518.1,65924.82,68221.85,1.1459,1.15593,1.14496,1.15593,4513.5833,4684.74132,4486.81893,4683.73771,4513.5833,4684.74132,4486.81893,4683.73771,7.6021e-07,7.6152e-07,7.5798e-07,7.6048e-07,7.6021e-07,7.6152e-07,7.5798e-07,7.6048e-07,82.45,84.49,82.17,84.44,12647200,82.45,84.49,82.17,84.44,12647200,604.5,610.0,598.70001,604.39001,1327800,679.85999,685.52002,667.28003,682.23999,551200,679.85999,685.52002,667.28003,682.23999,551200,101.38,105.07,106.86,99.62,495400.0,-1.46,140.020004,147.86,138.97,146.28,45558600,564.28998,578.64001,564.21002,577.17999,95878000,189.14,193.44,187.58,192.89999,5318500,189.14,193.44,187.58,192.89999,5318500,638.94,651.53998,637.97998,650.34003,152534100,638.94,651.53998,637.97998,650.34003,152534100,45.25,45.58,44.81,45.56,2621600,4.311,4.35,4.36,4.285,4.311,4.35,4.36,4.285
2026-04-01,68221.84,69285.99,67525.59,68112.35,1.15591,1.1626,1.15522,1.15851,4683.78257,4792.52135,4657.92829,4768.03194,4683.78257,4792.52135,4657.92829,4768.03194,7.6038e-07,7.6363e-07,7.5528e-07,7.5764e-07,7.6038e-07,7.6363e-07,7.5528e-07,7.5764e-07,86.66,87.36,86.27,86.48,14766000,86.66,87.36,86.27,86.48,14766000,608.82001,619.099976,606.10999,617.64001,1118100,689.34003,702.17999,684.75,697.0,551300,689.34003,702.17999,684.75,697.0,551300,100.12,101.72,103.31,96.5,434560.0,-1.24,147.0,148.3,144.47,146.49001,34171000,581.47998,587.73999,580.41998,584.31,79435100,194.47,196.64,193.55,194.72,4127200,194.47,196.64,193.55,194.72,4127200,653.90002,658.52002,653.0,655.23999,97841500,653.90002,658.52002,653.0,655.23999,97841500,46.07,46.44,45.83,46.35,1713000,4.321,4.309,4.334,4.259,4.321,4.309,4.334,4.259
2026-04-02,68112.34,68652.0,65696.96,66894.48,1.15849,1.15995,1.15093,1.15349,4767.94778,4798.53894,4555.06888,4675.33535,4767.94778,4798.53894,4555.06888,4675.33535,7.5768e-07,7.6156e-07,7.5452e-07,7.5968e-07,7.5768e-07,7.6156e-07,7.5452e-07,7.5968e-07,83.98,85.84,83.74,85.29,6422100,83.98,85.84,83.74,85.29,6422100,616.70001,626.51001,616.01001,622.78998,1116800,700.70001,708.54999,698.19,702.5,613000,700.70001,708.54999,698.19,702.5,613000,111.54,98.92,113.97,97.5,552460.0,11.41,143.485,148.50999,137.99001,148.46001,30437000,573.96997,586.049988,571.91998,584.97998,50941700,195.080002,197.44,193.63,196.21001,4113900,195.080002,197.44,193.63,196.21001,4113900,646.41998,658.20001,645.10999,655.83002,68358700,646.41998,658.20001,645.10999,655.83002,68358700,45.56,46.37,45.53,46.23,1805200,4.313,4.323,4.386,4.287,4.313,4.323,4.386,4.287
2026-04-06,69005.0,70378.48,68332.0,68853.61,1.15199,1.15702,1.15066,1.15432,4676.41981,4705.73244,4598.01008,4649.76527,4676.41981,4705.73244,4598.01008,4649.76527,7.5968e-07,7.6157e-07,7.5895e-07,7.6071e-07,7.5968e-07,7.6157e-07,7.5895e-07,7.6071e-07,85.050003,85.75,85.050003,85.57,3819800,85.050003,85.75,85.050003,85.57,3819800,623.10999,637.91998,621.37,637.90002,1128800,701.0,703.059998,687.95001,695.78998,792500,701.0,703.059998,687.95001,695.78998,792500,112.41,112.96,115.48,108.89,271740.0,0.78,148.36,150.61,146.631,147.92999,25142200,586.22998,590.60999,584.69,588.5,35108500,196.23,198.63,195.0,198.41,2314900,196.23,198.63,195.0,198.41,2314900,655.85999,659.71997,655.52002,658.92999,39105800,655.85999,659.71997,655.52002,658.92999,39105800,46.3,46.5,46.24,46.42,1357100,4.335,4.362,4.368,4.317,4.335,4.362,4.368,4.317
2026-04-07,68853.6,72753.97,67710.01,71910.2,1.1543,1.16044,1.15261,1.15976,4649.66027,4719.86105,4604.80231,4706.39311,4649.66027,4719.86105,4604.80231,4706.39311,7.6071e-07,7.6279e-07,7.5966e-07,7.6221e-07,7.6071e-07,7.6279e-07,7.5966e-07,7.6221e-07,84.88,85.7,83.82,85.51,17552100,84.88,85.7,83.82,85.51,17552100,635.59998,636.79999,625.82001,627.70001,732100,690.14001,696.78998,686.39001,690.5,608500,690.14001,696.78998,686.39001,690.5,608500,112.95,112.62,117.63,109.2,429330.0,0.48,146.882,150.27,144.45,150.070007,28671100,585.64001,588.97998,578.40002,588.59003,49948200,197.41,198.14999,195.50999,197.92,3037500,197.41,198.14999,195.50999,197.92,3037500,656.65002,659.60999,651.059998,659.21997,69980400,656.65002,659.60999,651.059998,659.21997,69980400,46.060001,46.4,45.75,46.32,1983300,4.343,4.335,4.38,4.297,4.343,4.335,4.38,4.297
2026-04-08,71910.21,72861.38,70684.65,71085.99,1.15976,1.17208,1.15948,1.16627,4706.29881,4855.11363,4700.18732,4719.47769,4706.29881,4855.11363,4700.18732,4719.47769,7.6223e-07,7.6265e-07,7.5788e-07,7.6017e-07,7.6223e-07,7.6265e-07,7.5788e-07,7.6017e-07,89.82,89.99,88.83,89.41,14590400,89.82,89.99,88.83,89.41,14590400,612.27002,630.66998,605.5,628.5,1283400,677.46997,690.78998,673.5,687.46997,1300700,677.46997,690.78998,673.5,687.46997,1300700,94.41,108.74,109.19,91.05,599580.0,-16.41,154.765,156.28,139.17,140.75999,64827700,608.71002,609.90002,602.12,606.090027,63086000,198.60001,203.8,198.42,203.48,4455800,198.60001,203.8,198.42,203.48,4455800,676.39001,677.080017,671.46002,676.01001,93606100,676.39001,677.080017,671.46002,676.01001,93606100,47.83,47.94,47.45,47.82,5252900,4.291,4.261,4.305,4.23,4.291,4.261,4.305,4.23
2026-04-09,71083.99,73147.81,70468.74,71798.01,1.16625,1.17231,1.16511,1.16993,4719.63631,4800.71915,4696.30581,4766.56409,4719.63631,4800.71915,4696.30581,4766.56409,7.6023e-07,7.6103e-07,7.5861e-07,7.6016e-07,7.6023e-07,7.6103e-07,7.5861e-07,7.6016e-07,87.29,88.77,86.99,88.22,7395900,87.29,88.77,86.99,88.22,7395900,627.98999,636.88,623.090027,623.87,911100,689.70001,698.53003,685.0,690.57001,777200,689.70001,698.53003,685.0,690.57001,777200,97.87,96.78,102.7,95.25,427200.0,3.66,139.395,139.53999,128.47,130.49001,92361400,605.92999,610.5,603.030029,610.19,37837500,203.22,205.36,202.61,203.19,2789700,203.22,205.36,202.61,203.19,2789700,674.84003,681.15997,673.77002,679.90997,57134400,674.84003,681.15997,673.77002,679.90997,57134400,47.45,47.88,47.31,47.64,987100,4.293,4.291,4.321,4.26,4.293,4.291,4.321,4.26
2026-04-10,71798.01,73477.87,71431.55,72997.88,1.16989,1.17393,1.1678,1.17259,4766.49515,4795.33901,4732.48466,4749.58009,4766.49515,4795.33901,4732.48466,4749.58009,7.6015e-07,7.6138e-07,7.5979e-07,7.6067e-07,7.6015e-07,7.6138e-07,7.5979e-07,7.6067e-07,88.18,88.38,87.79,88.13,4469600,88.18,88.38,87.79,88.13,4469600,619.28003,621.70001,607.15997,613.71997,874000,685.34003,687.0,665.0,673.72998,499800,685.34003,687.0,665.0,673.72998,499800,96.57,98.23,100.42,95.51,314860.0,-1.33,128.48,129.2,122.68,128.059998,116656800,611.84003,613.66998,609.58002,611.070007,34038500,202.82001,202.82001,197.78999,201.56,3151900,202.82001,202.82001,197.78999,201.56,3151900,681.32001,682.030029,678.45001,679.46002,42253500,681.32001,682.030029,678.45001,679.46002,42253500,47.9,47.9,47.56,47.67,860600,4.317,4.285,4.323,4.275,4.317,4.285,4.323,4.275
2026-04-13,70755.35,74936.9,70576.27,74446.0,1.1688,1.17654,1.16652,1.17595,4750.43695,4752.99783,4643.55787,4740.74803,4750.43695,4752.99783,4643.55787,4740.74803,7.6061e-07,7.6286e-07,7.5919e-07,7.6129e-07,7.6061e-07,7.6286e-07,7.5919e-07,7.6129e-07,86.78,88.395,86.6,88.35,9468592,86.78,88.395,86.6,88.35,9468592,617.87,622.51001,615.15997,619.69,677133,677.71997,683.86902,677.01001,681.31,511885,677.71997,683.86902,677.01001,681.31,511885,96.57,102.0,105.18,96.07,6490.0,-7.79,130.23,134.41991,129.14999,132.37,65288149,609.56,617.96002,608.10999,617.39001,32287760,201.75,202.99001,200.1575,201.41,3426695,201.75,202.99001,200.1575,201.41,3426695,677.40997,686.29498,676.58002,686.099976,53737879,677.40997,686.29498,676.58002,686.099976,53737879,47.45,47.91,47.43,47.86,2672406,4.297,4.359,4.363,4.289,4.297,4.359,4.363,4.289
